/Users/reimurase/Library/CloudStorage/GoogleDrive-cy23247@shibaura-it.ac.jp/マイドライブ/練習動画/コーチング(beta)/2025 7 4 優吾さんコーチング/2025-07-04_優吾さんコーチング_01.MOV,/Users/reimurase/Library/CloudStorage/GoogleDrive-cy23247@shibaura-it.ac.jp/マイドライブ/練習動画/コーチング(beta)/2025 7 4 優吾さんコーチング/IMG_6040.MOV
/Users/reimurase/Library/CloudStorage/GoogleDrive-cy23247@shibaura-it.ac.jp/マイドライブ/練習動画/コーチング(beta)/2025 7 4 優吾さんコーチング/2025-07-04_優吾さんコーチング_02.MOV,/Users/reimurase/Library/CloudStorage/GoogleDrive-cy23247@shibaura-it.ac.jp/マイドライブ/練習動画/コーチング(beta)/2025 7 4 優吾さんコーチング/IMG_6041.MOV
/Users/reimurase/Library/CloudStorage/GoogleDrive-cy23247@shibaura-it.ac.jp/マイドライブ/練習動画/コーチング(beta)/2025 7 4 優吾さんコーチング/2025-07-04_優吾さんコーチング_03.MOV,/Users/reimurase/Library/CloudStorage/GoogleDrive-cy23247@shibaura-it.ac.jp/マイドライブ/練習動画/コーチング(beta)/2025 7 4 優吾さんコーチング/IMG_6044.MOV
/Users/reimurase/Library/CloudStorage/GoogleDrive-cy23247@shibaura-it.ac.jp/マイドライブ/練習動画/コーチング(beta)/2025 7 4 優吾さんコーチング/2025-07-04_優吾さんコーチング_04.MOV,/Users/reimurase/Library/CloudStorage/GoogleDrive-cy23247@shibaura-it.ac.jp/マイドライブ/練習動画/コーチング(beta)/2025 7 4 優吾さんコーチング/IMG_6045.MOV
/Users/reimurase/Library/CloudStorage/GoogleDrive-cy23247@shibaura-it.ac.jp/マイドライブ/練習動画/コーチング(beta)/2025 7 4 優吾さんコーチング/2025-07-04_優吾さんコーチング_05.MOV,/Users/reimurase/Library/CloudStorage/GoogleDrive-cy23247@shibaura-it.ac.jp/マイドライブ/練習動画/コーチング(beta)/2025 7 4 優吾さんコーチング/IMG_6046.MOV
/Users/reimurase/Library/CloudStorage/GoogleDrive-cy23247@shibaura-it.ac.jp/マイドライブ/練習動画/コーチング(beta)/2025 7 4 優吾さんコーチング/2025-07-04_優吾さんコーチング_06.MOV,/Users/reimurase/Library/CloudStorage/GoogleDrive-cy23247@shibaura-it.ac.jp/マイドライブ/練習動画/コーチング(beta)/2025 7 4 優吾さんコーチング/IMG_6048.MOV
/Users/reimurase/Library/CloudStorage/GoogleDrive-cy23247@shibaura-it.ac.jp/マイドライブ/練習動画/コーチング(beta)/2025 7 4 優吾さんコーチング/2025-07-04_優吾さんコーチング_07.MOV,/Users/reimurase/Library/CloudStorage/GoogleDrive-cy23247@shibaura-it.ac.jp/マイドライブ/練習動画/コーチング(beta)/2025 7 4 優吾さんコーチング/IMG_6049.MOV
/Users/reimurase/Library/CloudStorage/GoogleDrive-cy23247@shibaura-it.ac.jp/マイドライブ/練習動画/コーチング(beta)/2025 7 4 優吾さんコーチング/2025-07-04_優吾さんコーチング_08.MOV,/Users/reimurase/Library/CloudStorage/GoogleDrive-cy23247@shibaura-it.ac.jp/マイドライブ/練習動画/コーチング(beta)/2025 7 4 優吾さんコーチング/IMG_6050.MOV
/Users/reimurase/Library/CloudStorage/GoogleDrive-cy23247@shibaura-it.ac.jp/マイドライブ/練習動画/コーチング(beta)/2025 7 4 優吾さんコーチング/2025-07-04_優吾さんコーチング_09.MOV,/Users/reimurase/Library/CloudStorage/GoogleDrive-cy23247@shibaura-it.ac.jp/マイドライブ/練習動画/コーチング(beta)/2025 7 4 優吾さんコーチング/IMG_6051.MOV
/Users/reimurase/Library/CloudStorage/GoogleDrive-cy23247@shibaura-it.ac.jp/マイドライブ/練習動画/コーチング(beta)/2025 7 4 優吾さんコーチング/2025-07-04_優吾さんコーチング_10.MOV,/Users/reimurase/Library/CloudStorage/GoogleDrive-cy23247@shibaura-it.ac.jp/マイドライブ/練習動画/コーチング(beta)/2025 7 4 優吾さんコーチング/IMG_6052.MOV
/Users/reimurase/Library/CloudStorage/GoogleDrive-cy23247@shibaura-it.ac.jp/マイドライブ/練習動画/コーチング(beta)/2025 7 4 優吾さんコーチング/2025-07-04_優吾さんコーチング_11.MOV,/Users/reimurase/Library/CloudStorage/GoogleDrive-cy23247@shibaura-it.ac.jp/マイドライブ/練習動画/コーチング(beta)/2025 7 4 優吾さんコーチング/IMG_6053.MOV
/Users/reimurase/Library/CloudStorage/GoogleDrive-cy23247@shibaura-it.ac.jp/マイドライブ/練習動画/コーチング(beta)/2025 7 4 優吾さんコーチング/2025-07-04_優吾さんコーチング_12.MOV,/Users/reimurase/Library/CloudStorage/GoogleDrive-cy23247@shibaura-it.ac.jp/マイドライブ/練習動画/コーチング(beta)/2025 7 4 優吾さんコーチング/IMG_6054.MOV
/Users/reimurase/Library/CloudStorage/GoogleDrive-cy23247@shibaura-it.ac.jp/マイドライブ/練習動画/コーチング(beta)/2025 7 4 優吾さんコーチング/2025-07-04_優吾さんコーチング_13.MOV,/Users/reimurase/Library/CloudStorage/GoogleDrive-cy23247@shibaura-it.ac.jp/マイドライブ/練習動画/コーチング(beta)/2025 7 4 優吾さんコーチング/IMG_6055.MOV
/Users/reimurase/Library/CloudStorage/GoogleDrive-cy23247@shibaura-it.ac.jp/マイドライブ/練習動画/コーチング(beta)/2025 7 4 優吾さんコーチング/2025-07-04_優吾さんコーチング_14.MOV,/Users/reimurase/Library/CloudStorage/GoogleDrive-cy23247@shibaura-it.ac.jp/マイドライブ/練習動画/コーチング(beta)/2025 7 4 優吾さんコーチング/IMG_3110.MOV
/Users/reimurase/Library/CloudStorage/GoogleDrive-cy23247@shibaura-it.ac.jp/マイドライブ/練習動画/コーチング(beta)/2025 7 4 優吾さんコーチング/2025-07-04_優吾さんコーチング_15.MOV,/Users/reimurase/Library/CloudStorage/GoogleDrive-cy23247@shibaura-it.ac.jp/マイドライブ/練習動画/コーチング(beta)/2025 7 4 優吾さんコーチング/IMG_1579.MOV
/Users/reimurase/Library/CloudStorage/GoogleDrive-cy23247@shibaura-it.ac.jp/マイドライブ/練習動画/コーチング(beta)/2025 7 4 優吾さんコーチング/2025-07-04_優吾さんコーチング_16.MOV,/Users/reimurase/Library/CloudStorage/GoogleDrive-cy23247@shibaura-it.ac.jp/マイドライブ/練習動画/コーチング(beta)/2025 7 4 優吾さんコーチング/IMG_1580.MOV
/Users/reimurase/Library/CloudStorage/GoogleDrive-cy23247@shibaura-it.ac.jp/マイドライブ/練習動画/コーチング(beta)/2025 7 4 優吾さんコーチング/2025-07-04_優吾さんコーチング_17.MOV,/Users/reimurase/Library/CloudStorage/GoogleDrive-cy23247@shibaura-it.ac.jp/マイドライブ/練習動画/コーチング(beta)/2025 7 4 優吾さんコーチング/IMG_1583.MOV
/Users/reimurase/Library/CloudStorage/GoogleDrive-cy23247@shibaura-it.ac.jp/マイドライブ/練習動画/コーチング(beta)/2025 7 4 優吾さんコーチング/2025-07-04_優吾さんコーチング_18.MOV,/Users/reimurase/Library/CloudStorage/GoogleDrive-cy23247@shibaura-it.ac.jp/マイドライブ/練習動画/コーチング(beta)/2025 7 4 優吾さんコーチング/IMG_8049.MOV
/Users/reimurase/Library/CloudStorage/GoogleDrive-cy23247@shibaura-it.ac.jp/マイドライブ/練習動画/コーチング(beta)/2025 7 4 優吾さんコーチング/2025-07-04_優吾さんコーチング_19.MOV,/Users/reimurase/Library/CloudStorage/GoogleDrive-cy23247@shibaura-it.ac.jp/マイドライブ/練習動画/コーチング(beta)/2025 7 4 優吾さんコーチング/IMG_8050.MOV
/Users/reimurase/Library/CloudStorage/GoogleDrive-cy23247@shibaura-it.ac.jp/マイドライブ/練習動画/コーチング(beta)/2025 7 4 優吾さんコーチング/2025-07-04_優吾さんコーチング_20.MOV,/Users/reimurase/Library/CloudStorage/GoogleDrive-cy23247@shibaura-it.ac.jp/マイドライブ/練習動画/コーチング(beta)/2025 7 4 優吾さんコーチング/IMG_8051.MOV
/Users/reimurase/Library/CloudStorage/GoogleDrive-cy23247@shibaura-it.ac.jp/マイドライブ/練習動画/コーチング(beta)/2025 7 4 優吾さんコーチング/2025-07-04_優吾さんコーチング_21.MOV,/Users/reimurase/Library/CloudStorage/GoogleDrive-cy23247@shibaura-it.ac.jp/マイドライブ/練習動画/コーチング(beta)/2025 7 4 優吾さんコーチング/IMG_8052.MOV
/Users/reimurase/Library/CloudStorage/GoogleDrive-cy23247@shibaura-it.ac.jp/マイドライブ/練習動画/コーチング(beta)/2025 7 4 優吾さんコーチング/2025-07-04_優吾さんコーチング_22.mov,/Users/reimurase/Library/CloudStorage/GoogleDrive-cy23247@shibaura-it.ac.jp/マイドライブ/練習動画/コーチング(beta)/2025 7 4 優吾さんコーチング/IMG_8048.mov
/Users/reimurase/Library/CloudStorage/GoogleDrive-cy23247@shibaura-it.ac.jp/マイドライブ/練習動画/コーチング(beta)/2025 7 4 優吾さんコーチング/2025-07-04_優吾さんコーチング_23.MOV,/Users/reimurase/Library/CloudStorage/GoogleDrive-cy23247@shibaura-it.ac.jp/マイドライブ/練習動画/コーチング(beta)/2025 7 4 優吾さんコーチング/IMG_4707.MOV
/Users/reimurase/Library/CloudStorage/GoogleDrive-cy23247@shibaura-it.ac.jp/マイドライブ/練習動画/コーチング(beta)/3 24/2025-03-24_01.MOV,/Users/reimurase/Library/CloudStorage/GoogleDrive-cy23247@shibaura-it.ac.jp/マイドライブ/練習動画/コーチング(beta)/3 24/IMG_8986.MOV
/Users/reimurase/Library/CloudStorage/GoogleDrive-cy23247@shibaura-it.ac.jp/マイドライブ/練習動画/コーチング(beta)/2025 3 18 駿水さんコーチング/2025-03-18_駿水さんコーチング_01.MOV,/Users/reimurase/Library/CloudStorage/GoogleDrive-cy23247@shibaura-it.ac.jp/マイドライブ/練習動画/コーチング(beta)/2025 3 18 駿水さんコーチング/IMG_3217.MOV
/Users/reimurase/Library/CloudStorage/GoogleDrive-cy23247@shibaura-it.ac.jp/マイドライブ/練習動画/コーチング(beta)/2025 3 18 駿水さんコーチング/2025-03-18_駿水さんコーチング_02.MOV,/Users/reimurase/Library/CloudStorage/GoogleDrive-cy23247@shibaura-it.ac.jp/マイドライブ/練習動画/コーチング(beta)/2025 3 18 駿水さんコーチング/IMG_3219.MOV
/Users/reimurase/Library/CloudStorage/GoogleDrive-cy23247@shibaura-it.ac.jp/マイドライブ/練習動画/コーチング(beta)/2025 3 18 駿水さんコーチング/2025-03-18_駿水さんコーチング_03.MOV,/Users/reimurase/Library/CloudStorage/GoogleDrive-cy23247@shibaura-it.ac.jp/マイドライブ/練習動画/コーチング(beta)/2025 3 18 駿水さんコーチング/IMG_3222.MOV
/Users/reimurase/Library/CloudStorage/GoogleDrive-cy23247@shibaura-it.ac.jp/マイドライブ/練習動画/コーチング(beta)/2025 3 18 駿水さんコーチング/2025-03-18_駿水さんコーチング_04.MOV,/Users/reimurase/Library/CloudStorage/GoogleDrive-cy23247@shibaura-it.ac.jp/マイドライブ/練習動画/コーチング(beta)/2025 3 18 駿水さんコーチング/IMG_3223.MOV
/Users/reimurase/Library/CloudStorage/GoogleDrive-cy23247@shibaura-it.ac.jp/マイドライブ/練習動画/コーチング(beta)/2025 3 18 駿水さんコーチング/2025-03-18_駿水さんコーチング_05.MOV,/Users/reimurase/Library/CloudStorage/GoogleDrive-cy23247@shibaura-it.ac.jp/マイドライブ/練習動画/コーチング(beta)/2025 3 18 駿水さんコーチング/IMG_3225.MOV
/Users/reimurase/Library/CloudStorage/GoogleDrive-cy23247@shibaura-it.ac.jp/マイドライブ/練習動画/コーチング(beta)/2025 3 18 駿水さんコーチング/2025-03-18_駿水さんコーチング_06.MOV,/Users/reimurase/Library/CloudStorage/GoogleDrive-cy23247@shibaura-it.ac.jp/マイドライブ/練習動画/コーチング(beta)/2025 3 18 駿水さんコーチング/IMG_3226.MOV
/Users/reimurase/Library/CloudStorage/GoogleDrive-cy23247@shibaura-it.ac.jp/マイドライブ/練習動画/コーチング(beta)/2025 3 18 駿水さんコーチング/2025-03-18_駿水さんコーチング_07.MOV,/Users/reimurase/Library/CloudStorage/GoogleDrive-cy23247@shibaura-it.ac.jp/マイドライブ/練習動画/コーチング(beta)/2025 3 18 駿水さんコーチング/IMG_3229.MOV
/Users/reimurase/Library/CloudStorage/GoogleDrive-cy23247@shibaura-it.ac.jp/マイドライブ/練習動画/コーチング(beta)/2025 3 18 駿水さんコーチング/2025-03-18_駿水さんコーチング_08.MOV,/Users/reimurase/Library/CloudStorage/GoogleDrive-cy23247@shibaura-it.ac.jp/マイドライブ/練習動画/コーチング(beta)/2025 3 18 駿水さんコーチング/IMG_3230.MOV
/Users/reimurase/Library/CloudStorage/GoogleDrive-cy23247@shibaura-it.ac.jp/マイドライブ/練習動画/コーチング(beta)/2025 3 18 駿水さんコーチング/2025-03-18_駿水さんコーチング_09.MOV,/Users/reimurase/Library/CloudStorage/GoogleDrive-cy23247@shibaura-it.ac.jp/マイドライブ/練習動画/コーチング(beta)/2025 3 18 駿水さんコーチング/IMG_3232.MOV
/Users/reimurase/Library/CloudStorage/GoogleDrive-cy23247@shibaura-it.ac.jp/マイドライブ/練習動画/コーチング(beta)/2025 3 18 駿水さんコーチング/2025-03-18_駿水さんコーチング_10.MOV,/Users/reimurase/Library/CloudStorage/GoogleDrive-cy23247@shibaura-it.ac.jp/マイドライブ/練習動画/コーチング(beta)/2025 3 18 駿水さんコーチング/IMG_3234.MOV
/Users/reimurase/Library/CloudStorage/GoogleDrive-cy23247@shibaura-it.ac.jp/マイドライブ/練習動画/コーチング(beta)/2025 3 18 駿水さんコーチング/2025-03-18_駿水さんコーチング_11.MOV,/Users/reimurase/Library/CloudStorage/GoogleDrive-cy23247@shibaura-it.ac.jp/マイドライブ/練習動画/コーチング(beta)/2025 3 18 駿水さんコーチング/IMG_3235.MOV
/Users/reimurase/Library/CloudStorage/GoogleDrive-cy23247@shibaura-it.ac.jp/マイドライブ/練習動画/コーチング(beta)/2025 3 18 駿水さんコーチング/2025-03-18_駿水さんコーチング_12.MOV,/Users/reimurase/Library/CloudStorage/GoogleDrive-cy23247@shibaura-it.ac.jp/マイドライブ/練習動画/コーチング(beta)/2025 3 18 駿水さんコーチング/IMG_3237.MOV
/Users/reimurase/Library/CloudStorage/GoogleDrive-cy23247@shibaura-it.ac.jp/マイドライブ/練習動画/コーチング(beta)/2025 3 18 駿水さんコーチング/2025-03-18_駿水さんコーチング_13.MOV,/Users/reimurase/Library/CloudStorage/GoogleDrive-cy23247@shibaura-it.ac.jp/マイドライブ/練習動画/コーチング(beta)/2025 3 18 駿水さんコーチング/IMG_3239.MOV
/Users/reimurase/Library/CloudStorage/GoogleDrive-cy23247@shibaura-it.ac.jp/マイドライブ/練習動画/コーチング(beta)/2025 3 18 駿水さんコーチング/2025-03-18_駿水さんコーチング_14.MOV,/Users/reimurase/Library/CloudStorage/GoogleDrive-cy23247@shibaura-it.ac.jp/マイドライブ/練習動画/コーチング(beta)/2025 3 18 駿水さんコーチング/IMG_3241.MOV
/Users/reimurase/Library/CloudStorage/GoogleDrive-cy23247@shibaura-it.ac.jp/マイドライブ/練習動画/コーチング(beta)/2025 3 18 駿水さんコーチング/2025-03-18_駿水さんコーチング_15.MOV,/Users/reimurase/Library/CloudStorage/GoogleDrive-cy23247@shibaura-it.ac.jp/マイドライブ/練習動画/コーチング(beta)/2025 3 18 駿水さんコーチング/IMG_3243.MOV
/Users/reimurase/Library/CloudStorage/GoogleDrive-cy23247@shibaura-it.ac.jp/マイドライブ/練習動画/コーチング(beta)/2025 3 18 駿水さんコーチング/2025-03-18_駿水さんコーチング_16.MOV,/Users/reimurase/Library/CloudStorage/GoogleDrive-cy23247@shibaura-it.ac.jp/マイドライブ/練習動画/コーチング(beta)/2025 3 18 駿水さんコーチング/IMG_3247.MOV
/Users/reimurase/Library/CloudStorage/GoogleDrive-cy23247@shibaura-it.ac.jp/マイドライブ/練習動画/コーチング(beta)/2025 3 18 駿水さんコーチング/2025-03-18_駿水さんコーチング_17.MOV,/Users/reimurase/Library/CloudStorage/GoogleDrive-cy23247@shibaura-it.ac.jp/マイドライブ/練習動画/コーチング(beta)/2025 3 18 駿水さんコーチング/IMG_3249.MOV
/Users/reimurase/Library/CloudStorage/GoogleDrive-cy23247@shibaura-it.ac.jp/マイドライブ/練習動画/コーチング(beta)/2025 3 18 駿水さんコーチング/2025-03-18_駿水さんコーチング_18.MOV,/Users/reimurase/Library/CloudStorage/GoogleDrive-cy23247@shibaura-it.ac.jp/マイドライブ/練習動画/コーチング(beta)/2025 3 18 駿水さんコーチング/IMG_3250.MOV
/Users/reimurase/Library/CloudStorage/GoogleDrive-cy23247@shibaura-it.ac.jp/マイドライブ/練習動画/コーチング(beta)/2025 3 18 駿水さんコーチング/2025-03-18_駿水さんコーチング_19.MOV,/Users/reimurase/Library/CloudStorage/GoogleDrive-cy23247@shibaura-it.ac.jp/マイドライブ/練習動画/コーチング(beta)/2025 3 18 駿水さんコーチング/IMG_3251.MOV
/Users/reimurase/Library/CloudStorage/GoogleDrive-cy23247@shibaura-it.ac.jp/マイドライブ/練習動画/コーチング(beta)/2025 3 18 駿水さんコーチング/2025-03-18_駿水さんコーチング_20.MOV,/Users/reimurase/Library/CloudStorage/GoogleDrive-cy23247@shibaura-it.ac.jp/マイドライブ/練習動画/コーチング(beta)/2025 3 18 駿水さんコーチング/IMG_3252.MOV
/Users/reimurase/Library/CloudStorage/GoogleDrive-cy23247@shibaura-it.ac.jp/マイドライブ/練習動画/コーチング(beta)/2025 3 18 駿水さんコーチング/2025-03-18_駿水さんコーチング_21.MOV,/Users/reimurase/Library/CloudStorage/GoogleDrive-cy23247@shibaura-it.ac.jp/マイドライブ/練習動画/コーチング(beta)/2025 3 18 駿水さんコーチング/IMG_3254.MOV
/Users/reimurase/Library/CloudStorage/GoogleDrive-cy23247@shibaura-it.ac.jp/マイドライブ/練習動画/コーチング(beta)/2025 3 18 駿水さんコーチング/2025-03-18_駿水さんコーチング_22.MOV,/Users/reimurase/Library/CloudStorage/GoogleDrive-cy23247@shibaura-it.ac.jp/マイドライブ/練習動画/コーチング(beta)/2025 3 18 駿水さんコーチング/IMG_3255.MOV
/Users/reimurase/Library/CloudStorage/GoogleDrive-cy23247@shibaura-it.ac.jp/マイドライブ/練習動画/コーチング(beta)/2025 3 18 駿水さんコーチング/2025-03-18_駿水さんコーチング_23.MOV,/Users/reimurase/Library/CloudStorage/GoogleDrive-cy23247@shibaura-it.ac.jp/マイドライブ/練習動画/コーチング(beta)/2025 3 18 駿水さんコーチング/IMG_3257.MOV
/Users/reimurase/Library/CloudStorage/GoogleDrive-cy23247@shibaura-it.ac.jp/マイドライブ/練習動画/コーチング(beta)/2025 3 18 駿水さんコーチング/2025-03-18_駿水さんコーチング_24.MOV,/Users/reimurase/Library/CloudStorage/GoogleDrive-cy23247@shibaura-it.ac.jp/マイドライブ/練習動画/コーチング(beta)/2025 3 18 駿水さんコーチング/IMG_3259.MOV
/Users/reimurase/Library/CloudStorage/GoogleDrive-cy23247@shibaura-it.ac.jp/マイドライブ/練習動画/コーチング(beta)/2025 3 18 駿水さんコーチング/2025-03-18_駿水さんコーチング_25.MOV,/Users/reimurase/Library/CloudStorage/GoogleDrive-cy23247@shibaura-it.ac.jp/マイドライブ/練習動画/コーチング(beta)/2025 3 18 駿水さんコーチング/IMG_3260.MOV
/Users/reimurase/Library/CloudStorage/GoogleDrive-cy23247@shibaura-it.ac.jp/マイドライブ/練習動画/コーチング(beta)/2025 3 18 駿水さんコーチング/2025-03-18_駿水さんコーチング_26.MOV,/Users/reimurase/Library/CloudStorage/GoogleDrive-cy23247@shibaura-it.ac.jp/マイドライブ/練習動画/コーチング(beta)/2025 3 18 駿水さんコーチング/IMG_3261.MOV
/Users/reimurase/Library/CloudStorage/GoogleDrive-cy23247@shibaura-it.ac.jp/マイドライブ/練習動画/コーチング(beta)/2025 3 18 駿水さんコーチング/2025-03-18_駿水さんコーチング_27.MOV,/Users/reimurase/Library/CloudStorage/GoogleDrive-cy23247@shibaura-it.ac.jp/マイドライブ/練習動画/コーチング(beta)/2025 3 18 駿水さんコーチング/IMG_3262.MOV
/Users/reimurase/Library/CloudStorage/GoogleDrive-cy23247@shibaura-it.ac.jp/マイドライブ/練習動画/コーチング(beta)/2025 3 18 駿水さんコーチング/2025-03-18_駿水さんコーチング_28.MOV,/Users/reimurase/Library/CloudStorage/GoogleDrive-cy23247@shibaura-it.ac.jp/マイドライブ/練習動画/コーチング(beta)/2025 3 18 駿水さんコーチング/IMG_3263.MOV
/Users/reimurase/Library/CloudStorage/GoogleDrive-cy23247@shibaura-it.ac.jp/マイドライブ/練習動画/コーチング(beta)/2025 3 18 駿水さんコーチング/2025-03-18_駿水さんコーチング_29.MOV,/Users/reimurase/Library/CloudStorage/GoogleDrive-cy23247@shibaura-it.ac.jp/マイドライブ/練習動画/コーチング(beta)/2025 3 18 駿水さんコーチング/IMG_3264.MOV
/Users/reimurase/Library/CloudStorage/GoogleDrive-cy23247@shibaura-it.ac.jp/マイドライブ/練習動画/コーチング(beta)/2025 3 18 駿水さんコーチング/2025-03-18_駿水さんコーチング_30.MOV,/Users/reimurase/Library/CloudStorage/GoogleDrive-cy23247@shibaura-it.ac.jp/マイドライブ/練習動画/コーチング(beta)/2025 3 18 駿水さんコーチング/IMG_3265.MOV
/Users/reimurase/Library/CloudStorage/GoogleDrive-cy23247@shibaura-it.ac.jp/マイドライブ/練習動画/コーチング(beta)/2025 3 18 駿水さんコーチング/2025-03-18_駿水さんコーチング_31.MOV,/Users/reimurase/Library/CloudStorage/GoogleDrive-cy23247@shibaura-it.ac.jp/マイドライブ/練習動画/コーチング(beta)/2025 3 18 駿水さんコーチング/IMG_3267.MOV
/Users/reimurase/Library/CloudStorage/GoogleDrive-cy23247@shibaura-it.ac.jp/マイドライブ/練習動画/コーチング(beta)/2025 3 18 駿水さんコーチング/2025-03-18_駿水さんコーチング_32.MOV,/Users/reimurase/Library/CloudStorage/GoogleDrive-cy23247@shibaura-it.ac.jp/マイドライブ/練習動画/コーチング(beta)/2025 3 18 駿水さんコーチング/IMG_3269.MOV
/Users/reimurase/Library/CloudStorage/GoogleDrive-cy23247@shibaura-it.ac.jp/マイドライブ/練習動画/コーチング(beta)/2025 3 18 駿水さんコーチング/2025-03-18_駿水さんコーチング_33.MOV,/Users/reimurase/Library/CloudStorage/GoogleDrive-cy23247@shibaura-it.ac.jp/マイドライブ/練習動画/コーチング(beta)/2025 3 18 駿水さんコーチング/IMG_3272.MOV
/Users/reimurase/Library/CloudStorage/GoogleDrive-cy23247@shibaura-it.ac.jp/マイドライブ/練習動画/コーチング(beta)/2025 3 18 駿水さんコーチング/2025-03-18_駿水さんコーチング_34.MOV,/Users/reimurase/Library/CloudStorage/GoogleDrive-cy23247@shibaura-it.ac.jp/マイドライブ/練習動画/コーチング(beta)/2025 3 18 駿水さんコーチング/IMG_3273.MOV
/Users/reimurase/Library/CloudStorage/GoogleDrive-cy23247@shibaura-it.ac.jp/マイドライブ/練習動画/コーチング(beta)/2025 3 18 駿水さんコーチング/2025-03-18_駿水さんコーチング_35.MOV,/Users/reimurase/Library/CloudStorage/GoogleDrive-cy23247@shibaura-it.ac.jp/マイドライブ/練習動画/コーチング(beta)/2025 3 18 駿水さんコーチング/IMG_3279.MOV
/Users/reimurase/Library/CloudStorage/GoogleDrive-cy23247@shibaura-it.ac.jp/マイドライブ/練習動画/コーチング(beta)/2025 3 18 駿水さんコーチング/2025-03-18_駿水さんコーチング_36.MOV,/Users/reimurase/Library/CloudStorage/GoogleDrive-cy23247@shibaura-it.ac.jp/マイドライブ/練習動画/コーチング(beta)/2025 3 18 駿水さんコーチング/IMG_3280.MOV
/Users/reimurase/Library/CloudStorage/GoogleDrive-cy23247@shibaura-it.ac.jp/マイドライブ/練習動画/コーチング(beta)/2025 3 18 駿水さんコーチング/2025-03-18_駿水さんコーチング_37.MOV,/Users/reimurase/Library/CloudStorage/GoogleDrive-cy23247@shibaura-it.ac.jp/マイドライブ/練習動画/コーチング(beta)/2025 3 18 駿水さんコーチング/IMG_3283.MOV
/Users/reimurase/Library/CloudStorage/GoogleDrive-cy23247@shibaura-it.ac.jp/マイドライブ/練習動画/コーチング(beta)/2025 3 18 駿水さんコーチング/2025-03-18_駿水さんコーチング_38.MOV,/Users/reimurase/Library/CloudStorage/GoogleDrive-cy23247@shibaura-it.ac.jp/マイドライブ/練習動画/コーチング(beta)/2025 3 18 駿水さんコーチング/IMG_3284.MOV
/Users/reimurase/Library/CloudStorage/GoogleDrive-cy23247@shibaura-it.ac.jp/マイドライブ/練習動画/コーチング(beta)/2025 3 18 駿水さんコーチング/2025-03-18_駿水さんコーチング_39.MOV,/Users/reimurase/Library/CloudStorage/GoogleDrive-cy23247@shibaura-it.ac.jp/マイドライブ/練習動画/コーチング(beta)/2025 3 18 駿水さんコーチング/IMG_3286.MOV
/Users/reimurase/Library/CloudStorage/GoogleDrive-cy23247@shibaura-it.ac.jp/マイドライブ/練習動画/コーチング(beta)/2025 3 18 駿水さんコーチング/2025-03-18_駿水さんコーチング_40.MOV,/Users/reimurase/Library/CloudStorage/GoogleDrive-cy23247@shibaura-it.ac.jp/マイドライブ/練習動画/コーチング(beta)/2025 3 18 駿水さんコーチング/IMG_3287.MOV
/Users/reimurase/Library/CloudStorage/GoogleDrive-cy23247@shibaura-it.ac.jp/マイドライブ/練習動画/コーチング(beta)/2025 3 17 駿水さんコーチング/2025-03-17_駿水さんコーチング_01.MP4,/Users/reimurase/Library/CloudStorage/GoogleDrive-cy23247@shibaura-it.ac.jp/マイドライブ/練習動画/コーチング(beta)/2025 3 17 駿水さんコーチング/4A454F0A-ECBB-483B-99CA-36BC36519ABE.MP4
/Users/reimurase/Library/CloudStorage/GoogleDrive-cy23247@shibaura-it.ac.jp/マイドライブ/練習動画/コーチング(beta)/2025 3 17 駿水さんコーチング/2025-03-17_駿水さんコーチング_02.MOV,/Users/reimurase/Library/CloudStorage/GoogleDrive-cy23247@shibaura-it.ac.jp/マイドライブ/練習動画/コーチング(beta)/2025 3 17 駿水さんコーチング/IMG_0552.MOV
/Users/reimurase/Library/CloudStorage/GoogleDrive-cy23247@shibaura-it.ac.jp/マイドライブ/練習動画/コーチング(beta)/2025 3 17 駿水さんコーチング/2025-03-17_駿水さんコーチング_03.MOV,/Users/reimurase/Library/CloudStorage/GoogleDrive-cy23247@shibaura-it.ac.jp/マイドライブ/練習動画/コーチング(beta)/2025 3 17 駿水さんコーチング/IMG_0556.MOV
/Users/reimurase/Library/CloudStorage/GoogleDrive-cy23247@shibaura-it.ac.jp/マイドライブ/練習動画/コーチング(beta)/2025 3 17 駿水さんコーチング/2025-03-17_駿水さんコーチング_04.MOV,/Users/reimurase/Library/CloudStorage/GoogleDrive-cy23247@shibaura-it.ac.jp/マイドライブ/練習動画/コーチング(beta)/2025 3 17 駿水さんコーチング/IMG_0557.MOV
/Users/reimurase/Library/CloudStorage/GoogleDrive-cy23247@shibaura-it.ac.jp/マイドライブ/練習動画/コーチング(beta)/2025 3 17 駿水さんコーチング/2025-03-17_駿水さんコーチング_05.MOV,/Users/reimurase/Library/CloudStorage/GoogleDrive-cy23247@shibaura-it.ac.jp/マイドライブ/練習動画/コーチング(beta)/2025 3 17 駿水さんコーチング/IMG_8205.MOV
/Users/reimurase/Library/CloudStorage/GoogleDrive-cy23247@shibaura-it.ac.jp/マイドライブ/練習動画/コーチング(beta)/2025 3 17 駿水さんコーチング/2025-03-17_駿水さんコーチング_06.MOV,/Users/reimurase/Library/CloudStorage/GoogleDrive-cy23247@shibaura-it.ac.jp/マイドライブ/練習動画/コーチング(beta)/2025 3 17 駿水さんコーチング/IMG_8209.MOV
/Users/reimurase/Library/CloudStorage/GoogleDrive-cy23247@shibaura-it.ac.jp/マイドライブ/練習動画/コーチング(beta)/2025 3 17 駿水さんコーチング/2025-03-17_駿水さんコーチング_07.MOV,/Users/reimurase/Library/CloudStorage/GoogleDrive-cy23247@shibaura-it.ac.jp/マイドライブ/練習動画/コーチング(beta)/2025 3 17 駿水さんコーチング/IMG_8211.MOV
/Users/reimurase/Library/CloudStorage/GoogleDrive-cy23247@shibaura-it.ac.jp/マイドライブ/練習動画/コーチング(beta)/2025 3 17 駿水さんコーチング/2025-03-17_駿水さんコーチング_08.MOV,/Users/reimurase/Library/CloudStorage/GoogleDrive-cy23247@shibaura-it.ac.jp/マイドライブ/練習動画/コーチング(beta)/2025 3 17 駿水さんコーチング/IMG_8217.MOV
/Users/reimurase/Library/CloudStorage/GoogleDrive-cy23247@shibaura-it.ac.jp/マイドライブ/練習動画/コーチング(beta)/2025 3 17 駿水さんコーチング/2025-03-17_駿水さんコーチング_09.MOV,/Users/reimurase/Library/CloudStorage/GoogleDrive-cy23247@shibaura-it.ac.jp/マイドライブ/練習動画/コーチング(beta)/2025 3 17 駿水さんコーチング/IMG_0925.MOV
/Users/reimurase/Library/CloudStorage/GoogleDrive-cy23247@shibaura-it.ac.jp/マイドライブ/練習動画/コーチング(beta)/2025.3.11 駿水さんコーチング/2025-03-11_駿水さんコーチング_01.MOV,/Users/reimurase/Library/CloudStorage/GoogleDrive-cy23247@shibaura-it.ac.jp/マイドライブ/練習動画/コーチング(beta)/2025.3.11 駿水さんコーチング/IMG_0514.MOV
/Users/reimurase/Library/CloudStorage/GoogleDrive-cy23247@shibaura-it.ac.jp/マイドライブ/練習動画/コーチング(beta)/2025.3.11 駿水さんコーチング/2025-03-11_駿水さんコーチング_02.MOV,/Users/reimurase/Library/CloudStorage/GoogleDrive-cy23247@shibaura-it.ac.jp/マイドライブ/練習動画/コーチング(beta)/2025.3.11 駿水さんコーチング/IMG_3104.MOV
/Users/reimurase/Library/CloudStorage/GoogleDrive-cy23247@shibaura-it.ac.jp/マイドライブ/練習動画/コーチング(beta)/2025.3.11 駿水さんコーチング/2025-03-11_駿水さんコーチング_03.MOV,/Users/reimurase/Library/CloudStorage/GoogleDrive-cy23247@shibaura-it.ac.jp/マイドライブ/練習動画/コーチング(beta)/2025.3.11 駿水さんコーチング/IMG_3105.MOV
/Users/reimurase/Library/CloudStorage/GoogleDrive-cy23247@shibaura-it.ac.jp/マイドライブ/練習動画/コーチング(beta)/2025.3.11 駿水さんコーチング/2025-03-11_駿水さんコーチング_04.MOV,/Users/reimurase/Library/CloudStorage/GoogleDrive-cy23247@shibaura-it.ac.jp/マイドライブ/練習動画/コーチング(beta)/2025.3.11 駿水さんコーチング/IMG_3106.MOV
/Users/reimurase/Library/CloudStorage/GoogleDrive-cy23247@shibaura-it.ac.jp/マイドライブ/練習動画/コーチング(beta)/2025.3.11 駿水さんコーチング/2025-03-11_駿水さんコーチング_05.MOV,/Users/reimurase/Library/CloudStorage/GoogleDrive-cy23247@shibaura-it.ac.jp/マイドライブ/練習動画/コーチング(beta)/2025.3.11 駿水さんコーチング/IMG_3111.MOV
/Users/reimurase/Library/CloudStorage/GoogleDrive-cy23247@shibaura-it.ac.jp/マイドライブ/練習動画/コーチング(beta)/2025.3.11 駿水さんコーチング/2025-03-11_駿水さんコーチング_06.MOV,/Users/reimurase/Library/CloudStorage/GoogleDrive-cy23247@shibaura-it.ac.jp/マイドライブ/練習動画/コーチング(beta)/2025.3.11 駿水さんコーチング/IMG_3114.MOV
/Users/reimurase/Library/CloudStorage/GoogleDrive-cy23247@shibaura-it.ac.jp/マイドライブ/練習動画/コーチング(beta)/2025.3.11 駿水さんコーチング/2025-03-11_駿水さんコーチング_07.MOV,/Users/reimurase/Library/CloudStorage/GoogleDrive-cy23247@shibaura-it.ac.jp/マイドライブ/練習動画/コーチング(beta)/2025.3.11 駿水さんコーチング/IMG_3121.MOV
/Users/reimurase/Library/CloudStorage/GoogleDrive-cy23247@shibaura-it.ac.jp/マイドライブ/練習動画/コーチング(beta)/2025.3.11 駿水さんコーチング/2025-03-11_駿水さんコーチング_08.MOV,/Users/reimurase/Library/CloudStorage/GoogleDrive-cy23247@shibaura-it.ac.jp/マイドライブ/練習動画/コーチング(beta)/2025.3.11 駿水さんコーチング/IMG_3133.MOV
/Users/reimurase/Library/CloudStorage/GoogleDrive-cy23247@shibaura-it.ac.jp/マイドライブ/練習動画/コーチング(beta)/2025.3.11 駿水さんコーチング/2025-03-11_駿水さんコーチング_09.MOV,/Users/reimurase/Library/CloudStorage/GoogleDrive-cy23247@shibaura-it.ac.jp/マイドライブ/練習動画/コーチング(beta)/2025.3.11 駿水さんコーチング/IMG_3134.MOV
/Users/reimurase/Library/CloudStorage/GoogleDrive-cy23247@shibaura-it.ac.jp/マイドライブ/練習動画/コーチング(beta)/2025.3.11 駿水さんコーチング/2025-03-11_駿水さんコーチング_10.MOV,/Users/reimurase/Library/CloudStorage/GoogleDrive-cy23247@shibaura-it.ac.jp/マイドライブ/練習動画/コーチング(beta)/2025.3.11 駿水さんコーチング/IMG_3135.MOV
/Users/reimurase/Library/CloudStorage/GoogleDrive-cy23247@shibaura-it.ac.jp/マイドライブ/練習動画/コーチング(beta)/2025.3.11 駿水さんコーチング/2025-03-11_駿水さんコーチング_11.MOV,/Users/reimurase/Library/CloudStorage/GoogleDrive-cy23247@shibaura-it.ac.jp/マイドライブ/練習動画/コーチング(beta)/2025.3.11 駿水さんコーチング/IMG_3136.MOV
/Users/reimurase/Library/CloudStorage/GoogleDrive-cy23247@shibaura-it.ac.jp/マイドライブ/練習動画/コーチング(beta)/2025.3.11 駿水さんコーチング/2025-03-11_駿水さんコーチング_12.MOV,/Users/reimurase/Library/CloudStorage/GoogleDrive-cy23247@shibaura-it.ac.jp/マイドライブ/練習動画/コーチング(beta)/2025.3.11 駿水さんコーチング/IMG_3141.MOV
/Users/reimurase/Library/CloudStorage/GoogleDrive-cy23247@shibaura-it.ac.jp/マイドライブ/練習動画/コーチング(beta)/2025.3.11 駿水さんコーチング/2025-03-11_駿水さんコーチング_13.MOV,/Users/reimurase/Library/CloudStorage/GoogleDrive-cy23247@shibaura-it.ac.jp/マイドライブ/練習動画/コーチング(beta)/2025.3.11 駿水さんコーチング/IMG_3142.MOV
/Users/reimurase/Library/CloudStorage/GoogleDrive-cy23247@shibaura-it.ac.jp/マイドライブ/練習動画/コーチング(beta)/2025.3.11 駿水さんコーチング/2025-03-11_駿水さんコーチング_14.MOV,/Users/reimurase/Library/CloudStorage/GoogleDrive-cy23247@shibaura-it.ac.jp/マイドライブ/練習動画/コーチング(beta)/2025.3.11 駿水さんコーチング/IMG_3143.MOV
/Users/reimurase/Library/CloudStorage/GoogleDrive-cy23247@shibaura-it.ac.jp/マイドライブ/練習動画/コーチング(beta)/2025 3 9/2025-03-09_01.MOV,/Users/reimurase/Library/CloudStorage/GoogleDrive-cy23247@shibaura-it.ac.jp/マイドライブ/練習動画/コーチング(beta)/2025 3 9/IMG_2971.MOV
/Users/reimurase/Library/CloudStorage/GoogleDrive-cy23247@shibaura-it.ac.jp/マイドライブ/練習動画/コーチング(beta)/2025 3 9/2025-03-09_02.MOV,/Users/reimurase/Library/CloudStorage/GoogleDrive-cy23247@shibaura-it.ac.jp/マイドライブ/練習動画/コーチング(beta)/2025 3 9/IMG_2972.MOV
/Users/reimurase/Library/CloudStorage/GoogleDrive-cy23247@shibaura-it.ac.jp/マイドライブ/練習動画/コーチング(beta)/2025 3 9/2025-03-09_03.MOV,/Users/reimurase/Library/CloudStorage/GoogleDrive-cy23247@shibaura-it.ac.jp/マイドライブ/練習動画/コーチング(beta)/2025 3 9/IMG_2986.MOV
/Users/reimurase/Library/CloudStorage/GoogleDrive-cy23247@shibaura-it.ac.jp/マイドライブ/練習動画/コーチング(beta)/2025 3 9/2025-03-09_04.MOV,/Users/reimurase/Library/CloudStorage/GoogleDrive-cy23247@shibaura-it.ac.jp/マイドライブ/練習動画/コーチング(beta)/2025 3 9/IMG_2990.MOV
/Users/reimurase/Library/CloudStorage/GoogleDrive-cy23247@shibaura-it.ac.jp/マイドライブ/練習動画/コーチング(beta)/2025 3 9/2025-03-09_05.MOV,/Users/reimurase/Library/CloudStorage/GoogleDrive-cy23247@shibaura-it.ac.jp/マイドライブ/練習動画/コーチング(beta)/2025 3 9/IMG_2991.MOV
/Users/reimurase/Library/CloudStorage/GoogleDrive-cy23247@shibaura-it.ac.jp/マイドライブ/練習動画/コーチング(beta)/2025 3 9/2025-03-09_06.MOV,/Users/reimurase/Library/CloudStorage/GoogleDrive-cy23247@shibaura-it.ac.jp/マイドライブ/練習動画/コーチング(beta)/2025 3 9/IMG_3004.MOV
/Users/reimurase/Library/CloudStorage/GoogleDrive-cy23247@shibaura-it.ac.jp/マイドライブ/練習動画/コーチング(beta)/2025 3 9/2025-03-09_07.MOV,/Users/reimurase/Library/CloudStorage/GoogleDrive-cy23247@shibaura-it.ac.jp/マイドライブ/練習動画/コーチング(beta)/2025 3 9/IMG_3010.MOV
/Users/reimurase/Library/CloudStorage/GoogleDrive-cy23247@shibaura-it.ac.jp/マイドライブ/練習動画/コーチング(beta)/2025 3 9/2025-03-09_08.MOV,/Users/reimurase/Library/CloudStorage/GoogleDrive-cy23247@shibaura-it.ac.jp/マイドライブ/練習動画/コーチング(beta)/2025 3 9/IMG_3011.MOV
/Users/reimurase/Library/CloudStorage/GoogleDrive-cy23247@shibaura-it.ac.jp/マイドライブ/練習動画/コーチング(beta)/2025 3 8/2025-03-08_01.MOV,/Users/reimurase/Library/CloudStorage/GoogleDrive-cy23247@shibaura-it.ac.jp/マイドライブ/練習動画/コーチング(beta)/2025 3 8/IMG_2952.MOV
/Users/reimurase/Library/CloudStorage/GoogleDrive-cy23247@shibaura-it.ac.jp/マイドライブ/練習動画/コーチング(beta)/2025 03 04/2025-03-04_01.MOV,/Users/reimurase/Library/CloudStorage/GoogleDrive-cy23247@shibaura-it.ac.jp/マイドライブ/練習動画/コーチング(beta)/2025 03 04/IMG_1569.MOV
/Users/reimurase/Library/CloudStorage/GoogleDrive-cy23247@shibaura-it.ac.jp/マイドライブ/練習動画/コーチング(beta)/2025 03 04/2025-03-04_02.MOV,/Users/reimurase/Library/CloudStorage/GoogleDrive-cy23247@shibaura-it.ac.jp/マイドライブ/練習動画/コーチング(beta)/2025 03 04/IMG_1571.MOV
/Users/reimurase/Library/CloudStorage/GoogleDrive-cy23247@shibaura-it.ac.jp/マイドライブ/練習動画/コーチング(beta)/2025 2月22日/2025-02-22_01.MOV,/Users/reimurase/Library/CloudStorage/GoogleDrive-cy23247@shibaura-it.ac.jp/マイドライブ/練習動画/コーチング(beta)/2025 2月22日/IMG_2781.MOV
/Users/reimurase/Library/CloudStorage/GoogleDrive-cy23247@shibaura-it.ac.jp/マイドライブ/練習動画/コーチング(beta)/2025 2月22日/2025-02-22_02.MOV,/Users/reimurase/Library/CloudStorage/GoogleDrive-cy23247@shibaura-it.ac.jp/マイドライブ/練習動画/コーチング(beta)/2025 2月22日/IMG_2782.MOV
/Users/reimurase/Library/CloudStorage/GoogleDrive-cy23247@shibaura-it.ac.jp/マイドライブ/練習動画/コーチング(beta)/2025 2月22日/2025-02-22_03.MOV,/Users/reimurase/Library/CloudStorage/GoogleDrive-cy23247@shibaura-it.ac.jp/マイドライブ/練習動画/コーチング(beta)/2025 2月22日/IMG_2783.MOV
/Users/reimurase/Library/CloudStorage/GoogleDrive-cy23247@shibaura-it.ac.jp/マイドライブ/練習動画/コーチング(beta)/2025 2月22日/2025-02-22_04.MOV,/Users/reimurase/Library/CloudStorage/GoogleDrive-cy23247@shibaura-it.ac.jp/マイドライブ/練習動画/コーチング(beta)/2025 2月22日/IMG_2784.MOV
/Users/reimurase/Library/CloudStorage/GoogleDrive-cy23247@shibaura-it.ac.jp/マイドライブ/練習動画/コーチング(beta)/2025 2月22日/2025-02-22_05.MOV,/Users/reimurase/Library/CloudStorage/GoogleDrive-cy23247@shibaura-it.ac.jp/マイドライブ/練習動画/コーチング(beta)/2025 2月22日/IMG_2799.MOV
/Users/reimurase/Library/CloudStorage/GoogleDrive-cy23247@shibaura-it.ac.jp/マイドライブ/練習動画/コーチング(beta)/2025 2月22日/2025-02-22_06.MOV,/Users/reimurase/Library/CloudStorage/GoogleDrive-cy23247@shibaura-it.ac.jp/マイドライブ/練習動画/コーチング(beta)/2025 2月22日/IMG_2822.MOV
"/Users/reimurase/Library/CloudStorage/GoogleDrive-cy23247@shibaura-it.ac.jp/マイドライブ/練習動画/コーチング(beta)/3,11/2024-03-11_01.MOV","/Users/reimurase/Library/CloudStorage/GoogleDrive-cy23247@shibaura-it.ac.jp/マイドライブ/練習動画/コーチング(beta)/3,11/IMG_0065.MOV"
"/Users/reimurase/Library/CloudStorage/GoogleDrive-cy23247@shibaura-it.ac.jp/マイドライブ/練習動画/コーチング(beta)/3,11/2024-03-11_02.MOV","/Users/reimurase/Library/CloudStorage/GoogleDrive-cy23247@shibaura-it.ac.jp/マイドライブ/練習動画/コーチング(beta)/3,11/IMG_0075.MOV"
"/Users/reimurase/Library/CloudStorage/GoogleDrive-cy23247@shibaura-it.ac.jp/マイドライブ/練習動画/コーチング(beta)/3,11/2024-03-11_03.MOV","/Users/reimurase/Library/CloudStorage/GoogleDrive-cy23247@shibaura-it.ac.jp/マイドライブ/練習動画/コーチング(beta)/3,11/IMG_0076.MOV"
/Users/reimurase/Library/CloudStorage/GoogleDrive-cy23247@shibaura-it.ac.jp/マイドライブ/練習動画/コーチング(beta)/12 7/2024-12-07_01.MOV,/Users/reimurase/Library/CloudStorage/GoogleDrive-cy23247@shibaura-it.ac.jp/マイドライブ/練習動画/コーチング(beta)/12 7/IMG_1974.MOV
/Users/reimurase/Library/CloudStorage/GoogleDrive-cy23247@shibaura-it.ac.jp/マイドライブ/練習動画/コーチング(beta)/12 7/2024-12-07_02.MOV,/Users/reimurase/Library/CloudStorage/GoogleDrive-cy23247@shibaura-it.ac.jp/マイドライブ/練習動画/コーチング(beta)/12 7/IMG_1975.MOV
/Users/reimurase/Library/CloudStorage/GoogleDrive-cy23247@shibaura-it.ac.jp/マイドライブ/練習動画/コーチング(beta)/12 7/2024-12-07_03.MOV,/Users/reimurase/Library/CloudStorage/GoogleDrive-cy23247@shibaura-it.ac.jp/マイドライブ/練習動画/コーチング(beta)/12 7/IMG_1976 (1).MOV
/Users/reimurase/Library/CloudStorage/GoogleDrive-cy23247@shibaura-it.ac.jp/マイドライブ/練習動画/コーチング(beta)/12 7/2024-12-07_04.MOV,/Users/reimurase/Library/CloudStorage/GoogleDrive-cy23247@shibaura-it.ac.jp/マイドライブ/練習動画/コーチング(beta)/12 7/IMG_1976.MOV
/Users/reimurase/Library/CloudStorage/GoogleDrive-cy23247@shibaura-it.ac.jp/マイドライブ/練習動画/コーチング(beta)/12 7/2024-12-07_05.MOV,/Users/reimurase/Library/CloudStorage/GoogleDrive-cy23247@shibaura-it.ac.jp/マイドライブ/練習動画/コーチング(beta)/12 7/IMG_1977 (1).MOV
/Users/reimurase/Library/CloudStorage/GoogleDrive-cy23247@shibaura-it.ac.jp/マイドライブ/練習動画/コーチング(beta)/12 7/2024-12-07_06.MOV,/Users/reimurase/Library/CloudStorage/GoogleDrive-cy23247@shibaura-it.ac.jp/マイドライブ/練習動画/コーチング(beta)/12 7/IMG_1977.MOV
/Users/reimurase/Library/CloudStorage/GoogleDrive-cy23247@shibaura-it.ac.jp/マイドライブ/練習動画/コーチング(beta)/12 7/2024-12-07_07.MOV,/Users/reimurase/Library/CloudStorage/GoogleDrive-cy23247@shibaura-it.ac.jp/マイドライブ/練習動画/コーチング(beta)/12 7/IMG_1978.MOV
/Users/reimurase/Library/CloudStorage/GoogleDrive-cy23247@shibaura-it.ac.jp/マイドライブ/練習動画/コーチング(beta)/12 7/2024-12-07_08.MOV,/Users/reimurase/Library/CloudStorage/GoogleDrive-cy23247@shibaura-it.ac.jp/マイドライブ/練習動画/コーチング(beta)/12 7/IMG_1980 (1).MOV
/Users/reimurase/Library/CloudStorage/GoogleDrive-cy23247@shibaura-it.ac.jp/マイドライブ/練習動画/コーチング(beta)/12 7/2024-12-07_09.MOV,/Users/reimurase/Library/CloudStorage/GoogleDrive-cy23247@shibaura-it.ac.jp/マイドライブ/練習動画/コーチング(beta)/12 7/IMG_1980.MOV
/Users/reimurase/Library/CloudStorage/GoogleDrive-cy23247@shibaura-it.ac.jp/マイドライブ/練習動画/コーチング(beta)/12 7/2024-12-07_10.MOV,/Users/reimurase/Library/CloudStorage/GoogleDrive-cy23247@shibaura-it.ac.jp/マイドライブ/練習動画/コーチング(beta)/12 7/IMG_2031.MOV
/Users/reimurase/Library/CloudStorage/GoogleDrive-cy23247@shibaura-it.ac.jp/マイドライブ/練習動画/コーチング(beta)/8月28日/2024-08-28_01.MOV,/Users/reimurase/Library/CloudStorage/GoogleDrive-cy23247@shibaura-it.ac.jp/マイドライブ/練習動画/コーチング(beta)/8月28日/IMG_1061.MOV
/Users/reimurase/Library/CloudStorage/GoogleDrive-cy23247@shibaura-it.ac.jp/マイドライブ/練習動画/コーチング(beta)/8月28日/2024-08-28_02.MOV,/Users/reimurase/Library/CloudStorage/GoogleDrive-cy23247@shibaura-it.ac.jp/マイドライブ/練習動画/コーチング(beta)/8月28日/IMG_1062.MOV
/Users/reimurase/Library/CloudStorage/GoogleDrive-cy23247@shibaura-it.ac.jp/マイドライブ/練習動画/コーチング(beta)/8月28日/2024-08-28_03.MOV,/Users/reimurase/Library/CloudStorage/GoogleDrive-cy23247@shibaura-it.ac.jp/マイドライブ/練習動画/コーチング(beta)/8月28日/IMG_1066.MOV
/Users/reimurase/Library/CloudStorage/GoogleDrive-cy23247@shibaura-it.ac.jp/マイドライブ/練習動画/コーチング(beta)/8月28日/2024-08-28_04.MOV,/Users/reimurase/Library/CloudStorage/GoogleDrive-cy23247@shibaura-it.ac.jp/マイドライブ/練習動画/コーチング(beta)/8月28日/IMG_1072.MOV
/Users/reimurase/Library/CloudStorage/GoogleDrive-cy23247@shibaura-it.ac.jp/マイドライブ/練習動画/コーチング(beta)/8月28日/2024-08-28_05.MOV,/Users/reimurase/Library/CloudStorage/GoogleDrive-cy23247@shibaura-it.ac.jp/マイドライブ/練習動画/コーチング(beta)/8月28日/IMG_1075.MOV
/Users/reimurase/Library/CloudStorage/GoogleDrive-cy23247@shibaura-it.ac.jp/マイドライブ/練習動画/コーチング(beta)/8月28日/2024-08-28_06.MOV,/Users/reimurase/Library/CloudStorage/GoogleDrive-cy23247@shibaura-it.ac.jp/マイドライブ/練習動画/コーチング(beta)/8月28日/IMG_1076.MOV
/Users/reimurase/Library/CloudStorage/GoogleDrive-cy23247@shibaura-it.ac.jp/マイドライブ/練習動画/コーチング(beta)/8月28日/2024-08-28_07.MOV,/Users/reimurase/Library/CloudStorage/GoogleDrive-cy23247@shibaura-it.ac.jp/マイドライブ/練習動画/コーチング(beta)/8月28日/IMG_1079.MOV
/Users/reimurase/Library/CloudStorage/GoogleDrive-cy23247@shibaura-it.ac.jp/マイドライブ/練習動画/コーチング(beta)/8月28日/2024-08-28_08.MOV,/Users/reimurase/Library/CloudStorage/GoogleDrive-cy23247@shibaura-it.ac.jp/マイドライブ/練習動画/コーチング(beta)/8月28日/IMG_1086.MOV
/Users/reimurase/Library/CloudStorage/GoogleDrive-cy23247@shibaura-it.ac.jp/マイドライブ/練習動画/コーチング(beta)/8月28日/2024-08-28_09.MOV,/Users/reimurase/Library/CloudStorage/GoogleDrive-cy23247@shibaura-it.ac.jp/マイドライブ/練習動画/コーチング(beta)/8月28日/IMG_1090.MOV
/Users/reimurase/Library/CloudStorage/GoogleDrive-cy23247@shibaura-it.ac.jp/マイドライブ/練習動画/コーチング(beta)/8月28日/2024-08-28_10.MOV,/Users/reimurase/Library/CloudStorage/GoogleDrive-cy23247@shibaura-it.ac.jp/マイドライブ/練習動画/コーチング(beta)/8月28日/IMG_1092.MOV
/Users/reimurase/Library/CloudStorage/GoogleDrive-cy23247@shibaura-it.ac.jp/マイドライブ/練習動画/コーチング(beta)/8月28日/2024-08-28_11.MOV,/Users/reimurase/Library/CloudStorage/GoogleDrive-cy23247@shibaura-it.ac.jp/マイドライブ/練習動画/コーチング(beta)/8月28日/IMG_1094.MOV
/Users/reimurase/Library/CloudStorage/GoogleDrive-cy23247@shibaura-it.ac.jp/マイドライブ/練習動画/コーチング(beta)/8月28日/2024-08-28_12.MOV,/Users/reimurase/Library/CloudStorage/GoogleDrive-cy23247@shibaura-it.ac.jp/マイドライブ/練習動画/コーチング(beta)/8月28日/IMG_1098.MOV
/Users/reimurase/Library/CloudStorage/GoogleDrive-cy23247@shibaura-it.ac.jp/マイドライブ/練習動画/コーチング(beta)/8月28日/2024-08-28_13.MOV,/Users/reimurase/Library/CloudStorage/GoogleDrive-cy23247@shibaura-it.ac.jp/マイドライブ/練習動画/コーチング(beta)/8月28日/IMG_1099.MOV
/Users/reimurase/Library/CloudStorage/GoogleDrive-cy23247@shibaura-it.ac.jp/マイドライブ/練習動画/コーチング(beta)/8月28日/2024-08-28_14.MOV,/Users/reimurase/Library/CloudStorage/GoogleDrive-cy23247@shibaura-it.ac.jp/マイドライブ/練習動画/コーチング(beta)/8月28日/IMG_1101.MOV
/Users/reimurase/Library/CloudStorage/GoogleDrive-cy23247@shibaura-it.ac.jp/マイドライブ/練習動画/コーチング(beta)/8月28日/2024-08-28_15.MOV,/Users/reimurase/Library/CloudStorage/GoogleDrive-cy23247@shibaura-it.ac.jp/マイドライブ/練習動画/コーチング(beta)/8月28日/IMG_1104.MOV
/Users/reimurase/Library/CloudStorage/GoogleDrive-cy23247@shibaura-it.ac.jp/マイドライブ/練習動画/コーチング(beta)/8月28日/2024-08-28_16.MOV,/Users/reimurase/Library/CloudStorage/GoogleDrive-cy23247@shibaura-it.ac.jp/マイドライブ/練習動画/コーチング(beta)/8月28日/IMG_1106.MOV
/Users/reimurase/Library/CloudStorage/GoogleDrive-cy23247@shibaura-it.ac.jp/マイドライブ/練習動画/コーチング(beta)/8月28日/2024-08-28_17.MOV,/Users/reimurase/Library/CloudStorage/GoogleDrive-cy23247@shibaura-it.ac.jp/マイドライブ/練習動画/コーチング(beta)/8月28日/IMG_1108.MOV
/Users/reimurase/Library/CloudStorage/GoogleDrive-cy23247@shibaura-it.ac.jp/マイドライブ/練習動画/コーチング(beta)/8月28日/2024-08-28_18.MOV,/Users/reimurase/Library/CloudStorage/GoogleDrive-cy23247@shibaura-it.ac.jp/マイドライブ/練習動画/コーチング(beta)/8月28日/IMG_9344.MOV
/Users/reimurase/Library/CloudStorage/GoogleDrive-cy23247@shibaura-it.ac.jp/マイドライブ/練習動画/コーチング(beta)/8月28日/2024-08-28_19.MOV,/Users/reimurase/Library/CloudStorage/GoogleDrive-cy23247@shibaura-it.ac.jp/マイドライブ/練習動画/コーチング(beta)/8月28日/IMG_9345.MOV
/Users/reimurase/Library/CloudStorage/GoogleDrive-cy23247@shibaura-it.ac.jp/マイドライブ/練習動画/コーチング(beta)/8月28日/2024-08-28_20.MOV,/Users/reimurase/Library/CloudStorage/GoogleDrive-cy23247@shibaura-it.ac.jp/マイドライブ/練習動画/コーチング(beta)/8月28日/IMG_9351.MOV
/Users/reimurase/Library/CloudStorage/GoogleDrive-cy23247@shibaura-it.ac.jp/マイドライブ/練習動画/コーチング(beta)/8月28日/2024-08-28_21.MOV,/Users/reimurase/Library/CloudStorage/GoogleDrive-cy23247@shibaura-it.ac.jp/マイドライブ/練習動画/コーチング(beta)/8月28日/IMG_9352.MOV
/Users/reimurase/Library/CloudStorage/GoogleDrive-cy23247@shibaura-it.ac.jp/マイドライブ/練習動画/コーチング(beta)/8月28日/2024-08-28_22.MOV,/Users/reimurase/Library/CloudStorage/GoogleDrive-cy23247@shibaura-it.ac.jp/マイドライブ/練習動画/コーチング(beta)/8月28日/IMG_9355.MOV
/Users/reimurase/Library/CloudStorage/GoogleDrive-cy23247@shibaura-it.ac.jp/マイドライブ/練習動画/コーチング(beta)/8月28日/2024-08-28_23.MOV,/Users/reimurase/Library/CloudStorage/GoogleDrive-cy23247@shibaura-it.ac.jp/マイドライブ/練習動画/コーチング(beta)/8月28日/IMG_9356.MOV
/Users/reimurase/Library/CloudStorage/GoogleDrive-cy23247@shibaura-it.ac.jp/マイドライブ/練習動画/コーチング(beta)/8月28日/2024-08-28_24.MOV,/Users/reimurase/Library/CloudStorage/GoogleDrive-cy23247@shibaura-it.ac.jp/マイドライブ/練習動画/コーチング(beta)/8月28日/IMG_9358.MOV
/Users/reimurase/Library/CloudStorage/GoogleDrive-cy23247@shibaura-it.ac.jp/マイドライブ/練習動画/コーチング(beta)/8月28日/2024-08-28_25.MOV,/Users/reimurase/Library/CloudStorage/GoogleDrive-cy23247@shibaura-it.ac.jp/マイドライブ/練習動画/コーチング(beta)/8月28日/IMG_9360.MOV
/Users/reimurase/Library/CloudStorage/GoogleDrive-cy23247@shibaura-it.ac.jp/マイドライブ/練習動画/コーチング(beta)/8月28日/2024-08-28_26.MOV,/Users/reimurase/Library/CloudStorage/GoogleDrive-cy23247@shibaura-it.ac.jp/マイドライブ/練習動画/コーチング(beta)/8月28日/IMG_9361.MOV
/Users/reimurase/Library/CloudStorage/GoogleDrive-cy23247@shibaura-it.ac.jp/マイドライブ/練習動画/コーチング(beta)/8月28日/2024-08-28_27.MOV,/Users/reimurase/Library/CloudStorage/GoogleDrive-cy23247@shibaura-it.ac.jp/マイドライブ/練習動画/コーチング(beta)/8月28日/IMG_9366.MOV
/Users/reimurase/Library/CloudStorage/GoogleDrive-cy23247@shibaura-it.ac.jp/マイドライブ/練習動画/コーチング(beta)/8月28日/2024-08-28_28.MOV,/Users/reimurase/Library/CloudStorage/GoogleDrive-cy23247@shibaura-it.ac.jp/マイドライブ/練習動画/コーチング(beta)/8月28日/IMG_9367.MOV
/Users/reimurase/Library/CloudStorage/GoogleDrive-cy23247@shibaura-it.ac.jp/マイドライブ/練習動画/コーチング(beta)/8月28日/2024-08-28_29.MOV,/Users/reimurase/Library/CloudStorage/GoogleDrive-cy23247@shibaura-it.ac.jp/マイドライブ/練習動画/コーチング(beta)/8月28日/IMG_9368.MOV
/Users/reimurase/Library/CloudStorage/GoogleDrive-cy23247@shibaura-it.ac.jp/マイドライブ/練習動画/コーチング(beta)/8月28日/2024-08-28_30.MOV,/Users/reimurase/Library/CloudStorage/GoogleDrive-cy23247@shibaura-it.ac.jp/マイドライブ/練習動画/コーチング(beta)/8月28日/IMG_9369.MOV
/Users/reimurase/Library/CloudStorage/GoogleDrive-cy23247@shibaura-it.ac.jp/マイドライブ/練習動画/コーチング(beta)/8月28日/2024-08-28_31.MOV,/Users/reimurase/Library/CloudStorage/GoogleDrive-cy23247@shibaura-it.ac.jp/マイドライブ/練習動画/コーチング(beta)/8月28日/IMG_9378.MOV
/Users/reimurase/Library/CloudStorage/GoogleDrive-cy23247@shibaura-it.ac.jp/マイドライブ/練習動画/コーチング(beta)/8月28日/2024-08-28_32.MOV,/Users/reimurase/Library/CloudStorage/GoogleDrive-cy23247@shibaura-it.ac.jp/マイドライブ/練習動画/コーチング(beta)/8月28日/IMG_9381.MOV
/Users/reimurase/Library/CloudStorage/GoogleDrive-cy23247@shibaura-it.ac.jp/マイドライブ/練習動画/コーチング(beta)/8月28日/2024-08-28_33.MOV,/Users/reimurase/Library/CloudStorage/GoogleDrive-cy23247@shibaura-it.ac.jp/マイドライブ/練習動画/コーチング(beta)/8月28日/IMG_9382.MOV
/Users/reimurase/Library/CloudStorage/GoogleDrive-cy23247@shibaura-it.ac.jp/マイドライブ/練習動画/コーチング(beta)/8月28日/2024-08-28_34.MOV,/Users/reimurase/Library/CloudStorage/GoogleDrive-cy23247@shibaura-it.ac.jp/マイドライブ/練習動画/コーチング(beta)/8月28日/IMG_8214.MOV
/Users/reimurase/Library/CloudStorage/GoogleDrive-cy23247@shibaura-it.ac.jp/マイドライブ/練習動画/コーチング(beta)/8月28日/2024-08-28_35.MOV,/Users/reimurase/Library/CloudStorage/GoogleDrive-cy23247@shibaura-it.ac.jp/マイドライブ/練習動画/コーチング(beta)/8月28日/IMG_8217.MOV
/Users/reimurase/Library/CloudStorage/GoogleDrive-cy23247@shibaura-it.ac.jp/マイドライブ/練習動画/コーチング(beta)/8月28日/2024-08-28_36.MOV,/Users/reimurase/Library/CloudStorage/GoogleDrive-cy23247@shibaura-it.ac.jp/マイドライブ/練習動画/コーチング(beta)/8月28日/IMG_9384.MOV
/Users/reimurase/Library/CloudStorage/GoogleDrive-cy23247@shibaura-it.ac.jp/マイドライブ/練習動画/コーチング(beta)/8月28日/2024-08-28_37.MOV,/Users/reimurase/Library/CloudStorage/GoogleDrive-cy23247@shibaura-it.ac.jp/マイドライブ/練習動画/コーチング(beta)/8月28日/IMG_8218.MOV
/Users/reimurase/Library/CloudStorage/GoogleDrive-cy23247@shibaura-it.ac.jp/マイドライブ/練習動画/コーチング(beta)/8月28日/2024-08-28_38.MOV,/Users/reimurase/Library/CloudStorage/GoogleDrive-cy23247@shibaura-it.ac.jp/マイドライブ/練習動画/コーチング(beta)/8月28日/IMG_9389.MOV
/Users/reimurase/Library/CloudStorage/GoogleDrive-cy23247@shibaura-it.ac.jp/マイドライブ/練習動画/コーチング(beta)/8月28日/2024-08-28_39.MOV,/Users/reimurase/Library/CloudStorage/GoogleDrive-cy23247@shibaura-it.ac.jp/マイドライブ/練習動画/コーチング(beta)/8月28日/IMG_9390.MOV
/Users/reimurase/Library/CloudStorage/GoogleDrive-cy23247@shibaura-it.ac.jp/マイドライブ/練習動画/コーチング(beta)/8月28日/2024-08-28_40.MOV,/Users/reimurase/Library/CloudStorage/GoogleDrive-cy23247@shibaura-it.ac.jp/マイドライブ/練習動画/コーチング(beta)/8月28日/IMG_9392.MOV
/Users/reimurase/Library/CloudStorage/GoogleDrive-cy23247@shibaura-it.ac.jp/マイドライブ/練習動画/コーチング(beta)/8月28日/2024-08-28_41.MOV,/Users/reimurase/Library/CloudStorage/GoogleDrive-cy23247@shibaura-it.ac.jp/マイドライブ/練習動画/コーチング(beta)/8月28日/IMG_8219.MOV
/Users/reimurase/Library/CloudStorage/GoogleDrive-cy23247@shibaura-it.ac.jp/マイドライブ/練習動画/コーチング(beta)/8月28日/2024-08-28_42.MOV,/Users/reimurase/Library/CloudStorage/GoogleDrive-cy23247@shibaura-it.ac.jp/マイドライブ/練習動画/コーチング(beta)/8月28日/IMG_8221.MOV
/Users/reimurase/Library/CloudStorage/GoogleDrive-cy23247@shibaura-it.ac.jp/マイドライブ/練習動画/コーチング(beta)/8月28日/2024-08-28_43.MOV,/Users/reimurase/Library/CloudStorage/GoogleDrive-cy23247@shibaura-it.ac.jp/マイドライブ/練習動画/コーチング(beta)/8月28日/IMG_8223.MOV
/Users/reimurase/Library/CloudStorage/GoogleDrive-cy23247@shibaura-it.ac.jp/マイドライブ/練習動画/コーチング(beta)/8月28日/2024-08-28_44.mov,/Users/reimurase/Library/CloudStorage/GoogleDrive-cy23247@shibaura-it.ac.jp/マイドライブ/練習動画/コーチング(beta)/8月28日/IMG_1083.mov
/Users/reimurase/Library/CloudStorage/GoogleDrive-cy23247@shibaura-it.ac.jp/マイドライブ/練習動画/コーチング(beta)/1228/2024-12-28_01.MOV,/Users/reimurase/Library/CloudStorage/GoogleDrive-cy23247@shibaura-it.ac.jp/マイドライブ/練習動画/コーチング(beta)/1228/IMG_2201.MOV
/Users/reimurase/Library/CloudStorage/GoogleDrive-cy23247@shibaura-it.ac.jp/マイドライブ/練習動画/コーチング(beta)/1228/2024-12-28_02.MOV,/Users/reimurase/Library/CloudStorage/GoogleDrive-cy23247@shibaura-it.ac.jp/マイドライブ/練習動画/コーチング(beta)/1228/IMG_2210.MOV
/Users/reimurase/Library/CloudStorage/GoogleDrive-cy23247@shibaura-it.ac.jp/マイドライブ/練習動画/コーチング(beta)/1228/2024-12-28_03.MOV,/Users/reimurase/Library/CloudStorage/GoogleDrive-cy23247@shibaura-it.ac.jp/マイドライブ/練習動画/コーチング(beta)/1228/IMG_2212.MOV
/Users/reimurase/Library/CloudStorage/GoogleDrive-cy23247@shibaura-it.ac.jp/マイドライブ/練習動画/コーチング(beta)/1228/2024-12-28_04.MOV,/Users/reimurase/Library/CloudStorage/GoogleDrive-cy23247@shibaura-it.ac.jp/マイドライブ/練習動画/コーチング(beta)/1228/IMG_2213.MOV
/Users/reimurase/Library/CloudStorage/GoogleDrive-cy23247@shibaura-it.ac.jp/マイドライブ/練習動画/コーチング(beta)/1228/2024-12-28_05.MOV,/Users/reimurase/Library/CloudStorage/GoogleDrive-cy23247@shibaura-it.ac.jp/マイドライブ/練習動画/コーチング(beta)/1228/IMG_2214.MOV
/Users/reimurase/Library/CloudStorage/GoogleDrive-cy23247@shibaura-it.ac.jp/マイドライブ/練習動画/コーチング(beta)/1228/2024-12-28_06.MOV,/Users/reimurase/Library/CloudStorage/GoogleDrive-cy23247@shibaura-it.ac.jp/マイドライブ/練習動画/コーチング(beta)/1228/IMG_2217.MOV
/Users/reimurase/Library/CloudStorage/GoogleDrive-cy23247@shibaura-it.ac.jp/マイドライブ/練習動画/コーチング(beta)/1228/2024-12-28_07.MOV,/Users/reimurase/Library/CloudStorage/GoogleDrive-cy23247@shibaura-it.ac.jp/マイドライブ/練習動画/コーチング(beta)/1228/IMG_2218.MOV
/Users/reimurase/Library/CloudStorage/GoogleDrive-cy23247@shibaura-it.ac.jp/マイドライブ/練習動画/コーチング(beta)/1228/2024-12-28_08.MOV,/Users/reimurase/Library/CloudStorage/GoogleDrive-cy23247@shibaura-it.ac.jp/マイドライブ/練習動画/コーチング(beta)/1228/IMG_2219.MOV
/Users/reimurase/Library/CloudStorage/GoogleDrive-cy23247@shibaura-it.ac.jp/マイドライブ/練習動画/コーチング(beta)/1228/2024-12-28_09.MOV,/Users/reimurase/Library/CloudStorage/GoogleDrive-cy23247@shibaura-it.ac.jp/マイドライブ/練習動画/コーチング(beta)/1228/IMG_2221.MOV
/Users/reimurase/Library/CloudStorage/GoogleDrive-cy23247@shibaura-it.ac.jp/マイドライブ/練習動画/コーチング(beta)/1228/2024-12-28_10.MOV,/Users/reimurase/Library/CloudStorage/GoogleDrive-cy23247@shibaura-it.ac.jp/マイドライブ/練習動画/コーチング(beta)/1228/IMG_2222.MOV
/Users/reimurase/Library/CloudStorage/GoogleDrive-cy23247@shibaura-it.ac.jp/マイドライブ/練習動画/コーチング(beta)/1228/2024-12-28_11.MOV,/Users/reimurase/Library/CloudStorage/GoogleDrive-cy23247@shibaura-it.ac.jp/マイドライブ/練習動画/コーチング(beta)/1228/IMG_2223.MOV
/Users/reimurase/Library/CloudStorage/GoogleDrive-cy23247@shibaura-it.ac.jp/マイドライブ/練習動画/コーチング(beta)/1228/2024-12-28_12.MOV,/Users/reimurase/Library/CloudStorage/GoogleDrive-cy23247@shibaura-it.ac.jp/マイドライブ/練習動画/コーチング(beta)/1228/IMG_2224.MOV
