folder,coaching_date,old_name,new_name,capture_jst,match
2025 7 4 優吾さんコーチング,2025-07-04,IMG_6040.MOV,2025-07-04_優吾さんコーチング_01.MOV,2025-07-04,OK
2025 7 4 優吾さんコーチング,2025-07-04,IMG_6041.MOV,2025-07-04_優吾さんコーチング_02.MOV,2025-07-04,OK
2025 7 4 優吾さんコーチング,2025-07-04,IMG_6044.MOV,2025-07-04_優吾さんコーチング_03.MOV,2025-07-04,OK
2025 7 4 優吾さんコーチング,2025-07-04,IMG_6045.MOV,2025-07-04_優吾さんコーチング_04.MOV,2025-07-04,OK
2025 7 4 優吾さんコーチング,2025-07-04,IMG_6046.MOV,2025-07-04_優吾さんコーチング_05.MOV,2025-07-04,OK
2025 7 4 優吾さんコーチング,2025-07-04,IMG_6048.MOV,2025-07-04_優吾さんコーチング_06.MOV,2025-07-04,OK
2025 7 4 優吾さんコーチング,2025-07-04,IMG_6049.MOV,2025-07-04_優吾さんコーチング_07.MOV,2025-07-04,OK
2025 7 4 優吾さんコーチング,2025-07-04,IMG_6050.MOV,2025-07-04_優吾さんコーチング_08.MOV,2025-07-04,OK
2025 7 4 優吾さんコーチング,2025-07-04,IMG_6051.MOV,2025-07-04_優吾さんコーチング_09.MOV,2025-07-04,OK
2025 7 4 優吾さんコーチング,2025-07-04,IMG_6052.MOV,2025-07-04_優吾さんコーチング_10.MOV,2025-07-04,OK
2025 7 4 優吾さんコーチング,2025-07-04,IMG_6053.MOV,2025-07-04_優吾さんコーチング_11.MOV,2025-07-04,OK
2025 7 4 優吾さんコーチング,2025-07-04,IMG_6054.MOV,2025-07-04_優吾さんコーチング_12.MOV,2025-07-04,OK
2025 7 4 優吾さんコーチング,2025-07-04,IMG_6055.MOV,2025-07-04_優吾さんコーチング_13.MOV,2025-07-04,OK
2025 7 4 優吾さんコーチング,2025-07-04,IMG_3110.MOV,2025-07-04_優吾さんコーチング_14.MOV,2025-07-04,OK
2025 7 4 優吾さんコーチング,2025-07-04,IMG_1579.MOV,2025-07-04_優吾さんコーチング_15.MOV,2025-07-04,OK
2025 7 4 優吾さんコーチング,2025-07-04,IMG_1580.MOV,2025-07-04_優吾さんコーチング_16.MOV,2025-07-04,OK
2025 7 4 優吾さんコーチング,2025-07-04,IMG_1583.MOV,2025-07-04_優吾さんコーチング_17.MOV,2025-07-04,OK
2025 7 4 優吾さんコーチング,2025-07-04,IMG_8049.MOV,2025-07-04_優吾さんコーチング_18.MOV,2025-07-04,OK
2025 7 4 優吾さんコーチング,2025-07-04,IMG_8050.MOV,2025-07-04_優吾さんコーチング_19.MOV,2025-07-04,OK
2025 7 4 優吾さんコーチング,2025-07-04,IMG_8051.MOV,2025-07-04_優吾さんコーチング_20.MOV,2025-07-04,OK
2025 7 4 優吾さんコーチング,2025-07-04,IMG_8052.MOV,2025-07-04_優吾さんコーチング_21.MOV,2025-07-04,OK
2025 7 4 優吾さんコーチング,2025-07-04,IMG_8048.mov,2025-07-04_優吾さんコーチング_22.mov,2025-07-04,OK
2025 7 4 優吾さんコーチング,2025-07-04,IMG_4707.MOV,2025-07-04_優吾さんコーチング_23.MOV,2025-07-05,MISMATCH
3 24,2025-03-24,IMG_8986.MOV,2025-03-24_01.MOV,2025-03-24,OK
2025 3 18 駿水さんコーチング,2025-03-18,IMG_3217.MOV,2025-03-18_駿水さんコーチング_01.MOV,2025-03-18,OK
2025 3 18 駿水さんコーチング,2025-03-18,IMG_3219.MOV,2025-03-18_駿水さんコーチング_02.MOV,2025-03-18,OK
2025 3 18 駿水さんコーチング,2025-03-18,IMG_3222.MOV,2025-03-18_駿水さんコーチング_03.MOV,2025-03-18,OK
2025 3 18 駿水さんコーチング,2025-03-18,IMG_3223.MOV,2025-03-18_駿水さんコーチング_04.MOV,2025-03-18,OK
2025 3 18 駿水さんコーチング,2025-03-18,IMG_3225.MOV,2025-03-18_駿水さんコーチング_05.MOV,2025-03-18,OK
2025 3 18 駿水さんコーチング,2025-03-18,IMG_3226.MOV,2025-03-18_駿水さんコーチング_06.MOV,2025-03-18,OK
2025 3 18 駿水さんコーチング,2025-03-18,IMG_3229.MOV,2025-03-18_駿水さんコーチング_07.MOV,2025-03-18,OK
2025 3 18 駿水さんコーチング,2025-03-18,IMG_3230.MOV,2025-03-18_駿水さんコーチング_08.MOV,2025-03-18,OK
2025 3 18 駿水さんコーチング,2025-03-18,IMG_3232.MOV,2025-03-18_駿水さんコーチング_09.MOV,2025-03-18,OK
2025 3 18 駿水さんコーチング,2025-03-18,IMG_3234.MOV,2025-03-18_駿水さんコーチング_10.MOV,2025-03-18,OK
2025 3 18 駿水さんコーチング,2025-03-18,IMG_3235.MOV,2025-03-18_駿水さんコーチング_11.MOV,2025-03-18,OK
2025 3 18 駿水さんコーチング,2025-03-18,IMG_3237.MOV,2025-03-18_駿水さんコーチング_12.MOV,2025-03-18,OK
2025 3 18 駿水さんコーチング,2025-03-18,IMG_3239.MOV,2025-03-18_駿水さんコーチング_13.MOV,2025-03-18,OK
2025 3 18 駿水さんコーチング,2025-03-18,IMG_3241.MOV,2025-03-18_駿水さんコーチング_14.MOV,2025-03-18,OK
2025 3 18 駿水さんコーチング,2025-03-18,IMG_3243.MOV,2025-03-18_駿水さんコーチング_15.MOV,2025-03-18,OK
2025 3 18 駿水さんコーチング,2025-03-18,IMG_3247.MOV,2025-03-18_駿水さんコーチング_16.MOV,2025-03-18,OK
2025 3 18 駿水さんコーチング,2025-03-18,IMG_3249.MOV,2025-03-18_駿水さんコーチング_17.MOV,2025-03-18,OK
2025 3 18 駿水さんコーチング,2025-03-18,IMG_3250.MOV,2025-03-18_駿水さんコーチング_18.MOV,2025-03-18,OK
2025 3 18 駿水さんコーチング,2025-03-18,IMG_3251.MOV,2025-03-18_駿水さんコーチング_19.MOV,2025-03-18,OK
2025 3 18 駿水さんコーチング,2025-03-18,IMG_3252.MOV,2025-03-18_駿水さんコーチング_20.MOV,2025-03-18,OK
2025 3 18 駿水さんコーチング,2025-03-18,IMG_3254.MOV,2025-03-18_駿水さんコーチング_21.MOV,2025-03-18,OK
2025 3 18 駿水さんコーチング,2025-03-18,IMG_3255.MOV,2025-03-18_駿水さんコーチング_22.MOV,2025-03-18,OK
2025 3 18 駿水さんコーチング,2025-03-18,IMG_3257.MOV,2025-03-18_駿水さんコーチング_23.MOV,2025-03-18,OK
2025 3 18 駿水さんコーチング,2025-03-18,IMG_3259.MOV,2025-03-18_駿水さんコーチング_24.MOV,2025-03-18,OK
2025 3 18 駿水さんコーチング,2025-03-18,IMG_3260.MOV,2025-03-18_駿水さんコーチング_25.MOV,2025-03-18,OK
2025 3 18 駿水さんコーチング,2025-03-18,IMG_3261.MOV,2025-03-18_駿水さんコーチング_26.MOV,2025-03-18,OK
2025 3 18 駿水さんコーチング,2025-03-18,IMG_3262.MOV,2025-03-18_駿水さんコーチング_27.MOV,2025-03-18,OK
2025 3 18 駿水さんコーチング,2025-03-18,IMG_3263.MOV,2025-03-18_駿水さんコーチング_28.MOV,2025-03-18,OK
2025 3 18 駿水さんコーチング,2025-03-18,IMG_3264.MOV,2025-03-18_駿水さんコーチング_29.MOV,2025-03-18,OK
2025 3 18 駿水さんコーチング,2025-03-18,IMG_3265.MOV,2025-03-18_駿水さんコーチング_30.MOV,2025-03-18,OK
2025 3 18 駿水さんコーチング,2025-03-18,IMG_3267.MOV,2025-03-18_駿水さんコーチング_31.MOV,2025-03-18,OK
2025 3 18 駿水さんコーチング,2025-03-18,IMG_3269.MOV,2025-03-18_駿水さんコーチング_32.MOV,2025-03-18,OK
2025 3 18 駿水さんコーチング,2025-03-18,IMG_3272.MOV,2025-03-18_駿水さんコーチング_33.MOV,2025-03-18,OK
2025 3 18 駿水さんコーチング,2025-03-18,IMG_3273.MOV,2025-03-18_駿水さんコーチング_34.MOV,2025-03-18,OK
2025 3 18 駿水さんコーチング,2025-03-18,IMG_3279.MOV,2025-03-18_駿水さんコーチング_35.MOV,2025-03-18,OK
2025 3 18 駿水さんコーチング,2025-03-18,IMG_3280.MOV,2025-03-18_駿水さんコーチング_36.MOV,2025-03-18,OK
2025 3 18 駿水さんコーチング,2025-03-18,IMG_3283.MOV,2025-03-18_駿水さんコーチング_37.MOV,2025-03-18,OK
2025 3 18 駿水さんコーチング,2025-03-18,IMG_3284.MOV,2025-03-18_駿水さんコーチング_38.MOV,2025-03-18,OK
2025 3 18 駿水さんコーチング,2025-03-18,IMG_3286.MOV,2025-03-18_駿水さんコーチング_39.MOV,2025-03-18,OK
2025 3 18 駿水さんコーチング,2025-03-18,IMG_3287.MOV,2025-03-18_駿水さんコーチング_40.MOV,2025-03-18,OK
2025 3 17 駿水さんコーチング,2025-03-17,4A454F0A-ECBB-483B-99CA-36BC36519ABE.MP4,2025-03-17_駿水さんコーチング_01.MP4,2024-08-30,MISMATCH
2025 3 17 駿水さんコーチング,2025-03-17,IMG_0552.MOV,2025-03-17_駿水さんコーチング_02.MOV,2025-03-17,OK
2025 3 17 駿水さんコーチング,2025-03-17,IMG_0556.MOV,2025-03-17_駿水さんコーチング_03.MOV,2025-03-17,OK
2025 3 17 駿水さんコーチング,2025-03-17,IMG_0557.MOV,2025-03-17_駿水さんコーチング_04.MOV,2025-03-17,OK
2025 3 17 駿水さんコーチング,2025-03-17,IMG_8205.MOV,2025-03-17_駿水さんコーチング_05.MOV,2025-03-17,OK
2025 3 17 駿水さんコーチング,2025-03-17,IMG_8209.MOV,2025-03-17_駿水さんコーチング_06.MOV,2025-03-17,OK
2025 3 17 駿水さんコーチング,2025-03-17,IMG_8211.MOV,2025-03-17_駿水さんコーチング_07.MOV,2025-03-17,OK
2025 3 17 駿水さんコーチング,2025-03-17,IMG_8217.MOV,2025-03-17_駿水さんコーチング_08.MOV,2025-03-17,OK
2025 3 17 駿水さんコーチング,2025-03-17,IMG_0925.MOV,2025-03-17_駿水さんコーチング_09.MOV,2025-03-17,OK
2025.3.11 駿水さんコーチング,2025-03-11,IMG_0514.MOV,2025-03-11_駿水さんコーチング_01.MOV,2025-03-11,OK
2025.3.11 駿水さんコーチング,2025-03-11,IMG_3104.MOV,2025-03-11_駿水さんコーチング_02.MOV,2025-03-11,OK
2025.3.11 駿水さんコーチング,2025-03-11,IMG_3105.MOV,2025-03-11_駿水さんコーチング_03.MOV,2025-03-11,OK
2025.3.11 駿水さんコーチング,2025-03-11,IMG_3106.MOV,2025-03-11_駿水さんコーチング_04.MOV,2025-03-11,OK
2025.3.11 駿水さんコーチング,2025-03-11,IMG_3111.MOV,2025-03-11_駿水さんコーチング_05.MOV,2025-03-11,OK
2025.3.11 駿水さんコーチング,2025-03-11,IMG_3114.MOV,2025-03-11_駿水さんコーチング_06.MOV,2025-03-11,OK
2025.3.11 駿水さんコーチング,2025-03-11,IMG_3121.MOV,2025-03-11_駿水さんコーチング_07.MOV,2025-03-11,OK
2025.3.11 駿水さんコーチング,2025-03-11,IMG_3133.MOV,2025-03-11_駿水さんコーチング_08.MOV,2025-03-11,OK
2025.3.11 駿水さんコーチング,2025-03-11,IMG_3134.MOV,2025-03-11_駿水さんコーチング_09.MOV,2025-03-11,OK
2025.3.11 駿水さんコーチング,2025-03-11,IMG_3135.MOV,2025-03-11_駿水さんコーチング_10.MOV,2025-03-11,OK
2025.3.11 駿水さんコーチング,2025-03-11,IMG_3136.MOV,2025-03-11_駿水さんコーチング_11.MOV,2025-03-11,OK
2025.3.11 駿水さんコーチング,2025-03-11,IMG_3141.MOV,2025-03-11_駿水さんコーチング_12.MOV,2025-03-11,OK
2025.3.11 駿水さんコーチング,2025-03-11,IMG_3142.MOV,2025-03-11_駿水さんコーチング_13.MOV,2025-03-11,OK
2025.3.11 駿水さんコーチング,2025-03-11,IMG_3143.MOV,2025-03-11_駿水さんコーチング_14.MOV,2025-03-11,OK
2025 3 9,2025-03-09,IMG_2971.MOV,2025-03-09_01.MOV,2025-03-09,OK
2025 3 9,2025-03-09,IMG_2972.MOV,2025-03-09_02.MOV,2025-03-09,OK
2025 3 9,2025-03-09,IMG_2986.MOV,2025-03-09_03.MOV,2025-03-09,OK
2025 3 9,2025-03-09,IMG_2990.MOV,2025-03-09_04.MOV,2025-03-09,OK
2025 3 9,2025-03-09,IMG_2991.MOV,2025-03-09_05.MOV,2025-03-09,OK
2025 3 9,2025-03-09,IMG_3004.MOV,2025-03-09_06.MOV,2025-03-09,OK
2025 3 9,2025-03-09,IMG_3010.MOV,2025-03-09_07.MOV,2025-03-09,OK
2025 3 9,2025-03-09,IMG_3011.MOV,2025-03-09_08.MOV,2025-03-09,OK
2025 3 8,2025-03-08,IMG_2952.MOV,2025-03-08_01.MOV,2025-03-08,OK
2025 03 04,2025-03-04,IMG_1569.MOV,2025-03-04_01.MOV,2025-03-04,OK
2025 03 04,2025-03-04,IMG_1571.MOV,2025-03-04_02.MOV,2025-03-04,OK
2025 2月22日,2025-02-22,IMG_2781.MOV,2025-02-22_01.MOV,2025-02-22,OK
2025 2月22日,2025-02-22,IMG_2782.MOV,2025-02-22_02.MOV,2025-02-22,OK
2025 2月22日,2025-02-22,IMG_2783.MOV,2025-02-22_03.MOV,2025-02-22,OK
2025 2月22日,2025-02-22,IMG_2784.MOV,2025-02-22_04.MOV,2025-02-22,OK
2025 2月22日,2025-02-22,IMG_2799.MOV,2025-02-22_05.MOV,2025-02-22,OK
2025 2月22日,2025-02-22,IMG_2822.MOV,2025-02-22_06.MOV,2025-02-22,OK
"3,11",2024-03-11,IMG_0065.MOV,2024-03-11_01.MOV,2024-03-21,MISMATCH
"3,11",2024-03-11,IMG_0075.MOV,2024-03-11_02.MOV,2024-03-21,MISMATCH
"3,11",2024-03-11,IMG_0076.MOV,2024-03-11_03.MOV,2024-03-21,MISMATCH
12 7,2024-12-07,IMG_1974.MOV,2024-12-07_01.MOV,2024-12-07,OK
12 7,2024-12-07,IMG_1975.MOV,2024-12-07_02.MOV,2024-12-07,OK
12 7,2024-12-07,IMG_1976 (1).MOV,2024-12-07_03.MOV,2024-12-07,OK
12 7,2024-12-07,IMG_1976.MOV,2024-12-07_04.MOV,2024-12-07,OK
12 7,2024-12-07,IMG_1977 (1).MOV,2024-12-07_05.MOV,2024-12-07,OK
12 7,2024-12-07,IMG_1977.MOV,2024-12-07_06.MOV,2024-12-07,OK
12 7,2024-12-07,IMG_1978.MOV,2024-12-07_07.MOV,2024-12-07,OK
12 7,2024-12-07,IMG_1980 (1).MOV,2024-12-07_08.MOV,2024-12-07,OK
12 7,2024-12-07,IMG_1980.MOV,2024-12-07_09.MOV,2024-12-07,OK
12 7,2024-12-07,IMG_2031.MOV,2024-12-07_10.MOV,2024-12-14,MISMATCH
8月28日,2024-08-28,IMG_1061.MOV,2024-08-28_01.MOV,2024-08-28,OK
8月28日,2024-08-28,IMG_1062.MOV,2024-08-28_02.MOV,2024-08-28,OK
8月28日,2024-08-28,IMG_1066.MOV,2024-08-28_03.MOV,2024-08-28,OK
8月28日,2024-08-28,IMG_1072.MOV,2024-08-28_04.MOV,2024-08-28,OK
8月28日,2024-08-28,IMG_1075.MOV,2024-08-28_05.MOV,2024-08-28,OK
8月28日,2024-08-28,IMG_1076.MOV,2024-08-28_06.MOV,2024-08-28,OK
8月28日,2024-08-28,IMG_1079.MOV,2024-08-28_07.MOV,2024-08-28,OK
8月28日,2024-08-28,IMG_1086.MOV,2024-08-28_08.MOV,2024-08-28,OK
8月28日,2024-08-28,IMG_1090.MOV,2024-08-28_09.MOV,2024-08-28,OK
8月28日,2024-08-28,IMG_1092.MOV,2024-08-28_10.MOV,2024-08-28,OK
8月28日,2024-08-28,IMG_1094.MOV,2024-08-28_11.MOV,2024-08-28,OK
8月28日,2024-08-28,IMG_1098.MOV,2024-08-28_12.MOV,2024-08-28,OK
8月28日,2024-08-28,IMG_1099.MOV,2024-08-28_13.MOV,2024-08-28,OK
8月28日,2024-08-28,IMG_1101.MOV,2024-08-28_14.MOV,2024-08-28,OK
8月28日,2024-08-28,IMG_1104.MOV,2024-08-28_15.MOV,2024-08-28,OK
8月28日,2024-08-28,IMG_1106.MOV,2024-08-28_16.MOV,2024-08-28,OK
8月28日,2024-08-28,IMG_1108.MOV,2024-08-28_17.MOV,2024-08-28,OK
8月28日,2024-08-28,IMG_9344.MOV,2024-08-28_18.MOV,2024-08-29,MISMATCH
8月28日,2024-08-28,IMG_9345.MOV,2024-08-28_19.MOV,2024-08-29,MISMATCH
8月28日,2024-08-28,IMG_9351.MOV,2024-08-28_20.MOV,2024-08-29,MISMATCH
8月28日,2024-08-28,IMG_9352.MOV,2024-08-28_21.MOV,2024-08-29,MISMATCH
8月28日,2024-08-28,IMG_9355.MOV,2024-08-28_22.MOV,2024-08-29,MISMATCH
8月28日,2024-08-28,IMG_9356.MOV,2024-08-28_23.MOV,2024-08-29,MISMATCH
8月28日,2024-08-28,IMG_9358.MOV,2024-08-28_24.MOV,2024-08-29,MISMATCH
8月28日,2024-08-28,IMG_9360.MOV,2024-08-28_25.MOV,2024-08-29,MISMATCH
8月28日,2024-08-28,IMG_9361.MOV,2024-08-28_26.MOV,2024-08-29,MISMATCH
8月28日,2024-08-28,IMG_9366.MOV,2024-08-28_27.MOV,2024-08-29,MISMATCH
8月28日,2024-08-28,IMG_9367.MOV,2024-08-28_28.MOV,2024-08-29,MISMATCH
8月28日,2024-08-28,IMG_9368.MOV,2024-08-28_29.MOV,2024-08-29,MISMATCH
8月28日,2024-08-28,IMG_9369.MOV,2024-08-28_30.MOV,2024-08-29,MISMATCH
8月28日,2024-08-28,IMG_9378.MOV,2024-08-28_31.MOV,2024-08-29,MISMATCH
8月28日,2024-08-28,IMG_9381.MOV,2024-08-28_32.MOV,2024-08-29,MISMATCH
8月28日,2024-08-28,IMG_9382.MOV,2024-08-28_33.MOV,2024-08-29,MISMATCH
8月28日,2024-08-28,IMG_8214.MOV,2024-08-28_34.MOV,2024-08-29,MISMATCH
8月28日,2024-08-28,IMG_8217.MOV,2024-08-28_35.MOV,2024-08-29,MISMATCH
8月28日,2024-08-28,IMG_9384.MOV,2024-08-28_36.MOV,2024-08-29,MISMATCH
8月28日,2024-08-28,IMG_8218.MOV,2024-08-28_37.MOV,2024-08-29,MISMATCH
8月28日,2024-08-28,IMG_9389.MOV,2024-08-28_38.MOV,2024-08-29,MISMATCH
8月28日,2024-08-28,IMG_9390.MOV,2024-08-28_39.MOV,2024-08-29,MISMATCH
8月28日,2024-08-28,IMG_9392.MOV,2024-08-28_40.MOV,2024-08-29,MISMATCH
8月28日,2024-08-28,IMG_8219.MOV,2024-08-28_41.MOV,2024-08-29,MISMATCH
8月28日,2024-08-28,IMG_8221.MOV,2024-08-28_42.MOV,2024-08-29,MISMATCH
8月28日,2024-08-28,IMG_8223.MOV,2024-08-28_43.MOV,2024-08-29,MISMATCH
8月28日,2024-08-28,IMG_1083.mov,2024-08-28_44.mov,2024-10-26,MISMATCH
1228,2024-12-28,IMG_2201.MOV,2024-12-28_01.MOV,2024-12-28,OK
1228,2024-12-28,IMG_2210.MOV,2024-12-28_02.MOV,2024-12-28,OK
1228,2024-12-28,IMG_2212.MOV,2024-12-28_03.MOV,2024-12-28,OK
1228,2024-12-28,IMG_2213.MOV,2024-12-28_04.MOV,2024-12-28,OK
1228,2024-12-28,IMG_2214.MOV,2024-12-28_05.MOV,2024-12-28,OK
1228,2024-12-28,IMG_2217.MOV,2024-12-28_06.MOV,2024-12-28,OK
1228,2024-12-28,IMG_2218.MOV,2024-12-28_07.MOV,2024-12-28,OK
1228,2024-12-28,IMG_2219.MOV,2024-12-28_08.MOV,2024-12-28,OK
1228,2024-12-28,IMG_2221.MOV,2024-12-28_09.MOV,2024-12-28,OK
1228,2024-12-28,IMG_2222.MOV,2024-12-28_10.MOV,2024-12-28,OK
1228,2024-12-28,IMG_2223.MOV,2024-12-28_11.MOV,2024-12-28,OK
1228,2024-12-28,IMG_2224.MOV,2024-12-28_12.MOV,2024-12-28,OK
