new_path,prev_path
/Users/reimurase/Google Drive/マイドライブ/練習動画/2025練習/12月13日/20251213_1001-北北東-3.4.MOV,/Users/reimurase/Google Drive/マイドライブ/練習動画/2025練習/12月13日/20251216_1001-北北東-3.1.MOV
/Users/reimurase/Google Drive/マイドライブ/練習動画/2025練習/12月13日/20251213_0955-北北東-3.4.MOV,/Users/reimurase/Google Drive/マイドライブ/練習動画/2025練習/12月13日/20251216_0209-北北東-2.4.MOV
/Users/reimurase/Google Drive/マイドライブ/練習動画/2025練習/12月13日/20251213_0950-北北東-3.4.MOV,/Users/reimurase/Google Drive/マイドライブ/練習動画/2025練習/12月13日/20251216_0950-北北東-3.1.MOV
/Users/reimurase/Google Drive/マイドライブ/練習動画/2025練習/12月13日/20251213_0959-北北東-3.4.MOV,/Users/reimurase/Google Drive/マイドライブ/練習動画/2025練習/12月13日/20251216_0959-北北東-3.1.MOV
/Users/reimurase/Google Drive/マイドライブ/練習動画/2025練習/12月13日/20251213_0945-北北東-3.4.MOV,/Users/reimurase/Google Drive/マイドライブ/練習動画/2025練習/12月13日/20251216_0945-北北東-3.1.MOV
/Users/reimurase/Google Drive/マイドライブ/練習動画/2025練習/12月13日/20251213_0955-北北東-3.4_2.MOV,/Users/reimurase/Google Drive/マイドライブ/練習動画/2025練習/12月13日/20251216_0207-北北東-2.4.MOV
/Users/reimurase/Google Drive/マイドライブ/練習動画/2025練習/12月13日/20251213_1003-北北東-3.4.MOV,/Users/reimurase/Google Drive/マイドライブ/練習動画/2025練習/12月13日/20251216_1003-北北東-3.1.MOV
/Users/reimurase/Google Drive/マイドライブ/練習動画/2025練習/12月13日/20251213_0957-北北東-3.4.MOV,/Users/reimurase/Google Drive/マイドライブ/練習動画/2025練習/12月13日/20251216_0957-北北東-3.1.MOV
/Users/reimurase/Google Drive/マイドライブ/練習動画/2025練習/12月13日/20251213_0947-北北東-3.4.MOV,/Users/reimurase/Google Drive/マイドライブ/練習動画/2025練習/12月13日/20251216_0947-北北東-3.1.MOV
/Users/reimurase/Google Drive/マイドライブ/練習動画/2025練習/12月13日/20251213_1005-北北東-3.4.MOV,/Users/reimurase/Google Drive/マイドライブ/練習動画/2025練習/12月13日/20251216_1005-北北東-3.1.MOV
/Users/reimurase/Google Drive/マイドライブ/練習動画/2025練習/12月13日/20251213_0955-北北東-3.4_3.MOV,/Users/reimurase/Google Drive/マイドライブ/練習動画/2025練習/12月13日/20251216_0208-北北東-2.4.MOV
/Users/reimurase/Google Drive/マイドライブ/練習動画/2025練習/12月13日/20251213_0955-北北東-3.4_4.MOV,/Users/reimurase/Google Drive/マイドライブ/練習動画/2025練習/12月13日/20251216_0211-北北東-2.4.MOV
/Users/reimurase/Google Drive/マイドライブ/練習動画/2025練習/12月13日/20251213_0948-北北東-3.4.MOV,/Users/reimurase/Google Drive/マイドライブ/練習動画/2025練習/12月13日/20251216_0948-北北東-3.1.MOV
/Users/reimurase/Google Drive/マイドライブ/練習動画/2025練習/12月13日/20251213_0954-北北東-3.4.MOV,/Users/reimurase/Google Drive/マイドライブ/練習動画/2025練習/12月13日/20251216_0954-北北東-3.1.MOV
/Users/reimurase/Google Drive/マイドライブ/練習動画/2025練習/12月14/20251214_0955-北北東-2.4.MOV,/Users/reimurase/Google Drive/マイドライブ/練習動画/2025練習/12月14/20251216_0955-北北東-3.1.MOV
/Users/reimurase/Google Drive/マイドライブ/練習動画/2025練習/12月14/20251214_0950-北北東-2.4.MOV,/Users/reimurase/Google Drive/マイドライブ/練習動画/2025練習/12月14/20251216_0950-北北東-3.1.MOV
/Users/reimurase/Google Drive/マイドライブ/練習動画/2025練習/12月14/20251214_0952-北北東-2.4.MOV,/Users/reimurase/Google Drive/マイドライブ/練習動画/2025練習/12月14/20251216_0952-北北東-3.1.MOV
/Users/reimurase/Google Drive/マイドライブ/練習動画/2025練習/12月14/20251214_0951-北北東-2.4.MOV,/Users/reimurase/Google Drive/マイドライブ/練習動画/2025練習/12月14/20251216_0951-北北東-3.1.MOV
/Users/reimurase/Google Drive/マイドライブ/練習動画/2025練習/12 6(土)/20251206_1258-東北東-0.9.MOV,/Users/reimurase/Google Drive/マイドライブ/練習動画/2025練習/12 6(土)/20251208_1258-南南西-8.4.MOV
/Users/reimurase/Google Drive/マイドライブ/練習動画/2025練習/12 6(土)/20251206_1254-東北東-0.9.MOV,/Users/reimurase/Google Drive/マイドライブ/練習動画/2025練習/12 6(土)/20251208_1254-南南西-8.4.MOV
/Users/reimurase/Google Drive/マイドライブ/練習動画/2025練習/12 6(土)/20251206_1257-東北東-0.9.MOV,/Users/reimurase/Google Drive/マイドライブ/練習動画/2025練習/12 6(土)/20251208_1257-南南西-8.4.MOV
/Users/reimurase/Google Drive/マイドライブ/練習動画/2025練習/12 6(土)/20251206_1255-東北東-0.9.MOV,/Users/reimurase/Google Drive/マイドライブ/練習動画/2025練習/12 6(土)/20251208_1255-南南西-8.4.MOV
/Users/reimurase/Google Drive/マイドライブ/練習動画/2025練習/12 6(土)/20251206_1256-東北東-0.9.MOV,/Users/reimurase/Google Drive/マイドライブ/練習動画/2025練習/12 6(土)/20251208_1256-南南西-8.4.MOV
/Users/reimurase/Google Drive/マイドライブ/練習動画/2025練習/12 26/20251226_0857-東-1.4.MOV,/Users/reimurase/Google Drive/マイドライブ/練習動画/2025練習/12 26/20251227_0857-北北東-4.3.MOV
/Users/reimurase/Google Drive/マイドライブ/練習動画/2025練習/12 26/20251226_0854-東-1.4.MOV,/Users/reimurase/Google Drive/マイドライブ/練習動画/2025練習/12 26/20251227_0854-北北東-4.3.MOV
/Users/reimurase/Google Drive/マイドライブ/練習動画/2025練習/12 26/20251226_0858-東-1.4.MOV,/Users/reimurase/Google Drive/マイドライブ/練習動画/2025練習/12 26/20251227_0858-北北東-4.3.MOV
/Users/reimurase/Google Drive/マイドライブ/練習動画/2025練習/12 26/20251226_0851-東-1.4.MOV,/Users/reimurase/Google Drive/マイドライブ/練習動画/2025練習/12 26/20251227_0851-北北東-4.3.MOV
/Users/reimurase/Google Drive/マイドライブ/練習動画/2025練習/12 26/20251226_0856-東-1.4.MOV,/Users/reimurase/Google Drive/マイドライブ/練習動画/2025練習/12 26/20251227_0856-北北東-4.3.MOV
/Users/reimurase/Google Drive/マイドライブ/練習動画/2025練習/12 26/20251226_0853-東-1.4.MOV,/Users/reimurase/Google Drive/マイドライブ/練習動画/2025練習/12 26/20251227_0853-北北東-4.3.MOV
/Users/reimurase/Google Drive/マイドライブ/練習動画/2025練習/12 26/20251226_0850-東-1.4.MOV,/Users/reimurase/Google Drive/マイドライブ/練習動画/2025練習/12 26/20251227_0850-北北東-4.3.MOV
/Users/reimurase/Google Drive/マイドライブ/練習動画/2025練習/12 26/20251226_0849-東-1.4.MOV,/Users/reimurase/Google Drive/マイドライブ/練習動画/2025練習/12 26/20251227_0849-北北東-4.3.MOV
/Users/reimurase/Google Drive/マイドライブ/練習動画/2025練習/12 26/20251226_0855-東-1.4.MOV,/Users/reimurase/Google Drive/マイドライブ/練習動画/2025練習/12 26/20251227_0855-北北東-4.3.MOV
/Users/reimurase/Google Drive/マイドライブ/練習動画/2025練習/12月28日/20251228_1200-北-4.1.MP4,/Users/reimurase/Google Drive/マイドライブ/練習動画/2025練習/12月28日/20251230_0021-南西-3.9.MP4
/Users/reimurase/Google Drive/マイドライブ/練習動画/2025練習/12月28日/20251228_1200-北-4.1.MOV,/Users/reimurase/Google Drive/マイドライブ/練習動画/2025練習/12月28日/20251230_0023-南西-3.9.MOV
/Users/reimurase/Google Drive/マイドライブ/練習動画/2025練習/12月28日/20251228_1200-北-4.1_2.MOV,/Users/reimurase/Google Drive/マイドライブ/練習動画/2025練習/12月28日/20251230_0026-南西-3.9.MOV
/Users/reimurase/Google Drive/マイドライブ/練習動画/2025練習/12月28日/20251228_1200-北-4.1_3.MOV,/Users/reimurase/Google Drive/マイドライブ/練習動画/2025練習/12月28日/20251230_0021-南西-3.9.MOV
/Users/reimurase/Google Drive/マイドライブ/練習動画/2025練習/12月28日/20251228_1200-北-4.1_4.MOV,/Users/reimurase/Google Drive/マイドライブ/練習動画/2025練習/12月28日/20251230_0024-南西-3.9.MOV
/Users/reimurase/Google Drive/マイドライブ/練習動画/2025練習/12月28日/20251228_1200-北-4.1_5.MOV,/Users/reimurase/Google Drive/マイドライブ/練習動画/2025練習/12月28日/20251230_0022-南西-3.9.MOV
/Users/reimurase/Google Drive/マイドライブ/練習動画/2025練習/12月28日/20251228_1200-北-4.1_6.MOV,/Users/reimurase/Google Drive/マイドライブ/練習動画/2025練習/12月28日/20251230_0025-南西-3.9.MOV
/Users/reimurase/Google Drive/マイドライブ/練習動画/2025練習/12月28日/20251228_1200-北-4.1_2.MP4,/Users/reimurase/Google Drive/マイドライブ/練習動画/2025練習/12月28日/20251230_0022-南西-3.9.MP4
/Users/reimurase/Google Drive/マイドライブ/練習動画/2025練習/11 16(日)/20251116_1209-北北東-2.3.MOV,/Users/reimurase/Google Drive/マイドライブ/練習動画/2025練習/11 16(日)/20251122_1209-北北東-2.2.MOV
/Users/reimurase/Google Drive/マイドライブ/練習動画/2025練習/11 16(日)/20251116_1227-北北東-2.3.MOV,/Users/reimurase/Google Drive/マイドライブ/練習動画/2025練習/11 16(日)/20251122_1227-北北東-2.2.MOV
/Users/reimurase/Google Drive/マイドライブ/練習動画/2025練習/11 16(日)/20251116_1210-北北東-2.3.MOV,/Users/reimurase/Google Drive/マイドライブ/練習動画/2025練習/11 16(日)/20251122_1210-北北東-2.2.MOV
/Users/reimurase/Google Drive/マイドライブ/練習動画/2025練習/11 16(日)/20251116_1219-北北東-2.3.MOV,/Users/reimurase/Google Drive/マイドライブ/練習動画/2025練習/11 16(日)/20251122_1219-北北東-2.2.MOV
/Users/reimurase/Google Drive/マイドライブ/練習動画/2025練習/11 16(日)/20251116_1221-北北東-2.3.MOV,/Users/reimurase/Google Drive/マイドライブ/練習動画/2025練習/11 16(日)/20251122_1221-北北東-2.2.MOV
/Users/reimurase/Google Drive/マイドライブ/練習動画/2025練習/11 16(日)/20251116_1148-北北東-2.3.MOV,/Users/reimurase/Google Drive/マイドライブ/練習動画/2025練習/11 16(日)/20251122_1148-北北東-2.2.MOV
/Users/reimurase/Google Drive/マイドライブ/練習動画/2025練習/11 16(日)/20251116_1216-北北東-2.3.MOV,/Users/reimurase/Google Drive/マイドライブ/練習動画/2025練習/11 16(日)/20251122_1216-北北東-2.2.MOV
/Users/reimurase/Google Drive/マイドライブ/練習動画/2025練習/11 16(日)/20251116_1223-北北東-2.3.MOV,/Users/reimurase/Google Drive/マイドライブ/練習動画/2025練習/11 16(日)/20251122_1223-北北東-2.2.MOV
/Users/reimurase/Google Drive/マイドライブ/練習動画/2025練習/11 16(日)/20251116_1214-北北東-2.3.MOV,/Users/reimurase/Google Drive/マイドライブ/練習動画/2025練習/11 16(日)/20251122_1214-北北東-2.2.MOV
/Users/reimurase/Google Drive/マイドライブ/練習動画/2025練習/11 16(日)/20251116_1217-北北東-2.3.MOV,/Users/reimurase/Google Drive/マイドライブ/練習動画/2025練習/11 16(日)/20251122_1217-北北東-2.2.MOV
/Users/reimurase/Google Drive/マイドライブ/練習動画/2025練習/11 16(日)/20251116_1225-北北東-2.3.MOV,/Users/reimurase/Google Drive/マイドライブ/練習動画/2025練習/11 16(日)/20251122_1225-北北東-2.2.MOV
/Users/reimurase/Google Drive/マイドライブ/練習動画/2025練習/11 16(日)/20251116_1212-北北東-2.3.MOV,/Users/reimurase/Google Drive/マイドライブ/練習動画/2025練習/11 16(日)/20251122_1212-北北東-2.2.MOV
/Users/reimurase/Google Drive/マイドライブ/練習動画/2025練習/11 16(日)/20251116_1149-北北東-2.3.MOV,/Users/reimurase/Google Drive/マイドライブ/練習動画/2025練習/11 16(日)/20251122_1149-北北東-2.2.MOV
/Users/reimurase/Google Drive/マイドライブ/練習動画/2025練習/11 4(火)/20251104_1210-東-3.5.MOV,/Users/reimurase/Google Drive/マイドライブ/練習動画/2025練習/11 4(火)/20251109_1210-北-1.7.MOV
/Users/reimurase/Google Drive/マイドライブ/練習動画/2025練習/11 4(火)/20251104_1209-東-3.5.MOV,/Users/reimurase/Google Drive/マイドライブ/練習動画/2025練習/11 4(火)/20251109_1209-北-1.7.MOV
/Users/reimurase/Google Drive/マイドライブ/練習動画/2025練習/11 4(火)/20251104_1210-東-3.5_2.MOV,/Users/reimurase/Google Drive/マイドライブ/練習動画/2025練習/11 4(火)/20251105_0222-北-3.4.MOV
/Users/reimurase/Google Drive/マイドライブ/練習動画/2025練習/11 4(火)/20251104_1211-東-3.5.MOV,/Users/reimurase/Google Drive/マイドライブ/練習動画/2025練習/11 4(火)/20251109_1211-北-1.7.MOV
/Users/reimurase/Google Drive/マイドライブ/練習動画/2025練習/11 4(火)/20251104_1210-東-3.5_3.MOV,/Users/reimurase/Google Drive/マイドライブ/練習動画/2025練習/11 4(火)/20251105_0223-北-3.4.MOV
/Users/reimurase/Google Drive/マイドライブ/練習動画/2025練習/11 4(火)/20251104_1208-東-3.5.MOV,/Users/reimurase/Google Drive/マイドライブ/練習動画/2025練習/11 4(火)/20251109_1208-北-1.7.MOV
/Users/reimurase/Google Drive/マイドライブ/練習動画/2025練習/11 4(火)/20251104_1212-東-3.5.MOV,/Users/reimurase/Google Drive/マイドライブ/練習動画/2025練習/11 4(火)/20251109_1212-北-1.7.MOV
/Users/reimurase/Google Drive/マイドライブ/練習動画/2025練習/11 4(火)/20251104_1210-東-3.5_4.MOV,/Users/reimurase/Google Drive/マイドライブ/練習動画/2025練習/11 4(火)/20251105_0220-北-3.4.MOV
/Users/reimurase/Google Drive/マイドライブ/練習動画/2025練習/11 4(火)/20251104_1210-東-3.5_5.MOV,/Users/reimurase/Google Drive/マイドライブ/練習動画/2025練習/11 4(火)/20251105_0219-北-3.4.MOV
/Users/reimurase/Google Drive/マイドライブ/練習動画/2025練習/11 4(火)/20251104_1210-東-3.5_6.MOV,/Users/reimurase/Google Drive/マイドライブ/練習動画/2025練習/11 4(火)/20251105_0221-北-3.4.MOV
/Users/reimurase/Google Drive/マイドライブ/練習動画/2026練習/3 19(木)/20260319_1045-北東-2.0.MOV,/Users/reimurase/Google Drive/マイドライブ/練習動画/2026練習/3 19(木)/20260320_0231-北-2.5.MOV
/Users/reimurase/Google Drive/マイドライブ/練習動画/2026練習/3 19(木)/20260319_1045-北東-2.0_2.MOV,/Users/reimurase/Google Drive/マイドライブ/練習動画/2026練習/3 19(木)/20260320_0252-北-2.5.MOV
/Users/reimurase/Google Drive/マイドライブ/練習動画/2026練習/3 19(木)/20260319_1045-北東-2.0_3.MOV,/Users/reimurase/Google Drive/マイドライブ/練習動画/2026練習/3 19(木)/20260320_0258-北-2.5.MOV
/Users/reimurase/Google Drive/マイドライブ/練習動画/2026練習/3 19(木)/20260319_1045-北東-2.0_4.MOV,/Users/reimurase/Google Drive/マイドライブ/練習動画/2026練習/3 19(木)/20260320_0230-北-2.5.MOV
/Users/reimurase/Google Drive/マイドライブ/練習動画/2026練習/3 19(木)/20260319_1045-北東-2.0_5.MOV,/Users/reimurase/Google Drive/マイドライブ/練習動画/2026練習/3 19(木)/20260320_0244-北-2.5.MOV
/Users/reimurase/Google Drive/マイドライブ/練習動画/2026練習/3 19(木)/20260319_1045-北東-2.0_6.MOV,/Users/reimurase/Google Drive/マイドライブ/練習動画/2026練習/3 19(木)/20260320_0234-北-2.5.MOV
/Users/reimurase/Google Drive/マイドライブ/練習動画/2026練習/3 19(木)/20260319_1045-北東-2.0_7.MOV,/Users/reimurase/Google Drive/マイドライブ/練習動画/2026練習/3 19(木)/20260319_1045-北東-2.0.MOV
/Users/reimurase/Google Drive/マイドライブ/練習動画/2026練習/3 19(木)/20260319_1045-北東-2.0_8.MOV,/Users/reimurase/Google Drive/マイドライブ/練習動画/2026練習/3 19(木)/20260320_0239-北-2.5.MOV
/Users/reimurase/Google Drive/マイドライブ/練習動画/2026練習/3 19(木)/20260319_1045-北東-2.0_9.MOV,/Users/reimurase/Google Drive/マイドライブ/練習動画/2026練習/3 19(木)/20260320_0248-北-2.5.MOV
/Users/reimurase/Google Drive/マイドライブ/練習動画/2026練習/1 29(木)/20260129_1200-南-2.6.MOV,/Users/reimurase/Google Drive/マイドライブ/練習動画/2026練習/1 29(木)/20260202_0114-北北東-2.5.MOV
/Users/reimurase/Google Drive/マイドライブ/練習動画/2026練習/1 29(木)/20260129_1200-南-2.6_2.MOV,/Users/reimurase/Google Drive/マイドライブ/練習動画/2026練習/1 29(木)/20260202_0048-北北東-2.5.MOV
/Users/reimurase/Google Drive/マイドライブ/練習動画/2026練習/1 29(木)/20260129_1200-南-2.6_3.MOV,/Users/reimurase/Google Drive/マイドライブ/練習動画/2026練習/1 29(木)/20260202_0031-北北東-2.5.MOV
/Users/reimurase/Google Drive/マイドライブ/練習動画/2026練習/1 29(木)/20260129_1200-南-2.6_4.MOV,/Users/reimurase/Google Drive/マイドライブ/練習動画/2026練習/1 29(木)/20260202_0129-北北東-2.5.MOV
/Users/reimurase/Google Drive/マイドライブ/練習動画/2026練習/1 29(木)/20260129_1200-南-2.6_5.MOV,/Users/reimurase/Google Drive/マイドライブ/練習動画/2026練習/1 29(木)/20260202_0015-北北東-2.5.MOV
/Users/reimurase/Google Drive/マイドライブ/練習動画/2026練習/1 29(木)/20260129_1200-南-2.6_6.MOV,/Users/reimurase/Google Drive/マイドライブ/練習動画/2026練習/1 29(木)/20260202_0009-北北東-2.5.MOV
/Users/reimurase/Google Drive/マイドライブ/練習動画/2026練習/1 29(木)/20260129_1200-南-2.6_7.MOV,/Users/reimurase/Google Drive/マイドライブ/練習動画/2026練習/1 29(木)/20260202_0010-北北東-2.5.MOV
/Users/reimurase/Google Drive/マイドライブ/練習動画/2026練習/1 29(木)/20260129_1200-南-2.6_8.MOV,/Users/reimurase/Google Drive/マイドライブ/練習動画/2026練習/1 29(木)/20260202_0022-北北東-2.5.MOV
/Users/reimurase/Google Drive/マイドライブ/練習動画/2026練習/1 29(木)/20260129_1200-南-2.6_9.MOV,/Users/reimurase/Google Drive/マイドライブ/練習動画/2026練習/1 29(木)/20260202_0039-北北東-2.5.MOV
/Users/reimurase/Google Drive/マイドライブ/練習動画/2026練習/1 29(木)/20260129_1200-南-2.6_10.MOV,/Users/reimurase/Google Drive/マイドライブ/練習動画/2026練習/1 29(木)/20260202_0100-北北東-2.5.MOV
/Users/reimurase/Google Drive/マイドライブ/練習動画/2026練習/8 2(日)/20260802_1317-南-4.0.MOV,/Users/reimurase/Google Drive/マイドライブ/練習動画/2026練習/8 2(日)/20260803_1317-北-3.6.MOV
/Users/reimurase/Google Drive/マイドライブ/練習動画/2026練習/8 2(日)/20260802_1246-南-4.0.MOV,/Users/reimurase/Google Drive/マイドライブ/練習動画/2026練習/8 2(日)/20260802_2355-北北東-3.5.MOV
/Users/reimurase/Google Drive/マイドライブ/練習動画/2026練習/8 2(日)/20260802_1246-南-4.0_2.MOV,/Users/reimurase/Google Drive/マイドライブ/練習動画/2026練習/8 2(日)/20260802_2350-北北東-3.5.MOV
/Users/reimurase/Google Drive/マイドライブ/練習動画/2026練習/8 2(日)/20260802_1336-南-3.3.MOV,/Users/reimurase/Google Drive/マイドライブ/練習動画/2026練習/8 2(日)/20260803_1336-北-4.3.MOV
/Users/reimurase/Google Drive/マイドライブ/練習動画/2026練習/8 2(日)/20260802_1246-南-4.0_3.MOV,/Users/reimurase/Google Drive/マイドライブ/練習動画/2026練習/8 2(日)/20260802_2353-北北東-3.5.MOV
/Users/reimurase/Google Drive/マイドライブ/練習動画/2026練習/8 2(日)/20260802_1046-南西-2.1.MOV,/Users/reimurase/Google Drive/マイドライブ/練習動画/2026練習/8 2(日)/20260803_1046-北-4.4.MOV
/Users/reimurase/Google Drive/マイドライブ/練習動画/2026練習/8 2(日)/20260802_1215-南南西-3.5.MOV,/Users/reimurase/Google Drive/マイドライブ/練習動画/2026練習/8 2(日)/20260803_1215-北-4.2.MOV
/Users/reimurase/Google Drive/マイドライブ/練習動画/2026練習/8 2(日)/20260802_1246-南-4.0_4.MOV,/Users/reimurase/Google Drive/マイドライブ/練習動画/2026練習/8 2(日)/20260802_2358-北北東-3.5.MOV
/Users/reimurase/Google Drive/マイドライブ/練習動画/2026練習/8 2(日)/20260802_1246-南-4.0_5.MOV,/Users/reimurase/Google Drive/マイドライブ/練習動画/2026練習/8 2(日)/20260802_2351-北北東-3.5.MOV
/Users/reimurase/Google Drive/マイドライブ/練習動画/2026練習/8 2(日)/20260802_1246-南-4.0_6.MOV,/Users/reimurase/Google Drive/マイドライブ/練習動画/2026練習/8 2(日)/20260802_2348-北北東-3.5.MOV
/Users/reimurase/Google Drive/マイドライブ/練習動画/2026練習/3 22(日)/20260322_1200-南南東-2.0.MOV,/Users/reimurase/Google Drive/マイドライブ/練習動画/2026練習/3 22(日)/20260322_2133-南西-3.9.MOV
/Users/reimurase/Google Drive/マイドライブ/練習動画/2026練習/3 22(日)/20260322_1200-南南東-2.0_2.MOV,/Users/reimurase/Google Drive/マイドライブ/練習動画/2026練習/3 22(日)/20260322_2140-南西-3.9.MOV
/Users/reimurase/Google Drive/マイドライブ/練習動画/2026練習/3 22(日)/20260322_1200-南南東-2.0_3.MOV,/Users/reimurase/Google Drive/マイドライブ/練習動画/2026練習/3 22(日)/20260322_2145-南西-3.9.MOV
/Users/reimurase/Google Drive/マイドライブ/練習動画/2026練習/3 22(日)/20260322_1200-南南東-2.0_4.MOV,/Users/reimurase/Google Drive/マイドライブ/練習動画/2026練習/3 22(日)/20260322_2127-南西-1.9.MOV
/Users/reimurase/Google Drive/マイドライブ/練習動画/2026練習/3 22(日)/20260322_1200-南南東-2.0_5.MOV,/Users/reimurase/Google Drive/マイドライブ/練習動画/2026練習/3 22(日)/20260322_2136-南西-3.9.MOV
/Users/reimurase/Google Drive/マイドライブ/練習動画/2026練習/3 22(日)/20260322_1200-南南東-2.0_6.MOV,/Users/reimurase/Google Drive/マイドライブ/練習動画/2026練習/3 22(日)/20260322_2131-南西-3.9.MOV
/Users/reimurase/Google Drive/マイドライブ/練習動画/2026練習/3 22(日)/20260322_1200-南南東-2.0_7.MOV,/Users/reimurase/Google Drive/マイドライブ/練習動画/2026練習/3 22(日)/20260322_2142-南西-3.9.MOV
/Users/reimurase/Google Drive/マイドライブ/練習動画/2026練習/3 22(日)/20260322_1200-南南東-2.0_8.MOV,/Users/reimurase/Google Drive/マイドライブ/練習動画/2026練習/3 22(日)/20260322_2139-南西-3.9.MOV
/Users/reimurase/Google Drive/マイドライブ/練習動画/2026練習/3 22(日)/20260322_1200-南南東-2.0_9.MOV,/Users/reimurase/Google Drive/マイドライブ/練習動画/2026練習/3 22(日)/20260322_2128-南西-1.9.MOV
/Users/reimurase/Google Drive/マイドライブ/練習動画/2026練習/3 22(日)/20260322_1200-南南東-2.0_10.MOV,/Users/reimurase/Google Drive/マイドライブ/練習動画/2026練習/3 22(日)/20260322_2134-南西-3.9.MOV
/Users/reimurase/Google Drive/マイドライブ/練習動画/2026練習/3 22(日)/20260322_1200-南南東-2.0_11.MOV,/Users/reimurase/Google Drive/マイドライブ/練習動画/2026練習/3 22(日)/20260322_2144-南西-3.9.MOV
/Users/reimurase/Google Drive/マイドライブ/練習動画/2026練習/3 22(日)/20260322_1200-南南東-2.0_12.MOV,/Users/reimurase/Google Drive/マイドライブ/練習動画/2026練習/3 22(日)/20260322_2137-南西-3.9.MOV
/Users/reimurase/Google Drive/マイドライブ/練習動画/2026練習/3 22(日)/20260322_1200-南南東-2.0_13.MOV,/Users/reimurase/Google Drive/マイドライブ/練習動画/2026練習/3 22(日)/20260322_2132-南西-3.9.MOV
/Users/reimurase/Google Drive/マイドライブ/練習動画/2026練習/3 22(日)/20260322_1200-南南東-2.0_14.MOV,/Users/reimurase/Google Drive/マイドライブ/練習動画/2026練習/3 22(日)/20260322_2141-南西-3.9.MOV
/Users/reimurase/Google Drive/マイドライブ/練習動画/2026練習/3 22(日)/20260322_1200-南南東-2.0_15.MOV,/Users/reimurase/Google Drive/マイドライブ/練習動画/2026練習/3 22(日)/20260322_2138-南西-3.9.MOV
/Users/reimurase/Google Drive/マイドライブ/練習動画/2026練習/3 22(日)/20260322_1200-南南東-2.0_16.MOV,/Users/reimurase/Google Drive/マイドライブ/練習動画/2026練習/3 22(日)/20260322_2129-南西-1.9.MOV
/Users/reimurase/Google Drive/マイドライブ/練習動画/2026練習/3 22(日)/20260322_1200-南南東-2.0_17.MOV,/Users/reimurase/Google Drive/マイドライブ/練習動画/2026練習/3 22(日)/20260322_2135-南西-3.9.MOV
/Users/reimurase/Google Drive/マイドライブ/練習動画/2026練習/3 22(日)/20260322_1200-南南東-2.0_18.MOV,/Users/reimurase/Google Drive/マイドライブ/練習動画/2026練習/3 22(日)/20260322_2130-南西-3.9.MOV
/Users/reimurase/Google Drive/マイドライブ/練習動画/2026練習/5 30(土)/20260530_0957-南西-2.4.mp4,/Users/reimurase/Google Drive/マイドライブ/練習動画/2026練習/5 30(土)/20260601_0957-南-3.8.mp4
/Users/reimurase/Google Drive/マイドライブ/練習動画/2026練習/5 30(土)/20260530_0943-南西-2.4.MOV,/Users/reimurase/Google Drive/マイドライブ/練習動画/2026練習/5 30(土)/20260601_0943-南-3.8.MOV
/Users/reimurase/Google Drive/マイドライブ/練習動画/2026練習/5 30(土)/20260530_0939-南西-2.4.MOV,/Users/reimurase/Google Drive/マイドライブ/練習動画/2026練習/5 30(土)/20260601_0939-南-3.8.MOV
/Users/reimurase/Google Drive/マイドライブ/練習動画/2026練習/5 30(土)/20260530_0929-南西-3.0.MOV,/Users/reimurase/Google Drive/マイドライブ/練習動画/2026練習/5 30(土)/20260601_0929-南-2.5.MOV
/Users/reimurase/Google Drive/マイドライブ/練習動画/2026練習/5 30(土)/20260530_1507-南-6.9.MOV,/Users/reimurase/Google Drive/マイドライブ/練習動画/2026練習/5 30(土)/20260531_1507-南南西-2.2.MOV
/Users/reimurase/Google Drive/マイドライブ/練習動画/2026練習/8 1(土)/20260801_1047-南南西-3.7.MOV,/Users/reimurase/Google Drive/マイドライブ/練習動画/2026練習/8 1(土)/20260803_1047-北-4.4.MOV
/Users/reimurase/Google Drive/マイドライブ/練習動画/2026練習/8 1(土)/20260801_1325-南南西-5.1.MOV,/Users/reimurase/Google Drive/マイドライブ/練習動画/2026練習/8 1(土)/20260803_1325-北-3.6.MOV
/Users/reimurase/Google Drive/マイドライブ/練習動画/2026練習/2 9(月)/20260209_1106-南西-2.7.MOV,/Users/reimurase/Google Drive/マイドライブ/練習動画/2026練習/2 9(月)/20260212_1106-北-3.4.MOV
/Users/reimurase/Google Drive/マイドライブ/練習動画/2026練習/2 9(月)/20260209_1107-南西-2.7.MOV,/Users/reimurase/Google Drive/マイドライブ/練習動画/2026練習/2 9(月)/20260212_1107-北-3.4.MOV
/Users/reimurase/Google Drive/マイドライブ/練習動画/2026練習/2 9(月)/20260209_1104-南西-2.7.MOV,/Users/reimurase/Google Drive/マイドライブ/練習動画/2026練習/2 9(月)/20260212_1104-北-3.4.MOV
/Users/reimurase/Google Drive/マイドライブ/練習動画/2026練習/2 9(月)/20260209_1103-南西-2.7.MOV,/Users/reimurase/Google Drive/マイドライブ/練習動画/2026練習/2 9(月)/20260212_1103-北-3.4.MOV
/Users/reimurase/Google Drive/マイドライブ/練習動画/2026練習/2 9(月)/20260209_1108-南西-2.7.MOV,/Users/reimurase/Google Drive/マイドライブ/練習動画/2026練習/2 9(月)/20260212_1108-北-3.4.MOV
/Users/reimurase/Google Drive/マイドライブ/練習動画/2026練習/2 9(月)/20260209_1105-南西-2.7.MOV,/Users/reimurase/Google Drive/マイドライブ/練習動画/2026練習/2 9(月)/20260212_1105-北-3.4.MOV
/Users/reimurase/Google Drive/マイドライブ/練習動画/2026練習/3 29(日)/20260329_1200-南-2.7.MOV,/Users/reimurase/Google Drive/マイドライブ/練習動画/2026練習/3 29(日)/20260330_0308-北-3.8.MOV
/Users/reimurase/Google Drive/マイドライブ/練習動画/2026練習/3 29(日)/20260329_1200-南-2.7_2.MOV,/Users/reimurase/Google Drive/マイドライブ/練習動画/2026練習/3 29(日)/20260330_0232-北-3.8.MOV
/Users/reimurase/Google Drive/マイドライブ/練習動画/2026練習/3 29(日)/20260329_1200-南-2.7_3.MOV,/Users/reimurase/Google Drive/マイドライブ/練習動画/2026練習/3 29(日)/20260330_0309-北-3.8.MOV
/Users/reimurase/Google Drive/マイドライブ/練習動画/2026練習/3 29(日)/20260329_1200-南-2.7_4.MOV,/Users/reimurase/Google Drive/マイドライブ/練習動画/2026練習/3 29(日)/20260330_0229-北-3.2.MOV
/Users/reimurase/Google Drive/マイドライブ/練習動画/2026練習/3 29(日)/20260329_1200-南-2.7_5.MOV,/Users/reimurase/Google Drive/マイドライブ/練習動画/2026練習/3 29(日)/20260330_0230-北-3.8.MOV
/Users/reimurase/Google Drive/マイドライブ/練習動画/2026練習/3 29(日)/20260329_1200-南-2.7_6.MOV,/Users/reimurase/Google Drive/マイドライブ/練習動画/2026練習/3 29(日)/20260330_0231-北-3.8.MOV
/Users/reimurase/Google Drive/マイドライブ/練習動画/2026練習/8 9(日)/20260809_1057-南南西-3.4.MOV,/Users/reimurase/Google Drive/マイドライブ/練習動画/2026練習/8 9(日)/20260809_2258-北-3.7.MOV
/Users/reimurase/Google Drive/マイドライブ/練習動画/2026練習/8 9(日)/20260809_1057-南南西-3.4_2.MOV,/Users/reimurase/Google Drive/マイドライブ/練習動画/2026練習/8 9(日)/20260809_1057-南南西-3.4.MOV
/Users/reimurase/Google Drive/マイドライブ/練習動画/2026練習/8 9(日)/20260809_1057-南南西-3.4_3.MOV,/Users/reimurase/Google Drive/マイドライブ/練習動画/2026練習/8 9(日)/20260809_2156-北北西-3.1.MOV
/Users/reimurase/Google Drive/マイドライブ/練習動画/2026練習/8 9(日)/20260809_1057-南南西-3.4_4.MOV,/Users/reimurase/Google Drive/マイドライブ/練習動画/2026練習/8 9(日)/20260809_2155-北北西-3.1.MOV
/Users/reimurase/Google Drive/マイドライブ/練習動画/2026練習/3 16(月)/20260316_1043-北東-2.9.MOV,/Users/reimurase/Google Drive/マイドライブ/練習動画/2026練習/3 16(月)/20260319_1043-北東-2.0.MOV
/Users/reimurase/Google Drive/マイドライブ/練習動画/2026練習/3 16(月)/20260316_1044-北東-2.9.MOV,/Users/reimurase/Google Drive/マイドライブ/練習動画/2026練習/3 16(月)/20260319_1044-北東-2.0.MOV
/Users/reimurase/Google Drive/マイドライブ/練習動画/2026練習/8 6(木)/20260806_1143-東北東-2.2.mp4,/Users/reimurase/Google Drive/マイドライブ/練習動画/2026練習/8 6(木)/20260807_1143-南-2.9.mp4
/Users/reimurase/Google Drive/マイドライブ/練習動画/2026練習/8 6(木)/20260806_1151-東北東-2.2.mp4,/Users/reimurase/Google Drive/マイドライブ/練習動画/2026練習/8 6(木)/20260807_1151-南-2.9.mp4
/Users/reimurase/Google Drive/マイドライブ/練習動画/2026練習/8 6(木)/20260806_1051-北東-2.8.mp4,/Users/reimurase/Google Drive/マイドライブ/練習動画/2026練習/8 6(木)/20260807_1051-南-2.3.mp4
/Users/reimurase/Google Drive/マイドライブ/練習動画/2026練習/8 6(木)/20260806_1142-東北東-2.2.mp4,/Users/reimurase/Google Drive/マイドライブ/練習動画/2026練習/8 6(木)/20260807_1142-南-2.9.mp4
/Users/reimurase/Google Drive/マイドライブ/練習動画/2026練習/8 6(木)/20260806_1440-南-2.9.mp4,/Users/reimurase/Google Drive/マイドライブ/練習動画/2026練習/8 6(木)/20260807_1440-南-5.1.mp4
/Users/reimurase/Google Drive/マイドライブ/練習動画/2026練習/8 6(木)/20260806_1045-北東-2.8.mp4,/Users/reimurase/Google Drive/マイドライブ/練習動画/2026練習/8 6(木)/20260807_1045-南-2.3.mp4
/Users/reimurase/Google Drive/マイドライブ/練習動画/2026練習/8 6(木)/20260806_1359-南南東-1.4.mp4,/Users/reimurase/Google Drive/マイドライブ/練習動画/2026練習/8 6(木)/20260807_1359-南-3.9.mp4
/Users/reimurase/Google Drive/マイドライブ/練習動画/2026練習/8 6(木)/20260806_1108-北東-2.8.mp4,/Users/reimurase/Google Drive/マイドライブ/練習動画/2026練習/8 6(木)/20260807_1108-南-2.3.mp4
/Users/reimurase/Google Drive/マイドライブ/練習動画/2026練習/8 6(木)/20260806_1401-南南東-1.4.mp4,/Users/reimurase/Google Drive/マイドライブ/練習動画/2026練習/8 6(木)/20260807_1401-南-3.9.mp4
/Users/reimurase/Google Drive/マイドライブ/練習動画/2026練習/8 6(木)/20260806_1043-北東-2.8.mp4,/Users/reimurase/Google Drive/マイドライブ/練習動画/2026練習/8 6(木)/20260807_1043-南-2.3.mp4
/Users/reimurase/Google Drive/マイドライブ/練習動画/2026練習/8 6(木)/20260806_1404-南南東-1.4.mp4,/Users/reimurase/Google Drive/マイドライブ/練習動画/2026練習/8 6(木)/20260807_1404-南-3.9.mp4
/Users/reimurase/Google Drive/マイドライブ/練習動画/2026練習/8 6(木)/20260806_1542-南南西-3.3.mp4,/Users/reimurase/Google Drive/マイドライブ/練習動画/2026練習/8 6(木)/20260807_1542-南-3.9.mp4
/Users/reimurase/Google Drive/マイドライブ/練習動画/2026練習/8 6(木)/20260806_1046-北東-2.8.mp4,/Users/reimurase/Google Drive/マイドライブ/練習動画/2026練習/8 6(木)/20260807_1046-南-2.3.mp4
/Users/reimurase/Google Drive/マイドライブ/練習動画/2026練習/8 6(木)/20260806_1439-南-2.9.mp4,/Users/reimurase/Google Drive/マイドライブ/練習動画/2026練習/8 6(木)/20260807_1439-南-5.1.mp4
/Users/reimurase/Google Drive/マイドライブ/練習動画/2026練習/8 6(木)/20260806_1443-南-2.9.mp4,/Users/reimurase/Google Drive/マイドライブ/練習動画/2026練習/8 6(木)/20260807_1443-南-5.1.mp4
/Users/reimurase/Google Drive/マイドライブ/練習動画/2026練習/8 6(木)/20260806_1402-南南東-1.4.mp4,/Users/reimurase/Google Drive/マイドライブ/練習動画/2026練習/8 6(木)/20260807_1402-南-3.9.mp4
/Users/reimurase/Google Drive/マイドライブ/練習動画/2026練習/8 6(木)/20260806_1445-南-2.9.mp4,/Users/reimurase/Google Drive/マイドライブ/練習動画/2026練習/8 6(木)/20260807_1445-南-5.1.mp4
/Users/reimurase/Google Drive/マイドライブ/練習動画/2026練習/8 6(木)/20260806_1405-南南東-1.4.mp4,/Users/reimurase/Google Drive/マイドライブ/練習動画/2026練習/8 6(木)/20260807_1405-南-3.9.mp4
/Users/reimurase/Google Drive/マイドライブ/練習動画/2026練習/8 6(木)/20260806_1146-東北東-2.2.mp4,/Users/reimurase/Google Drive/マイドライブ/練習動画/2026練習/8 6(木)/20260807_1146-南-2.9.mp4
/Users/reimurase/Google Drive/マイドライブ/練習動画/2026練習/8 6(木)/20260806_1203-東北東-2.2.mp4,/Users/reimurase/Google Drive/マイドライブ/練習動画/2026練習/8 6(木)/20260807_1203-南-2.9.mp4
/Users/reimurase/Google Drive/マイドライブ/練習動画/2026練習/4 12(日)/20260412_1422-南南西-4.6.MOV,/Users/reimurase/Google Drive/マイドライブ/練習動画/2026練習/4 12(日)/20260525_1422-南西-2.1.MOV
/Users/reimurase/Google Drive/マイドライブ/練習動画/2026練習/4 12(日)/20260412_1427-南南西-4.6.MOV,/Users/reimurase/Google Drive/マイドライブ/練習動画/2026練習/4 12(日)/20260525_1427-南西-2.1.MOV
/Users/reimurase/Google Drive/マイドライブ/練習動画/2026練習/4 12(日)/20260412_1420-南南西-4.6.MOV,/Users/reimurase/Google Drive/マイドライブ/練習動画/2026練習/4 12(日)/20260525_1420-南西-2.1.MOV
/Users/reimurase/Google Drive/マイドライブ/練習動画/2026練習/4 12(日)/20260412_1425-南南西-4.6.MOV,/Users/reimurase/Google Drive/マイドライブ/練習動画/2026練習/4 12(日)/20260525_1425-南西-2.1.MOV
/Users/reimurase/Google Drive/マイドライブ/練習動画/2026練習/4 12(日)/20260412_1428-南南西-4.6.MOV,/Users/reimurase/Google Drive/マイドライブ/練習動画/2026練習/4 12(日)/20260525_1428-南西-2.1.MOV
/Users/reimurase/Google Drive/マイドライブ/練習動画/2026練習/4 12(日)/20260412_1426-南南西-4.6.MOV,/Users/reimurase/Google Drive/マイドライブ/練習動画/2026練習/4 12(日)/20260525_1426-南西-2.1.MOV
/Users/reimurase/Google Drive/マイドライブ/練習動画/2026練習/4 12(日)/20260412_1423-南南西-4.6.MOV,/Users/reimurase/Google Drive/マイドライブ/練習動画/2026練習/4 12(日)/20260525_1423-南西-2.1.MOV
/Users/reimurase/Google Drive/マイドライブ/練習動画/2026練習/4 12(日)/20260412_1424-南南西-4.6.MOV,/Users/reimurase/Google Drive/マイドライブ/練習動画/2026練習/4 12(日)/20260525_1424-南西-2.1.MOV
/Users/reimurase/Google Drive/マイドライブ/練習動画/2026練習/4 12(日)/20260412_1429-南南西-4.6.MOV,/Users/reimurase/Google Drive/マイドライブ/練習動画/2026練習/4 12(日)/20260525_1429-南西-2.1.MOV
/Users/reimurase/Google Drive/マイドライブ/練習動画/2026練習/4 12(日)/20260412_1421-南南西-4.6.MOV,/Users/reimurase/Google Drive/マイドライブ/練習動画/2026練習/4 12(日)/20260525_1421-南西-2.1.MOV
/Users/reimurase/Google Drive/マイドライブ/練習動画/2026練習/4 26(日)/20260426_0925-北北東-1.8.MOV,/Users/reimurase/Google Drive/マイドライブ/練習動画/2026練習/4 26(日)/20260427_0531-北北西-5.9.MOV
/Users/reimurase/Google Drive/マイドライブ/練習動画/2026練習/4 26(日)/20260426_0925-北北東-1.8_2.MOV,/Users/reimurase/Google Drive/マイドライブ/練習動画/2026練習/4 26(日)/20260427_0532-北北西-5.9.MOV
/Users/reimurase/Google Drive/マイドライブ/練習動画/2026練習/3 13(金)/20260313_0829-北北東-5.2.MOV,/Users/reimurase/Google Drive/マイドライブ/練習動画/2026練習/3 13(金)/20260314_0829-北北東-5.0.MOV
/Users/reimurase/Google Drive/マイドライブ/練習動画/2026練習/3 13(金)/20260313_0834-北北東-5.3.MOV,/Users/reimurase/Google Drive/マイドライブ/練習動画/2026練習/3 13(金)/20260314_0834-北北東-5.8.MOV
/Users/reimurase/Google Drive/マイドライブ/練習動画/2026練習/3 13(金)/20260313_0838-北北東-5.3.MOV,/Users/reimurase/Google Drive/マイドライブ/練習動画/2026練習/3 13(金)/20260314_0838-北北東-5.8.MOV
/Users/reimurase/Google Drive/マイドライブ/練習動画/2026練習/3 13(金)/20260313_0836-北北東-5.3.MOV,/Users/reimurase/Google Drive/マイドライブ/練習動画/2026練習/3 13(金)/20260314_0836-北北東-5.8.MOV
/Users/reimurase/Google Drive/マイドライブ/練習動画/2026練習/3 13(金)/20260313_0828-北北東-5.2.MOV,/Users/reimurase/Google Drive/マイドライブ/練習動画/2026練習/3 13(金)/20260314_0828-北北東-5.0.MOV
/Users/reimurase/Google Drive/マイドライブ/練習動画/2026練習/3 13(金)/20260313_0843-北北東-5.3.MOV,/Users/reimurase/Google Drive/マイドライブ/練習動画/2026練習/3 13(金)/20260314_0843-北北東-5.8.MOV
/Users/reimurase/Google Drive/マイドライブ/練習動画/2026練習/3 13(金)/20260313_0830-北北東-5.3.MOV,/Users/reimurase/Google Drive/マイドライブ/練習動画/2026練習/3 13(金)/20260314_0830-北北東-5.8.MOV
/Users/reimurase/Google Drive/マイドライブ/練習動画/2026練習/7 30(木)/20260730_1232-南南西-4.8.MOV,/Users/reimurase/Google Drive/マイドライブ/練習動画/2026練習/7 30(木)/20260803_1232-北-3.6.MOV
/Users/reimurase/Google Drive/マイドライブ/練習動画/2026練習/7 30(木)/20260730_1219-南南西-3.6.MOV,/Users/reimurase/Google Drive/マイドライブ/練習動画/2026練習/7 30(木)/20260803_1219-北-4.2.MOV
/Users/reimurase/Google Drive/マイドライブ/練習動画/2026練習/7 30(木)/20260730_1257-南南西-4.8.MOV,/Users/reimurase/Google Drive/マイドライブ/練習動画/2026練習/7 30(木)/20260803_1257-北-3.6.MOV
/Users/reimurase/Google Drive/マイドライブ/練習動画/2026練習/7 30(木)/20260730_1243-南南西-4.8.MOV,/Users/reimurase/Google Drive/マイドライブ/練習動画/2026練習/7 30(木)/20260803_1243-北-3.6.MOV
/Users/reimurase/Google Drive/マイドライブ/練習動画/2026練習/7 30(木)/20260730_1234-南南西-4.8.MOV,/Users/reimurase/Google Drive/マイドライブ/練習動画/2026練習/7 30(木)/20260803_1234-北-3.6.MOV
/Users/reimurase/Google Drive/マイドライブ/練習動画/2026練習/7 30(木)/20260730_1250-南南西-4.8.MOV,/Users/reimurase/Google Drive/マイドライブ/練習動画/2026練習/7 30(木)/20260803_1250-北-3.6.MOV
/Users/reimurase/Google Drive/マイドライブ/練習動画/2026練習/7 30(木)/20260730_1226-南南西-3.6.MOV,/Users/reimurase/Google Drive/マイドライブ/練習動画/2026練習/7 30(木)/20260803_1226-北-4.2.MOV
/Users/reimurase/Google Drive/マイドライブ/練習動画/2026練習/7 30(木)/20260730_1238-南南西-4.8.MOV,/Users/reimurase/Google Drive/マイドライブ/練習動画/2026練習/7 30(木)/20260803_1238-北-3.6.MOV
/Users/reimurase/Google Drive/マイドライブ/練習動画/2026練習/7 30(木)/20260730_1218-南南西-3.6.MOV,/Users/reimurase/Google Drive/マイドライブ/練習動画/2026練習/7 30(木)/20260803_1218-北-4.2.MOV
/Users/reimurase/Google Drive/マイドライブ/練習動画/2026練習/7 30(木)/20260730_1330-南-3.2.MOV,/Users/reimurase/Google Drive/マイドライブ/練習動画/2026練習/7 30(木)/20260803_1330-北-4.3.MOV
/Users/reimurase/Google Drive/マイドライブ/練習動画/2026練習/7 30(木)/20260730_1220-南南西-3.6.MOV,/Users/reimurase/Google Drive/マイドライブ/練習動画/2026練習/7 30(木)/20260803_1220-北-4.2.MOV
/Users/reimurase/Google Drive/マイドライブ/練習動画/2026練習/7 30(木)/20260730_1253-南南西-4.8.MOV,/Users/reimurase/Google Drive/マイドライブ/練習動画/2026練習/7 30(木)/20260803_1253-北-3.6.MOV
/Users/reimurase/Google Drive/マイドライブ/練習動画/2026練習/7 30(木)/20260730_1247-南南西-4.8.MOV,/Users/reimurase/Google Drive/マイドライブ/練習動画/2026練習/7 30(木)/20260803_1247-北-3.6.MOV
/Users/reimurase/Google Drive/マイドライブ/練習動画/2026練習/7 30(木)/20260730_1228-南南西-3.6.MOV,/Users/reimurase/Google Drive/マイドライブ/練習動画/2026練習/7 30(木)/20260803_1228-北-4.2.MOV
/Users/reimurase/Google Drive/マイドライブ/練習動画/2026練習/7 30(木)/20260730_1230-南南西-4.8.MOV,/Users/reimurase/Google Drive/マイドライブ/練習動画/2026練習/7 30(木)/20260803_1230-北-3.6.MOV
/Users/reimurase/Google Drive/マイドライブ/練習動画/2026練習/7 30(木)/20260730_1225-南南西-3.6.MOV,/Users/reimurase/Google Drive/マイドライブ/練習動画/2026練習/7 30(木)/20260803_1225-北-4.2.MOV
/Users/reimurase/Google Drive/マイドライブ/練習動画/2026練習/7 30(木)/20260730_1342-南-3.2.MOV,/Users/reimurase/Google Drive/マイドライブ/練習動画/2026練習/7 30(木)/20260803_1342-北-4.3.MOV
/Users/reimurase/Google Drive/マイドライブ/練習動画/2026練習/7 30(木)/20260730_1313-南南西-4.8.MOV,/Users/reimurase/Google Drive/マイドライブ/練習動画/2026練習/7 30(木)/20260803_1313-北-3.6.MOV
/Users/reimurase/Google Drive/マイドライブ/練習動画/2026練習/7 30(木)/20260730_1223-南南西-3.6.MOV,/Users/reimurase/Google Drive/マイドライブ/練習動画/2026練習/7 30(木)/20260803_1223-北-4.2.MOV
/Users/reimurase/Google Drive/マイドライブ/練習動画/2026練習/7 30(木)/20260730_1216-南南西-3.6.MOV,/Users/reimurase/Google Drive/マイドライブ/練習動画/2026練習/7 30(木)/20260803_1216-北-4.2.MOV
/Users/reimurase/Google Drive/マイドライブ/練習動画/2026練習/7 30(木)/20260730_1236-南南西-4.8.MOV,/Users/reimurase/Google Drive/マイドライブ/練習動画/2026練習/7 30(木)/20260803_1236-北-3.6.MOV
/Users/reimurase/Google Drive/マイドライブ/練習動画/2026練習/7 30(木)/20260730_1300-南南西-4.8.MOV,/Users/reimurase/Google Drive/マイドライブ/練習動画/2026練習/7 30(木)/20260803_1300-北-3.6.MOV
/Users/reimurase/Google Drive/マイドライブ/練習動画/2026練習/7 30(木)/20260730_1321-南南西-4.8.MOV,/Users/reimurase/Google Drive/マイドライブ/練習動画/2026練習/7 30(木)/20260803_1321-北-3.6.MOV
/Users/reimurase/Google Drive/マイドライブ/練習動画/2026練習/7 30(木)/20260730_1240-南南西-4.8.MOV,/Users/reimurase/Google Drive/マイドライブ/練習動画/2026練習/7 30(木)/20260803_1240-北-3.6.MOV
/Users/reimurase/Google Drive/マイドライブ/練習動画/2026練習/7 30(木)/20260730_1222-南南西-3.6.MOV,/Users/reimurase/Google Drive/マイドライブ/練習動画/2026練習/7 30(木)/20260803_1222-北-4.2.MOV
/Users/reimurase/Google Drive/マイドライブ/練習動画/2026練習/7 30(木)/20260730_1217-南南西-3.6.MOV,/Users/reimurase/Google Drive/マイドライブ/練習動画/2026練習/7 30(木)/20260803_1217-北-4.2.MOV
/Users/reimurase/Google Drive/マイドライブ/練習動画/2026練習/3 1(日)/20260301_1200-南-2.6.MOV,/Users/reimurase/Google Drive/マイドライブ/練習動画/2026練習/3 1(日)/20260301_2049-南南東-0.5.MOV
/Users/reimurase/Google Drive/マイドライブ/練習動画/2026練習/3 1(日)/20260301_1200-南-2.6_2.MOV,/Users/reimurase/Google Drive/マイドライブ/練習動画/2026練習/3 1(日)/20260301_2058-南南東-0.5.MOV
/Users/reimurase/Google Drive/マイドライブ/練習動画/2026練習/3 1(日)/20260301_1200-南-2.6_3.MOV,/Users/reimurase/Google Drive/マイドライブ/練習動画/2026練習/3 1(日)/20260301_2054-南南東-0.5.MOV
/Users/reimurase/Google Drive/マイドライブ/練習動画/2026練習/3 1(日)/20260301_1200-南-2.6_4.MOV,/Users/reimurase/Google Drive/マイドライブ/練習動画/2026練習/3 1(日)/20260301_2048-南南東-0.5.MOV
/Users/reimurase/Google Drive/マイドライブ/練習動画/2026練習/3 20(金)/20260320_1252-北北東-2.9.MOV,/Users/reimurase/Google Drive/マイドライブ/練習動画/2026練習/3 20(金)/20260323_1252-北北東-1.5.MOV
/Users/reimurase/Google Drive/マイドライブ/練習動画/2026練習/3 20(金)/20260320_1251-北北東-2.9.MOV,/Users/reimurase/Google Drive/マイドライブ/練習動画/2026練習/3 20(金)/20260323_1251-北北東-1.5.MOV
/Users/reimurase/Google Drive/マイドライブ/練習動画/2026練習/3 20(金)/20260320_1250-北北東-2.9.MOV,/Users/reimurase/Google Drive/マイドライブ/練習動画/2026練習/3 20(金)/20260323_1250-北北東-1.5.MOV
/Users/reimurase/Google Drive/マイドライブ/練習動画/2026練習/6 15(日)/20260615_1510-北-5.0.MOV,/Users/reimurase/Google Drive/マイドライブ/練習動画/2026練習/6 15(日)/20260614_1510-南-3.9.MOV
/Users/reimurase/Google Drive/マイドライブ/練習動画/2026練習/6 15(日)/20260615_1509-北-5.0.MOV,/Users/reimurase/Google Drive/マイドライブ/練習動画/2026練習/6 15(日)/20260614_1509-南-3.9.MOV
/Users/reimurase/Google Drive/マイドライブ/練習動画/2026練習/6 15(日)/20260615_1512-北-5.0.MOV,/Users/reimurase/Google Drive/マイドライブ/練習動画/2026練習/6 15(日)/20260614_1512-南-3.9.MOV
/Users/reimurase/Google Drive/マイドライブ/練習動画/2026練習/6 15(日)/20260615_1513-北-5.0.MOV,/Users/reimurase/Google Drive/マイドライブ/練習動画/2026練習/6 15(日)/20260614_1513-南-3.9.MOV
/Users/reimurase/Google Drive/マイドライブ/練習動画/2026練習/7 18(土)/20260718_1200-南-2.5.MOV,/Users/reimurase/Google Drive/マイドライブ/練習動画/2026練習/7 18(土)/20260718_2201-南-3.2.MOV
/Users/reimurase/Google Drive/マイドライブ/練習動画/2026練習/7 18(土)/20260718_1200-南-2.5_2.MOV,/Users/reimurase/Google Drive/マイドライブ/練習動画/2026練習/7 18(土)/20260718_2200-南-3.2.MOV
/Users/reimurase/Google Drive/マイドライブ/練習動画/2026練習/7 18(土)/20260718_1200-南-2.5_3.MOV,/Users/reimurase/Google Drive/マイドライブ/練習動画/2026練習/7 18(土)/20260718_2203-南-3.2.MOV
/Users/reimurase/Google Drive/マイドライブ/練習動画/2026練習/7 18(土)/20260718_1200-南-2.5_4.MOV,/Users/reimurase/Google Drive/マイドライブ/練習動画/2026練習/7 18(土)/20260718_2204-南-3.2.MOV
/Users/reimurase/Google Drive/マイドライブ/練習動画/2026練習/7 18(土)/20260718_1200-南-2.5_5.MOV,/Users/reimurase/Google Drive/マイドライブ/練習動画/2026練習/7 18(土)/20260718_2202-南-3.2.MOV
/Users/reimurase/Google Drive/マイドライブ/練習動画/2026練習/5 23(土)/20260523_1535-北東-3.5.MOV,/Users/reimurase/Google Drive/マイドライブ/練習動画/2026練習/5 23(土)/20260525_0543-北北東-2.2.MOV
/Users/reimurase/Google Drive/マイドライブ/練習動画/2026練習/5 23(土)/20260523_1535-北東-3.5_2.MOV,/Users/reimurase/Google Drive/マイドライブ/練習動画/2026練習/5 23(土)/20260525_0451-北北東-1.2.MOV
/Users/reimurase/Google Drive/マイドライブ/練習動画/2026練習/5 23(土)/20260523_1535-北東-3.5_3.MOV,/Users/reimurase/Google Drive/マイドライブ/練習動画/2026練習/5 23(土)/20260525_0545-北北東-2.2.MOV
/Users/reimurase/Google Drive/マイドライブ/練習動画/2026練習/5 23(土)/20260523_1535-北東-3.5_4.MOV,/Users/reimurase/Google Drive/マイドライブ/練習動画/2026練習/5 23(土)/20260523_2130-北-3.2.MOV
/Users/reimurase/Google Drive/マイドライブ/練習動画/2026練習/5 23(土)/20260523_1535-北東-3.5_5.MOV,/Users/reimurase/Google Drive/マイドライブ/練習動画/2026練習/5 23(土)/20260525_0539-北北東-2.2.MOV
/Users/reimurase/Google Drive/マイドライブ/練習動画/2026練習/5 23(土)/20260523_1535-北東-3.5_6.MOV,/Users/reimurase/Google Drive/マイドライブ/練習動画/2026練習/5 23(土)/20260525_0540-北北東-2.2.MOV
/Users/reimurase/Google Drive/マイドライブ/練習動画/2026練習/5 23(土)/20260523_1535-北東-3.5_7.MOV,/Users/reimurase/Google Drive/マイドライブ/練習動画/2026練習/5 23(土)/20260525_0542-北北東-2.2.MOV
/Users/reimurase/Google Drive/マイドライブ/練習動画/2026練習/5 23(土)/20260523_1535-北東-3.5_8.MOV,/Users/reimurase/Google Drive/マイドライブ/練習動画/2026練習/5 23(土)/20260525_0541-北北東-2.2.MOV
/Users/reimurase/Google Drive/マイドライブ/練習動画/2026練習/5 23(土)/20260523_1535-北東-3.5_9.MOV,/Users/reimurase/Google Drive/マイドライブ/練習動画/2026練習/5 23(土)/20260525_0538-北北東-2.2.MOV
/Users/reimurase/Google Drive/マイドライブ/練習動画/2026練習/5 23(土)/20260523_1535-北東-3.5_10.MOV,/Users/reimurase/Google Drive/マイドライブ/練習動画/2026練習/5 23(土)/20260523_1535-北東-3.5.MOV
/Users/reimurase/Google Drive/マイドライブ/練習動画/2026練習/1 28(水)/20260128_1200-北-3.0.MOV,/Users/reimurase/Google Drive/マイドライブ/練習動画/2026練習/1 28(水)/20260128_0543-北-1.9.MOV
/Users/reimurase/Google Drive/マイドライブ/練習動画/2026練習/1 28(水)/20260128_1200-北-3.0_2.MOV,/Users/reimurase/Google Drive/マイドライブ/練習動画/2026練習/1 28(水)/20260128_0542-北-1.9.MOV
/Users/reimurase/Google Drive/マイドライブ/練習動画/2026練習/1 28(水)/20260128_1200-北-3.0_3.MOV,/Users/reimurase/Google Drive/マイドライブ/練習動画/2026練習/1 28(水)/20260128_0544-北-1.9.MOV
/Users/reimurase/Google Drive/マイドライブ/練習動画/2026練習/1 28(水)/20260128_1200-北-3.0_4.MOV,/Users/reimurase/Google Drive/マイドライブ/練習動画/2026練習/1 28(水)/20260128_0541-北-1.9.MOV
/Users/reimurase/Google Drive/マイドライブ/練習動画/2026練習/1 28(水)/20260128_1200-北-3.0_5.MOV,/Users/reimurase/Google Drive/マイドライブ/練習動画/2026練習/1 28(水)/20260128_0540-北-1.9.MOV
/Users/reimurase/Google Drive/マイドライブ/練習動画/2026練習/2 20(金)/20260220_0945-北北東-4.0.MOV,/Users/reimurase/Google Drive/マイドライブ/練習動画/2026練習/2 20(金)/20260221_0945-北北東-3.1.MOV
/Users/reimurase/Google Drive/マイドライブ/練習動画/2026練習/2 20(金)/20260220_0926-北-3.4.MOV,/Users/reimurase/Google Drive/マイドライブ/練習動画/2026練習/2 20(金)/20260221_0926-北-3.0.MOV
/Users/reimurase/Google Drive/マイドライブ/練習動画/2026練習/2 20(金)/20260220_0949-北北東-4.0.MOV,/Users/reimurase/Google Drive/マイドライブ/練習動画/2026練習/2 20(金)/20260221_0949-北北東-3.1.MOV
/Users/reimurase/Google Drive/マイドライブ/練習動画/2026練習/2 20(金)/20260220_0930-北北東-4.0.MOV,/Users/reimurase/Google Drive/マイドライブ/練習動画/2026練習/2 20(金)/20260221_0930-北北東-3.1.MOV
/Users/reimurase/Google Drive/マイドライブ/練習動画/2026練習/2 20(金)/20260220_0933-北北東-4.0.MOV,/Users/reimurase/Google Drive/マイドライブ/練習動画/2026練習/2 20(金)/20260221_0933-北北東-3.1.MOV
/Users/reimurase/Google Drive/マイドライブ/練習動画/2026練習/2 20(金)/20260220_0927-北-3.4.MOV,/Users/reimurase/Google Drive/マイドライブ/練習動画/2026練習/2 20(金)/20260221_0927-北-3.0.MOV
/Users/reimurase/Google Drive/マイドライブ/練習動画/2026練習/2 20(金)/20260220_0946-北北東-4.0.MOV,/Users/reimurase/Google Drive/マイドライブ/練習動画/2026練習/2 20(金)/20260221_0946-北北東-3.1.MOV
/Users/reimurase/Google Drive/マイドライブ/練習動画/2026練習/2 20(金)/20260220_0931-北北東-4.0.MOV,/Users/reimurase/Google Drive/マイドライブ/練習動画/2026練習/2 20(金)/20260221_0931-北北東-3.1.MOV
/Users/reimurase/Google Drive/マイドライブ/練習動画/2026練習/2 20(金)/20260220_0948-北北東-4.0.MOV,/Users/reimurase/Google Drive/マイドライブ/練習動画/2026練習/2 20(金)/20260221_0948-北北東-3.1.MOV
/Users/reimurase/Google Drive/マイドライブ/練習動画/2026練習/2 20(金)/20260220_0924-北-3.4.MOV,/Users/reimurase/Google Drive/マイドライブ/練習動画/2026練習/2 20(金)/20260221_0924-北-3.0.MOV
/Users/reimurase/Google Drive/マイドライブ/練習動画/2026練習/2 20(金)/20260220_0944-北北東-4.0.MOV,/Users/reimurase/Google Drive/マイドライブ/練習動画/2026練習/2 20(金)/20260221_0944-北北東-3.1.MOV
/Users/reimurase/Google Drive/マイドライブ/練習動画/2026練習/2 20(金)/20260220_0929-北-3.4.MOV,/Users/reimurase/Google Drive/マイドライブ/練習動画/2026練習/2 20(金)/20260221_0929-北-3.0.MOV
/Users/reimurase/Google Drive/マイドライブ/練習動画/2026練習/2 20(金)/20260220_0934-北北東-4.0.MOV,/Users/reimurase/Google Drive/マイドライブ/練習動画/2026練習/2 20(金)/20260221_0934-北北東-3.1.MOV
/Users/reimurase/Google Drive/マイドライブ/練習動画/2026練習/2 20(金)/20260220_0925-北-3.4.MOV,/Users/reimurase/Google Drive/マイドライブ/練習動画/2026練習/2 20(金)/20260221_0925-北-3.0.MOV
/Users/reimurase/Google Drive/マイドライブ/練習動画/2026練習/2 20(金)/20260220_0932-北北東-4.0.MOV,/Users/reimurase/Google Drive/マイドライブ/練習動画/2026練習/2 20(金)/20260221_0932-北北東-3.1.MOV
/Users/reimurase/Google Drive/マイドライブ/練習動画/2026練習/2 20(金)/20260220_0928-北-3.4.MOV,/Users/reimurase/Google Drive/マイドライブ/練習動画/2026練習/2 20(金)/20260221_0928-北-3.0.MOV
/Users/reimurase/Google Drive/マイドライブ/練習動画/2026練習/5 31(日)/20260531_1028-北北東-1.7.MOV,/Users/reimurase/Google Drive/マイドライブ/練習動画/2026練習/5 31(日)/20260601_1028-南-3.8.MOV
/Users/reimurase/Google Drive/マイドライブ/練習動画/2026練習/5 31(日)/20260531_1059-北北西-2.5.mp4,/Users/reimurase/Google Drive/マイドライブ/練習動画/2026練習/5 31(日)/20260601_1059-南南西-4.4.mp4
/Users/reimurase/Google Drive/マイドライブ/練習動画/2026練習/5 31(日)/20260531_1024-北北東-1.7.MOV,/Users/reimurase/Google Drive/マイドライブ/練習動画/2026練習/5 31(日)/20260601_1024-南-3.8.MOV
/Users/reimurase/Google Drive/マイドライブ/練習動画/2026練習/5 31(日)/20260531_1027-北北東-1.7.MOV,/Users/reimurase/Google Drive/マイドライブ/練習動画/2026練習/5 31(日)/20260601_1027-南-3.8.MOV
/Users/reimurase/Google Drive/マイドライブ/練習動画/2026練習/5 31(日)/20260531_1058-北北西-2.5.mp4,/Users/reimurase/Google Drive/マイドライブ/練習動画/2026練習/5 31(日)/20260601_1058-南南西-4.4.mp4
/Users/reimurase/Google Drive/マイドライブ/練習動画/2026練習/5 31(日)/20260531_1031-北北西-2.5.MOV,/Users/reimurase/Google Drive/マイドライブ/練習動画/2026練習/5 31(日)/20260601_1031-南南西-4.4.MOV
/Users/reimurase/Google Drive/マイドライブ/練習動画/2026練習/3 5(木)/20260305_1541-南南東-1.6.MOV,/Users/reimurase/Google Drive/マイドライブ/練習動画/2026練習/3 5(木)/20260306_1541-南南東-0.9.MOV
/Users/reimurase/Google Drive/マイドライブ/練習動画/2026練習/3 5(木)/20260305_1539-南南東-1.6.MOV,/Users/reimurase/Google Drive/マイドライブ/練習動画/2026練習/3 5(木)/20260306_1539-南南東-0.9.MOV
/Users/reimurase/Google Drive/マイドライブ/練習動画/2026練習/3 5(木)/20260305_1540-南南東-1.6.MOV,/Users/reimurase/Google Drive/マイドライブ/練習動画/2026練習/3 5(木)/20260306_1540-南南東-0.9.MOV
/Users/reimurase/Google Drive/マイドライブ/練習動画/2026練習/5 24(日)/20260524_1250-南-1.4.MOV,/Users/reimurase/Google Drive/マイドライブ/練習動画/2026練習/5 24(日)/20260525_0546-北北東-2.2.MOV
/Users/reimurase/Google Drive/マイドライブ/練習動画/2026練習/5 24(日)/20260524_1250-南-1.4_2.MOV,/Users/reimurase/Google Drive/マイドライブ/練習動画/2026練習/5 24(日)/20260525_0545-北北東-2.2.MOV
/Users/reimurase/Google Drive/マイドライブ/練習動画/2026練習/5 24(日)/20260524_1250-南-1.4_3.MOV,/Users/reimurase/Google Drive/マイドライブ/練習動画/2026練習/5 24(日)/20260525_0544-北北東-2.2.MOV
/Users/reimurase/Google Drive/マイドライブ/練習動画/2026練習/7 4(土)/20260704_1020-南-1.8.MOV,/Users/reimurase/Google Drive/マイドライブ/練習動画/2026練習/7 4(土)/20260705_1020-西南西-1.4.MOV
