folder,target_name,original_name,status,version_order,total_versions_on_target
1 12（月）,20260112_1409-南-3.5.MOV,IMG_6423.MOV,SURVIVES (current content),1,1
1 12（月）,20260112_1410-南-3.5.MOV,IMG_6421.MOV,SURVIVES (current content),1,1
1 12（月）,20260112_1411-南-3.5.MOV,IMG_6434.MOV,OVERWRITTEN (in version history?),1,3
1 12（月）,20260112_1411-南-3.5.MOV,IMG_6435.MOV,OVERWRITTEN (in version history?),2,3
1 12（月）,20260112_1411-南-3.5.MOV,IMG_6436.MOV,SURVIVES (current content),3,3
1 12（月）,20260112_1412-南-3.5.MOV,IMG_6426.MOV,OVERWRITTEN (in version history?),1,3
1 12（月）,20260112_1412-南-3.5.MOV,IMG_6427.MOV,OVERWRITTEN (in version history?),2,3
1 12（月）,20260112_1412-南-3.5.MOV,IMG_6446.MOV,SURVIVES (current content),3,3
1 12（月）,20260112_1413-南-3.5.MOV,IMG_6443.MOV,SURVIVES (current content),1,1
1 12（月）,20260112_1414-南-3.5.MOV,IMG_6428.MOV,OVERWRITTEN (in version history?),1,3
1 12（月）,20260112_1414-南-3.5.MOV,IMG_6432.MOV,OVERWRITTEN (in version history?),2,3
1 12（月）,20260112_1414-南-3.5.MOV,IMG_6438.MOV,SURVIVES (current content),3,3
1 12（月）,20260112_1416-南-3.5.MOV,IMG_6433.MOV,SURVIVES (current content),1,1
1 12（月）,20260112_1417-南-3.5.MOV,IMG_6429.MOV,SURVIVES (current content),1,1
1 12（月）,20260112_1418-南-3.5.MOV,IMG_6441.MOV,SURVIVES (current content),1,1
1 18（日）,20260118_0948-北北東-4.3.MOV,IMG_6485.MOV,OVERWRITTEN (in version history?),1,2
1 18（日）,20260118_0948-北北東-4.3.MOV,IMG_6494.MOV,SURVIVES (current content),2,2
1 18（日）,20260118_0949-北北東-4.3.MOV,IMG_6490.MOV,OVERWRITTEN (in version history?),1,3
1 18（日）,20260118_0949-北北東-4.3.MOV,IMG_6495.MOV,OVERWRITTEN (in version history?),2,3
1 18（日）,20260118_0949-北北東-4.3.MOV,IMG_6502.MOV,SURVIVES (current content),3,3
1 18（日）,20260118_0950-北北東-4.3.MOV,IMG_6497.MOV,OVERWRITTEN (in version history?),1,2
1 18（日）,20260118_0950-北北東-4.3.MOV,IMG_6503.MOV,SURVIVES (current content),2,2
1 18（日）,20260118_0951-北北東-4.3.MOV,IMG_6510.MOV,SURVIVES (current content),1,1
1 18（日）,20260118_0952-北北東-4.3.MOV,IMG_6504.MOV,OVERWRITTEN (in version history?),1,2
1 18（日）,20260118_0952-北北東-4.3.MOV,IMG_6509.MOV,SURVIVES (current content),2,2
1 18（日）,20260118_0953-北北東-4.3.MOV,IMG_6501.MOV,SURVIVES (current content),1,1
1 18（日）,20260118_0954-北北東-4.3.MOV,IMG_6511.MOV,SURVIVES (current content),1,1
1 18（日）,20260118_0956-北北東-4.3.MOV,IMG_6488.MOV,SURVIVES (current content),1,1
1 18（日）,20260118_0957-北北東-4.3.MOV,IMG_6496.MOV,SURVIVES (current content),1,1
1 18（日）,20260118_0959-北北東-4.3.MOV,IMG_6506.MOV,SURVIVES (current content),1,1
1 18（日）,20260118_1000-北北東-4.3.MOV,IMG_6487.MOV,SURVIVES (current content),1,1
1 18（日）,20260118_1003-北北東-4.3.MOV,IMG_6492.MOV,SURVIVES (current content),1,1
1 28(水),20260128_0540-北-1.9.MOV,IMG_6588.MOV,OVERWRITTEN (in version history?),1,2
1 28(水),20260128_0540-北-1.9.MOV,IMG_6591.MOV,SURVIVES (current content),2,2
1 28(水),20260128_0541-北-1.9.MOV,IMG_6593.MOV,OVERWRITTEN (in version history?),1,2
1 28(水),20260128_0541-北-1.9.MOV,IMG_6596.MOV,SURVIVES (current content),2,2
1 28(水),20260128_0542-北-1.9.MOV,IMG_6594.MOV,OVERWRITTEN (in version history?),1,2
1 28(水),20260128_0542-北-1.9.MOV,IMG_6597.MOV,SURVIVES (current content),2,2
1 28(水),20260128_0543-北-1.9.MOV,IMG_6598.MOV,SURVIVES (current content),1,1
1 28(水),20260128_0544-北-1.9.MOV,IMG_6595.MOV,SURVIVES (current content),1,1
1 29(木),20260202_0009-北北東-2.5.MOV,IMG_5751.MOV,OVERWRITTEN (in version history?),1,2
1 29(木),20260202_0009-北北東-2.5.MOV,IMG_5756.MOV,SURVIVES (current content),2,2
1 29(木),20260202_0010-北北東-2.5.MOV,IMG_5748.MOV,SURVIVES (current content),1,1
1 29(木),20260202_0015-北北東-2.5.MOV,IMG_5755.MOV,SURVIVES (current content),1,1
1 29(木),20260202_0022-北北東-2.5.MOV,IMG_5747.MOV,SURVIVES (current content),1,1
1 29(木),20260202_0031-北北東-2.5.MOV,IMG_5746.MOV,SURVIVES (current content),1,1
1 29(木),20260202_0039-北北東-2.5.MOV,IMG_5757.MOV,SURVIVES (current content),1,1
1 29(木),20260202_0048-北北東-2.5.MOV,IMG_5752.MOV,SURVIVES (current content),1,1
1 29(木),20260202_0100-北北東-2.5.MOV,IMG_5753.MOV,SURVIVES (current content),1,1
1 29(木),20260202_0114-北北東-2.5.MOV,IMG_5750.MOV,SURVIVES (current content),1,1
1 29(木),20260202_0129-北北東-2.5.MOV,IMG_5749.MOV,SURVIVES (current content),1,1
10 25(土),20251025_1020-北-4.5.MOV,IMG_1730.MOV,SURVIVES (current content),1,1
10 25(土),20251025_1021-北-4.5.MOV,IMG_1735.MOV,SURVIVES (current content),1,1
10 25(土),20251025_1022-北-4.5.MOV,IMG_1728.MOV,SURVIVES (current content),1,1
10 25(土),20251025_1024-北-4.5.MOV,IMG_1732.MOV,SURVIVES (current content),1,1
10 25(土),20251025_1025-北-4.5.MOV,IMG_1729.MOV,SURVIVES (current content),1,1
10 25(土),20251025_1029-北-4.5.MOV,IMG_1725.MOV,SURVIVES (current content),1,1
10 25(土),20251025_1031-北-4.7.MOV,IMG_1724.MOV,SURVIVES (current content),1,1
10 25(土),20251025_1032-北-4.7.MOV,IMG_1733.MOV,SURVIVES (current content),1,1
10 25(土),20251025_1036-北-4.7.MOV,IMG_1731.MOV,SURVIVES (current content),1,1
10 25(土),20251025_1039-北-4.7.MOV,IMG_1723.MOV,SURVIVES (current content),1,1
10 25(土),20251025_1040-北-4.7.MOV,IMG_1726.MOV,SURVIVES (current content),1,1
10 25(土),20251025_1042-北-4.7.MOV,IMG_1734.MOV,SURVIVES (current content),1,1
10 25(土),20251025_1049-北-4.7.MOV,IMG_1727.MOV,SURVIVES (current content),1,1
10 25(土),20260601_0925-南-2.5.MOV,IMG_5332.MOV,SURVIVES (current content),1,1
10 26(日),20251026_1054-北-3.3.MOV,IMG_1746.MOV,OVERWRITTEN (in version history?),1,3
10 26(日),20251026_1054-北-3.3.MOV,IMG_1748.MOV,OVERWRITTEN (in version history?),2,3
10 26(日),20251026_1054-北-3.3.MOV,IMG_1757.MOV,SURVIVES (current content),3,3
10 26(日),20251026_1055-北-3.3.MOV,IMG_1764.MOV,OVERWRITTEN (in version history?),1,2
10 26(日),20251026_1055-北-3.3.MOV,IMG_1770.MOV,SURVIVES (current content),2,2
10 26(日),20251026_1056-北-3.3.MOV,IMG_1753.MOV,SURVIVES (current content),1,1
10 26(日),20251026_1057-北-3.3.MOV,IMG_1743.MOV,OVERWRITTEN (in version history?),1,2
10 26(日),20251026_1057-北-3.3.MOV,IMG_1750.MOV,SURVIVES (current content),2,2
10 26(日),20251026_1058-北-3.3.MOV,IMG_1749.MOV,SURVIVES (current content),1,1
10 26(日),20251026_1059-北-3.3.MOV,IMG_1752.MOV,SURVIVES (current content),1,1
10 26(日),20251026_1100-北-3.3.MOV,IMG_1741.MOV,OVERWRITTEN (in version history?),1,2
10 26(日),20251026_1100-北-3.3.MOV,IMG_1762.MOV,SURVIVES (current content),2,2
10 26(日),20251026_1101-北-3.3.MOV,IMG_1763.MOV,SURVIVES (current content),1,1
10 26(日),20251026_1103-北-3.3.MOV,IMG_1745.MOV,SURVIVES (current content),1,1
10 26(日),20251026_1104-北-3.3.MOV,IMG_1756.MOV,SURVIVES (current content),1,1
10 26(日),20251026_1106-北-3.3.MOV,IMG_1744.MOV,SURVIVES (current content),1,1
10 26(日),20251026_1107-北-3.3.MOV,IMG_1767.MOV,SURVIVES (current content),1,1
10 26(日),20251026_1108-北-3.3.MOV,IMG_1754.MOV,SURVIVES (current content),1,1
10 26(日),20251026_1109-北-3.3.MOV,IMG_1760.MOV,SURVIVES (current content),1,1
10 26(日),20251026_1110-北-3.3.MOV,IMG_1759.MOV,SURVIVES (current content),1,1
10 26(日),20251026_1111-北-3.3.MOV,IMG_1768.MOV,SURVIVES (current content),1,1
10 26(日),20251026_1112-北-3.3.MOV,IMG_1758.MOV,SURVIVES (current content),1,1
10 26(日),20251026_1113-北-3.3.MOV,IMG_1747.MOV,SURVIVES (current content),1,1
10 26(日),20251026_1115-北-3.3.MOV,IMG_1751.MOV,SURVIVES (current content),1,1
10 26(日),20251026_1116-北-3.3.MOV,IMG_1761.MOV,SURVIVES (current content),1,1
10 26(日),20251026_1117-北-3.3.MOV,IMG_1769.MOV,SURVIVES (current content),1,1
11 16(日),20251122_1148-北北東-2.2.MOV,IMG_1920.MOV,SURVIVES (current content),1,1
11 16(日),20251122_1149-北北東-2.2.MOV,IMG_1909.MOV,SURVIVES (current content),1,1
11 16(日),20251122_1209-北北東-2.2.MOV,IMG_1921.MOV,SURVIVES (current content),1,1
11 16(日),20251122_1210-北北東-2.2.MOV,IMG_1912.MOV,OVERWRITTEN (in version history?),1,2
11 16(日),20251122_1210-北北東-2.2.MOV,IMG_1922.MOV,SURVIVES (current content),2,2
11 16(日),20251122_1212-北北東-2.2.MOV,IMG_1910.MOV,SURVIVES (current content),1,1
11 16(日),20251122_1214-北北東-2.2.MOV,IMG_1913.MOV,SURVIVES (current content),1,1
11 16(日),20251122_1216-北北東-2.2.MOV,IMG_1914.MOV,SURVIVES (current content),1,1
11 16(日),20251122_1217-北北東-2.2.MOV,IMG_1917.MOV,SURVIVES (current content),1,1
11 16(日),20251122_1219-北北東-2.2.MOV,IMG_1916.MOV,SURVIVES (current content),1,1
11 16(日),20251122_1221-北北東-2.2.MOV,IMG_1911.MOV,SURVIVES (current content),1,1
11 16(日),20251122_1223-北北東-2.2.MOV,IMG_1919.MOV,SURVIVES (current content),1,1
11 16(日),20251122_1225-北北東-2.2.MOV,IMG_1915.MOV,SURVIVES (current content),1,1
11 16(日),20251122_1227-北北東-2.2.MOV,IMG_1918.MOV,SURVIVES (current content),1,1
11 30(日),20251130_1317-南-1.6.MOV,IMG_5552.MOV,OVERWRITTEN (in version history?),1,2
11 30(日),20251130_1317-南-1.6.MOV,IMG_5553.MOV,SURVIVES (current content),2,2
11 30(日),20251130_1318-南-1.6.MOV,IMG_5561.MOV,SURVIVES (current content),1,1
11 30(日),20251130_1320-南-1.6.MOV,IMG_5550.MOV,SURVIVES (current content),1,1
11 30(日),20251130_1323-南-1.6.MOV,IMG_5546.MOV,SURVIVES (current content),1,1
11 30(日),20251130_1327-南-1.6.MOV,IMG_5563.MOV,SURVIVES (current content),1,1
11 4(火),20251105_0219-北-3.4.MOV,IMG_5876 (2).MOV,OVERWRITTEN (in version history?),1,2
11 4(火),20251105_0219-北-3.4.MOV,IMG_5879 (2).MOV,SURVIVES (current content),2,2
11 4(火),20251105_0220-北-3.4.MOV,IMG_1810.MOV,OVERWRITTEN (in version history?),1,7
11 4(火),20251105_0220-北-3.4.MOV,IMG_5875 (2).MOV,OVERWRITTEN (in version history?),2,7
11 4(火),20251105_0220-北-3.4.MOV,IMG_5877 (2).MOV,OVERWRITTEN (in version history?),3,7
11 4(火),20251105_0220-北-3.4.MOV,IMG_5878 (2).MOV,OVERWRITTEN (in version history?),4,7
11 4(火),20251105_0220-北-3.4.MOV,IMG_5881 (2).MOV,OVERWRITTEN (in version history?),5,7
11 4(火),20251105_0220-北-3.4.MOV,IMG_5883 (2).MOV,OVERWRITTEN (in version history?),6,7
11 4(火),20251105_0220-北-3.4.MOV,IMG_5884 (2).MOV,SURVIVES (current content),7,7
11 4(火),20251105_0221-北-3.4.MOV,IMG_1806 (2).MOV,OVERWRITTEN (in version history?),1,5
11 4(火),20251105_0221-北-3.4.MOV,IMG_1811.MOV,OVERWRITTEN (in version history?),2,5
11 4(火),20251105_0221-北-3.4.MOV,IMG_1812 (2).MOV,OVERWRITTEN (in version history?),3,5
11 4(火),20251105_0221-北-3.4.MOV,IMG_1815.MOV,OVERWRITTEN (in version history?),4,5
11 4(火),20251105_0221-北-3.4.MOV,IMG_5882 (2).MOV,SURVIVES (current content),5,5
11 4(火),20251105_0222-北-3.4.MOV,IMG_1805.MOV,OVERWRITTEN (in version history?),1,4
11 4(火),20251105_0222-北-3.4.MOV,IMG_1808 (2).MOV,OVERWRITTEN (in version history?),2,4
11 4(火),20251105_0222-北-3.4.MOV,IMG_1816.MOV,OVERWRITTEN (in version history?),3,4
11 4(火),20251105_0222-北-3.4.MOV,IMG_1817.MOV,SURVIVES (current content),4,4
11 4(火),20251105_0223-北-3.4.MOV,IMG_1807.MOV,OVERWRITTEN (in version history?),1,3
11 4(火),20251105_0223-北-3.4.MOV,IMG_1813.MOV,OVERWRITTEN (in version history?),2,3
11 4(火),20251105_0223-北-3.4.MOV,IMG_1814.MOV,SURVIVES (current content),3,3
11 4(火),20251109_1208-北-1.7.MOV,IMG_5874 (1).MOV,SURVIVES (current content),1,1
11 4(火),20251109_1209-北-1.7.MOV,IMG_5874.MOV,OVERWRITTEN (in version history?),1,15
11 4(火),20251109_1209-北-1.7.MOV,IMG_5875 (1).MOV,OVERWRITTEN (in version history?),2,15
11 4(火),20251109_1209-北-1.7.MOV,IMG_5875.MOV,OVERWRITTEN (in version history?),3,15
11 4(火),20251109_1209-北-1.7.MOV,IMG_5876 (1).MOV,OVERWRITTEN (in version history?),4,15
11 4(火),20251109_1209-北-1.7.MOV,IMG_5876.MOV,OVERWRITTEN (in version history?),5,15
11 4(火),20251109_1209-北-1.7.MOV,IMG_5877 (1).MOV,OVERWRITTEN (in version history?),6,15
11 4(火),20251109_1209-北-1.7.MOV,IMG_5877.MOV,OVERWRITTEN (in version history?),7,15
11 4(火),20251109_1209-北-1.7.MOV,IMG_5878 (1).MOV,OVERWRITTEN (in version history?),8,15
11 4(火),20251109_1209-北-1.7.MOV,IMG_5878.MOV,OVERWRITTEN (in version history?),9,15
11 4(火),20251109_1209-北-1.7.MOV,IMG_5879 (1).MOV,OVERWRITTEN (in version history?),10,15
11 4(火),20251109_1209-北-1.7.MOV,IMG_5879.MOV,OVERWRITTEN (in version history?),11,15
11 4(火),20251109_1209-北-1.7.MOV,IMG_5883 (1).MOV,OVERWRITTEN (in version history?),12,15
11 4(火),20251109_1209-北-1.7.MOV,IMG_5883.MOV,OVERWRITTEN (in version history?),13,15
11 4(火),20251109_1209-北-1.7.MOV,IMG_5884 (1).MOV,OVERWRITTEN (in version history?),14,15
11 4(火),20251109_1209-北-1.7.MOV,IMG_5884.MOV,SURVIVES (current content),15,15
11 4(火),20251109_1210-北-1.7.MOV,IMG_5866 (1).MOV,OVERWRITTEN (in version history?),1,11
11 4(火),20251109_1210-北-1.7.MOV,IMG_5866.MOV,OVERWRITTEN (in version history?),2,11
11 4(火),20251109_1210-北-1.7.MOV,IMG_5869 (1).MOV,OVERWRITTEN (in version history?),3,11
11 4(火),20251109_1210-北-1.7.MOV,IMG_5869.MOV,OVERWRITTEN (in version history?),4,11
11 4(火),20251109_1210-北-1.7.MOV,IMG_5870.MOV,OVERWRITTEN (in version history?),5,11
11 4(火),20251109_1210-北-1.7.MOV,IMG_5872 (1).MOV,OVERWRITTEN (in version history?),6,11
11 4(火),20251109_1210-北-1.7.MOV,IMG_5872.MOV,OVERWRITTEN (in version history?),7,11
11 4(火),20251109_1210-北-1.7.MOV,IMG_5873 (1).MOV,OVERWRITTEN (in version history?),8,11
11 4(火),20251109_1210-北-1.7.MOV,IMG_5873.MOV,OVERWRITTEN (in version history?),9,11
11 4(火),20251109_1210-北-1.7.MOV,IMG_5881 (1).MOV,OVERWRITTEN (in version history?),10,11
11 4(火),20251109_1210-北-1.7.MOV,IMG_5881.MOV,SURVIVES (current content),11,11
11 4(火),20251109_1211-北-1.7.MOV,IMG_1812 (1).MOV,OVERWRITTEN (in version history?),1,9
11 4(火),20251109_1211-北-1.7.MOV,IMG_1812.MOV,OVERWRITTEN (in version history?),2,9
11 4(火),20251109_1211-北-1.7.MOV,IMG_5864 (1).MOV,OVERWRITTEN (in version history?),3,9
11 4(火),20251109_1211-北-1.7.MOV,IMG_5867 (1).MOV,OVERWRITTEN (in version history?),4,9
11 4(火),20251109_1211-北-1.7.MOV,IMG_5867.MOV,OVERWRITTEN (in version history?),5,9
11 4(火),20251109_1211-北-1.7.MOV,IMG_5868 (1).MOV,OVERWRITTEN (in version history?),6,9
11 4(火),20251109_1211-北-1.7.MOV,IMG_5868.MOV,OVERWRITTEN (in version history?),7,9
11 4(火),20251109_1211-北-1.7.MOV,IMG_5882 (1).MOV,OVERWRITTEN (in version history?),8,9
11 4(火),20251109_1211-北-1.7.MOV,IMG_5882.MOV,SURVIVES (current content),9,9
11 4(火),20251109_1212-北-1.7.MOV,IMG_1806 (1).MOV,OVERWRITTEN (in version history?),1,5
11 4(火),20251109_1212-北-1.7.MOV,IMG_1806.MOV,OVERWRITTEN (in version history?),2,5
11 4(火),20251109_1212-北-1.7.MOV,IMG_1808 (1).MOV,OVERWRITTEN (in version history?),3,5
11 4(火),20251109_1212-北-1.7.MOV,IMG_1808.MOV,OVERWRITTEN (in version history?),4,5
11 4(火),20251109_1212-北-1.7.MOV,IMG_5864.MOV,SURVIVES (current content),5,5
12 26,20251227_0849-北北東-4.3.MOV,IMG_6122.MOV,OVERWRITTEN (in version history?),1,4
12 26,20251227_0849-北北東-4.3.MOV,IMG_6130.MOV,OVERWRITTEN (in version history?),2,4
12 26,20251227_0849-北北東-4.3.MOV,IMG_6138.MOV,OVERWRITTEN (in version history?),3,4
12 26,20251227_0849-北北東-4.3.MOV,IMG_6148.MOV,SURVIVES (current content),4,4
12 26,20251227_0850-北北東-4.3.MOV,IMG_6125.MOV,OVERWRITTEN (in version history?),1,9
12 26,20251227_0850-北北東-4.3.MOV,IMG_6128.MOV,OVERWRITTEN (in version history?),2,9
12 26,20251227_0850-北北東-4.3.MOV,IMG_6132.MOV,OVERWRITTEN (in version history?),3,9
12 26,20251227_0850-北北東-4.3.MOV,IMG_6134.MOV,OVERWRITTEN (in version history?),4,9
12 26,20251227_0850-北北東-4.3.MOV,IMG_6136.MOV,OVERWRITTEN (in version history?),5,9
12 26,20251227_0850-北北東-4.3.MOV,IMG_6139.MOV,OVERWRITTEN (in version history?),6,9
12 26,20251227_0850-北北東-4.3.MOV,IMG_6149.MOV,OVERWRITTEN (in version history?),7,9
12 26,20251227_0850-北北東-4.3.MOV,IMG_6151.MOV,OVERWRITTEN (in version history?),8,9
12 26,20251227_0850-北北東-4.3.MOV,IMG_6152.MOV,SURVIVES (current content),9,9
12 26,20251227_0851-北北東-4.3.MOV,IMG_6121.MOV,OVERWRITTEN (in version history?),1,6
12 26,20251227_0851-北北東-4.3.MOV,IMG_6123.MOV,OVERWRITTEN (in version history?),2,6
12 26,20251227_0851-北北東-4.3.MOV,IMG_6126.MOV,OVERWRITTEN (in version history?),3,6
12 26,20251227_0851-北北東-4.3.MOV,IMG_6127.MOV,OVERWRITTEN (in version history?),4,6
12 26,20251227_0851-北北東-4.3.MOV,IMG_6129.MOV,OVERWRITTEN (in version history?),5,6
12 26,20251227_0851-北北東-4.3.MOV,IMG_6133.MOV,SURVIVES (current content),6,6
12 26,20251227_0853-北北東-4.3.MOV,IMG_6119.MOV,OVERWRITTEN (in version history?),1,6
12 26,20251227_0853-北北東-4.3.MOV,IMG_6120.MOV,OVERWRITTEN (in version history?),2,6
12 26,20251227_0853-北北東-4.3.MOV,IMG_6124.MOV,OVERWRITTEN (in version history?),3,6
12 26,20251227_0853-北北東-4.3.MOV,IMG_6137.MOV,OVERWRITTEN (in version history?),4,6
12 26,20251227_0853-北北東-4.3.MOV,IMG_6141.MOV,OVERWRITTEN (in version history?),5,6
12 26,20251227_0853-北北東-4.3.MOV,IMG_6145.MOV,SURVIVES (current content),6,6
12 26,20251227_0854-北北東-4.3.MOV,IMG_6131.MOV,OVERWRITTEN (in version history?),1,5
12 26,20251227_0854-北北東-4.3.MOV,IMG_6142.MOV,OVERWRITTEN (in version history?),2,5
12 26,20251227_0854-北北東-4.3.MOV,IMG_6147.MOV,OVERWRITTEN (in version history?),3,5
12 26,20251227_0854-北北東-4.3.MOV,IMG_6153.MOV,OVERWRITTEN (in version history?),4,5
12 26,20251227_0854-北北東-4.3.MOV,IMG_6155.MOV,SURVIVES (current content),5,5
12 26,20251227_0855-北北東-4.3.MOV,IMG_6118.MOV,OVERWRITTEN (in version history?),1,4
12 26,20251227_0855-北北東-4.3.MOV,IMG_6146.MOV,OVERWRITTEN (in version history?),2,4
12 26,20251227_0855-北北東-4.3.MOV,IMG_6150.MOV,OVERWRITTEN (in version history?),3,4
12 26,20251227_0855-北北東-4.3.MOV,IMG_6157.MOV,SURVIVES (current content),4,4
12 26,20251227_0856-北北東-4.3.MOV,IMG_6144.MOV,SURVIVES (current content),1,1
12 26,20251227_0857-北北東-4.3.MOV,IMG_6140.MOV,OVERWRITTEN (in version history?),1,2
12 26,20251227_0857-北北東-4.3.MOV,IMG_6158.MOV,SURVIVES (current content),2,2
12 26,20251227_0858-北北東-4.3.MOV,IMG_6143.MOV,OVERWRITTEN (in version history?),1,3
12 26,20251227_0858-北北東-4.3.MOV,IMG_6154.MOV,OVERWRITTEN (in version history?),2,3
12 26,20251227_0858-北北東-4.3.MOV,IMG_6156.MOV,SURVIVES (current content),3,3
12 6(土),20251208_1254-南南西-8.4.MOV,IMG_5844.MOV,SURVIVES (current content),1,1
12 6(土),20251208_1255-南南西-8.4.MOV,IMG_5841.MOV,OVERWRITTEN (in version history?),1,5
12 6(土),20251208_1255-南南西-8.4.MOV,IMG_5847.MOV,OVERWRITTEN (in version history?),2,5
12 6(土),20251208_1255-南南西-8.4.MOV,IMG_5849.MOV,OVERWRITTEN (in version history?),3,5
12 6(土),20251208_1255-南南西-8.4.MOV,IMG_5852.MOV,OVERWRITTEN (in version history?),4,5
12 6(土),20251208_1255-南南西-8.4.MOV,IMG_5853.MOV,SURVIVES (current content),5,5
12 6(土),20251208_1256-南南西-8.4.MOV,IMG_5843.MOV,OVERWRITTEN (in version history?),1,2
12 6(土),20251208_1256-南南西-8.4.MOV,IMG_5854.MOV,SURVIVES (current content),2,2
12 6(土),20251208_1257-南南西-8.4.MOV,IMG_5842.MOV,OVERWRITTEN (in version history?),1,3
12 6(土),20251208_1257-南南西-8.4.MOV,IMG_5846.MOV,OVERWRITTEN (in version history?),2,3
12 6(土),20251208_1257-南南西-8.4.MOV,IMG_5850.MOV,SURVIVES (current content),3,3
12 6(土),20251208_1258-南南西-8.4.MOV,IMG_5840.MOV,OVERWRITTEN (in version history?),1,3
12 6(土),20251208_1258-南南西-8.4.MOV,IMG_5845.MOV,OVERWRITTEN (in version history?),2,3
12 6(土),20251208_1258-南南西-8.4.MOV,IMG_5851.MOV,SURVIVES (current content),3,3
12月13日,20251216_0207-北北東-2.4.MOV,IMG_2106.MOV,SURVIVES (current content),1,1
12月13日,20251216_0208-北北東-2.4.MOV,IMG_2104.MOV,OVERWRITTEN (in version history?),1,2
12月13日,20251216_0208-北北東-2.4.MOV,IMG_2112.MOV,SURVIVES (current content),2,2
12月13日,20251216_0209-北北東-2.4.MOV,IMG_2103.MOV,SURVIVES (current content),1,1
12月13日,20251216_0211-北北東-2.4.MOV,IMG_2109.MOV,OVERWRITTEN (in version history?),1,2
12月13日,20251216_0211-北北東-2.4.MOV,IMG_2119.MOV,SURVIVES (current content),2,2
12月13日,20251216_0945-北北東-3.1.MOV,IMG_2105.MOV,SURVIVES (current content),1,1
12月13日,20251216_0947-北北東-3.1.MOV,IMG_2107.MOV,SURVIVES (current content),1,1
12月13日,20251216_0948-北北東-3.1.MOV,IMG_2118.MOV,SURVIVES (current content),1,1
12月13日,20251216_0950-北北東-3.1.MOV,IMG_2117.MOV,SURVIVES (current content),1,1
12月13日,20251216_0954-北北東-3.1.MOV,IMG_2113.MOV,SURVIVES (current content),1,1
12月13日,20251216_0957-北北東-3.1.MOV,IMG_2108.MOV,SURVIVES (current content),1,1
12月13日,20251216_0959-北北東-3.1.MOV,IMG_2111.MOV,SURVIVES (current content),1,1
12月13日,20251216_1001-北北東-3.1.MOV,IMG_2110.MOV,SURVIVES (current content),1,1
12月13日,20251216_1003-北北東-3.1.MOV,IMG_2114.MOV,SURVIVES (current content),1,1
12月13日,20251216_1005-北北東-3.1.MOV,IMG_2115.MOV,SURVIVES (current content),1,1
12月14,20251216_0950-北北東-3.1.MOV,IMG_2126.MOV,SURVIVES (current content),1,1
12月14,20251216_0951-北北東-3.1.MOV,IMG_2122.MOV,OVERWRITTEN (in version history?),1,2
12月14,20251216_0951-北北東-3.1.MOV,IMG_2124.MOV,SURVIVES (current content),2,2
12月14,20251216_0952-北北東-3.1.MOV,IMG_2121.MOV,SURVIVES (current content),1,1
12月14,20251216_0955-北北東-3.1.MOV,IMG_2125.MOV,SURVIVES (current content),1,1
12月28日,20251230_0021-南西-3.9.MOV,IMG_1519.MOV,OVERWRITTEN (in version history?),1,3
12月28日,20251230_0021-南西-3.9.MOV,IMG_4658.MOV,OVERWRITTEN (in version history?),2,3
12月28日,20251230_0021-南西-3.9.MOV,IMG_4676.MOV,SURVIVES (current content),3,3
12月28日,20251230_0021-南西-3.9.MP4,09DA7B33-C1DC-44B2-B789-74D3F87DD33E.MP4,SURVIVES (current content),1,1
12月28日,20251230_0022-南西-3.9.MOV,IMG_1507.MOV,OVERWRITTEN (in version history?),1,9
12月28日,20251230_0022-南西-3.9.MOV,IMG_1508.MOV,OVERWRITTEN (in version history?),2,9
12月28日,20251230_0022-南西-3.9.MOV,IMG_1515.MOV,OVERWRITTEN (in version history?),3,9
12月28日,20251230_0022-南西-3.9.MOV,IMG_4654.MOV,OVERWRITTEN (in version history?),4,9
12月28日,20251230_0022-南西-3.9.MOV,IMG_4655.MOV,OVERWRITTEN (in version history?),5,9
12月28日,20251230_0022-南西-3.9.MOV,IMG_4661.MOV,OVERWRITTEN (in version history?),6,9
12月28日,20251230_0022-南西-3.9.MOV,IMG_4666.MOV,OVERWRITTEN (in version history?),7,9
12月28日,20251230_0022-南西-3.9.MOV,IMG_4667.MOV,OVERWRITTEN (in version history?),8,9
12月28日,20251230_0022-南西-3.9.MOV,IMG_4673.MOV,SURVIVES (current content),9,9
12月28日,20251230_0022-南西-3.9.MP4,BF599F8D-83F7-4534-92E0-3B732A885DA5.MP4,SURVIVES (current content),1,1
12月28日,20251230_0023-南西-3.9.MOV,IMG_1516.MOV,OVERWRITTEN (in version history?),1,8
12月28日,20251230_0023-南西-3.9.MOV,IMG_1517.MOV,OVERWRITTEN (in version history?),2,8
12月28日,20251230_0023-南西-3.9.MOV,IMG_1521.MOV,OVERWRITTEN (in version history?),3,8
12月28日,20251230_0023-南西-3.9.MOV,IMG_1522.MOV,OVERWRITTEN (in version history?),4,8
12月28日,20251230_0023-南西-3.9.MOV,IMG_1532.MOV,OVERWRITTEN (in version history?),5,8
12月28日,20251230_0023-南西-3.9.MOV,IMG_4653.MOV,OVERWRITTEN (in version history?),6,8
12月28日,20251230_0023-南西-3.9.MOV,IMG_4674.MOV,OVERWRITTEN (in version history?),7,8
12月28日,20251230_0023-南西-3.9.MOV,IMG_4678.MOV,SURVIVES (current content),8,8
12月28日,20251230_0024-南西-3.9.MOV,IMG_1509.MOV,OVERWRITTEN (in version history?),1,4
12月28日,20251230_0024-南西-3.9.MOV,IMG_1518.MOV,OVERWRITTEN (in version history?),2,4
12月28日,20251230_0024-南西-3.9.MOV,IMG_1523.MOV,OVERWRITTEN (in version history?),3,4
12月28日,20251230_0024-南西-3.9.MOV,IMG_7695.MOV,SURVIVES (current content),4,4
12月28日,20251230_0025-南西-3.9.MOV,IMG_7693.MOV,OVERWRITTEN (in version history?),1,2
12月28日,20251230_0025-南西-3.9.MOV,IMG_7694.MOV,SURVIVES (current content),2,2
12月28日,20251230_0026-南西-3.9.MOV,IMG_7692.MOV,SURVIVES (current content),1,1
2 12(木),20260212_1105-北-3.4.MOV,IMG_6787.MOV,OVERWRITTEN (in version history?),1,4
2 12(木),20260212_1105-北-3.4.MOV,IMG_6790.MOV,OVERWRITTEN (in version history?),2,4
2 12(木),20260212_1105-北-3.4.MOV,IMG_6793.MOV,OVERWRITTEN (in version history?),3,4
2 12(木),20260212_1105-北-3.4.MOV,IMG_6800.MOV,SURVIVES (current content),4,4
2 12(木),20260212_1106-北-3.4.MOV,IMG_6791.MOV,SURVIVES (current content),1,1
2 12(木),20260212_1107-北-3.4.MOV,IMG_6784.MOV,OVERWRITTEN (in version history?),1,3
2 12(木),20260212_1107-北-3.4.MOV,IMG_6785.MOV,OVERWRITTEN (in version history?),2,3
2 12(木),20260212_1107-北-3.4.MOV,IMG_6789.MOV,SURVIVES (current content),3,3
2 12(木),20260212_1108-北-3.4.MOV,IMG_6794.MOV,SURVIVES (current content),1,1
2 12(木),20260212_1109-北-3.4.MOV,IMG_6786.MOV,OVERWRITTEN (in version history?),1,2
2 12(木),20260212_1109-北-3.4.MOV,IMG_6792.MOV,SURVIVES (current content),2,2
2 12(木),20260212_1110-北-3.4.MOV,IMG_6788.MOV,OVERWRITTEN (in version history?),1,2
2 12(木),20260212_1110-北-3.4.MOV,IMG_6797.MOV,SURVIVES (current content),2,2
2 12(木),20260212_1111-北-3.4.MOV,IMG_6796.MOV,SURVIVES (current content),1,1
2 12(木),20260212_1112-北-3.4.MOV,IMG_6795.MOV,SURVIVES (current content),1,1
2 12(木),20260212_1113-北-3.4.MOV,IMG_6798.MOV,OVERWRITTEN (in version history?),1,2
2 12(木),20260212_1113-北-3.4.MOV,IMG_6799.MOV,SURVIVES (current content),2,2
2 14（土）,20260214_0839-北-1.8.MOV,IMG_6809.MOV,OVERWRITTEN (in version history?),1,2
2 14（土）,20260214_0839-北-1.8.MOV,IMG_6810.MOV,SURVIVES (current content),2,2
2 14（土）,20260214_0840-北-1.8.MOV,IMG_6804.MOV,OVERWRITTEN (in version history?),1,5
2 14（土）,20260214_0840-北-1.8.MOV,IMG_6805.MOV,OVERWRITTEN (in version history?),2,5
2 14（土）,20260214_0840-北-1.8.MOV,IMG_6807.MOV,OVERWRITTEN (in version history?),3,5
2 14（土）,20260214_0840-北-1.8.MOV,IMG_6808.MOV,OVERWRITTEN (in version history?),4,5
2 14（土）,20260214_0840-北-1.8.MOV,IMG_6811.MOV,SURVIVES (current content),5,5
2 14（土）,20260214_0841-北-1.8.MOV,IMG_6806.MOV,OVERWRITTEN (in version history?),1,2
2 14（土）,20260214_0841-北-1.8.MOV,IMG_6813.MOV,SURVIVES (current content),2,2
2 14（土）,20260214_0842-北-1.8.MOV,IMG_6812.MOV,SURVIVES (current content),1,1
2 14（土）,20260214_0850-北-1.8.MOV,IMG_6814.MOV,SURVIVES (current content),1,1
2 15(日),20260215_0853-北北東-3.4.MOV,IMG_4245.MOV,SURVIVES (current content),1,1
2 15(日),20260215_0856-北北東-3.4.MOV,IMG_4237.MOV,SURVIVES (current content),1,1
2 15(日),20260215_0905-北北東-3.4.MOV,IMG_4238.MOV,SURVIVES (current content),1,1
2 15(日),20260215_0908-北北東-3.4.MOV,IMG_4233.MOV,SURVIVES (current content),1,1
2 15(日),20260215_1125-南-1.6.MOV,IMG_6817.MOV,SURVIVES (current content),1,1
2 15(日),20260215_1128-南-1.6.MOV,IMG_6845.MOV,SURVIVES (current content),1,1
2 15(日),20260215_1129-南-1.6.MOV,IMG_6846.MOV,OVERWRITTEN (in version history?),1,4
2 15(日),20260215_1129-南-1.6.MOV,IMG_6847.MOV,OVERWRITTEN (in version history?),2,4
2 15(日),20260215_1129-南-1.6.MOV,IMG_6848.MOV,OVERWRITTEN (in version history?),3,4
2 15(日),20260215_1129-南-1.6.MOV,IMG_6849.MOV,SURVIVES (current content),4,4
2 15(日),20260215_1130-南南東-1.1.MOV,IMG_6844.MOV,SURVIVES (current content),1,1
2 15(日),20260215_1131-南南東-1.1.MOV,IMG_6838.MOV,OVERWRITTEN (in version history?),1,2
2 15(日),20260215_1131-南南東-1.1.MOV,IMG_6839.MOV,SURVIVES (current content),2,2
2 15(日),20260215_1133-南南東-1.1.MOV,IMG_6841.MOV,SURVIVES (current content),1,1
2 15(日),20260215_1134-南南東-1.1.MOV,IMG_6840.MOV,SURVIVES (current content),1,1
2 15(日),20260215_1135-南南東-1.1.MOV,IMG_6837.MOV,SURVIVES (current content),1,1
2 15(日),20260215_1137-南南東-1.1.MOV,IMG_6850.MOV,SURVIVES (current content),1,1
2 15(日),20260215_1139-南南東-1.1.MOV,IMG_6815.MOV,SURVIVES (current content),1,1
2 15(日),20260215_1142-南南東-1.1.MOV,IMG_6816.MOV,SURVIVES (current content),1,1
2 19(木),20260219_1030-北北東-2.7.MOV,IMG_6901.MOV,OVERWRITTEN (in version history?),1,2
2 19(木),20260219_1030-北北東-2.7.MOV,IMG_6902.MOV,SURVIVES (current content),2,2
2 19(木),20260219_1031-北北東-2.7.MOV,IMG_6905.MOV,SURVIVES (current content),1,1
2 19(木),20260219_1032-北北東-2.7.MOV,IMG_6903.MOV,SURVIVES (current content),1,1
2 19(木),20260219_1034-北北東-2.7.MOV,IMG_6904.MOV,SURVIVES (current content),1,1
2 19(木),20260219_1105-北北東-2.7.MOV,IMG_2484.MOV,OVERWRITTEN (in version history?),1,2
2 19(木),20260219_1105-北北東-2.7.MOV,IMG_2485.MOV,SURVIVES (current content),2,2
2 19(木),20260219_1107-北北東-2.7.MOV,IMG_2479.MOV,SURVIVES (current content),1,1
2 19(木),20260219_1108-北北東-2.7.MOV,IMG_2481.MOV,SURVIVES (current content),1,1
2 19(木),20260219_1109-北北東-2.7.MOV,IMG_2483.MOV,SURVIVES (current content),1,1
2 19(木),20260219_1110-北北東-2.7.MOV,IMG_2487.MOV,SURVIVES (current content),1,1
2 19(木),20260219_1112-北北東-2.7.MOV,IMG_2486.MOV,SURVIVES (current content),1,1
2 19(木),20260219_1114-北北東-2.7.MOV,IMG_2489.MOV,SURVIVES (current content),1,1
2 19(木),20260219_1118-北北東-2.7.MOV,IMG_2482.MOV,SURVIVES (current content),1,1
2 19(木),20260219_1121-北北東-2.7.MOV,IMG_2488.MOV,SURVIVES (current content),1,1
2 20(金),20260221_0924-北-3.0.MOV,IMG_4648.MOV,SURVIVES (current content),1,1
2 20(金),20260221_0925-北-3.0.MOV,IMG_4644.MOV,SURVIVES (current content),1,1
2 20(金),20260221_0926-北-3.0.MOV,IMG_4649.MOV,OVERWRITTEN (in version history?),1,2
2 20(金),20260221_0926-北-3.0.MOV,IMG_4656.MOV,SURVIVES (current content),2,2
2 20(金),20260221_0927-北-3.0.MOV,IMG_4646.MOV,SURVIVES (current content),1,1
2 20(金),20260221_0928-北-3.0.MOV,IMG_4637.MOV,OVERWRITTEN (in version history?),1,2
2 20(金),20260221_0928-北-3.0.MOV,IMG_4653.MOV,SURVIVES (current content),2,2
2 20(金),20260221_0929-北-3.0.MOV,IMG_4641.MOV,SURVIVES (current content),1,1
2 20(金),20260221_0930-北北東-3.1.MOV,IMG_4636.MOV,SURVIVES (current content),1,1
2 20(金),20260221_0931-北北東-3.1.MOV,IMG_4639.MOV,OVERWRITTEN (in version history?),1,2
2 20(金),20260221_0931-北北東-3.1.MOV,IMG_4655.MOV,SURVIVES (current content),2,2
2 20(金),20260221_0932-北北東-3.1.MOV,IMG_4651.MOV,SURVIVES (current content),1,1
2 20(金),20260221_0933-北北東-3.1.MOV,IMG_4652.MOV,SURVIVES (current content),1,1
2 20(金),20260221_0934-北北東-3.1.MOV,IMG_4647.MOV,SURVIVES (current content),1,1
2 20(金),20260221_0944-北北東-3.1.MOV,IMG_4643.MOV,SURVIVES (current content),1,1
2 20(金),20260221_0945-北北東-3.1.MOV,IMG_4640.MOV,SURVIVES (current content),1,1
2 20(金),20260221_0946-北北東-3.1.MOV,IMG_4650.MOV,SURVIVES (current content),1,1
2 20(金),20260221_0948-北北東-3.1.MOV,IMG_4638.MOV,SURVIVES (current content),1,1
2 20(金),20260221_0949-北北東-3.1.MOV,IMG_4654.MOV,SURVIVES (current content),1,1
2 21,20260221_0951-北北東-3.1.MOV,IMG_4661.MOV,OVERWRITTEN (in version history?),1,3
2 21,20260221_0951-北北東-3.1.MOV,IMG_4664.MOV,OVERWRITTEN (in version history?),2,3
2 21,20260221_0951-北北東-3.1.MOV,IMG_4688.MOV,SURVIVES (current content),3,3
2 21,20260221_0952-北北東-3.1.MOV,IMG_4663.MOV,OVERWRITTEN (in version history?),1,2
2 21,20260221_0952-北北東-3.1.MOV,IMG_4674.MOV,SURVIVES (current content),2,2
2 21,20260221_0954-北北東-3.1.MOV,IMG_4657.MOV,OVERWRITTEN (in version history?),1,2
2 21,20260221_0954-北北東-3.1.MOV,IMG_4662.MOV,SURVIVES (current content),2,2
2 21,20260221_0955-北北東-3.1.MOV,IMG_4667.MOV,OVERWRITTEN (in version history?),1,2
2 21,20260221_0955-北北東-3.1.MOV,IMG_4687.MOV,SURVIVES (current content),2,2
2 21,20260221_0956-北北東-3.1.MOV,IMG_4665.MOV,SURVIVES (current content),1,1
2 21,20260221_0957-北北東-3.1.MOV,IMG_4686.MOV,SURVIVES (current content),1,1
2 21,20260221_0958-北北東-3.1.MOV,IMG_4666.MOV,SURVIVES (current content),1,1
2 21,20260221_0959-北北東-3.1.MOV,IMG_4680.MOV,SURVIVES (current content),1,1
2 21,20260221_1018-北北東-3.1.MOV,IMG_4678.MOV,OVERWRITTEN (in version history?),1,2
2 21,20260221_1018-北北東-3.1.MOV,IMG_4691.MOV,SURVIVES (current content),2,2
2 21,20260221_1019-北北東-3.1.MOV,IMG_4669.MOV,SURVIVES (current content),1,1
2 21,20260221_1022-北北東-3.1.MOV,IMG_4668.MOV,SURVIVES (current content),1,1
2 21,20260221_1023-北北東-3.1.MOV,IMG_4673.MOV,OVERWRITTEN (in version history?),1,2
2 21,20260221_1023-北北東-3.1.MOV,IMG_4693.MOV,SURVIVES (current content),2,2
2 21,20260221_1025-北北東-3.1.MOV,IMG_4675.MOV,SURVIVES (current content),1,1
2 22日,20260222_0955-北北東-1.2.MOV,IMG_2505.MOV,OVERWRITTEN (in version history?),1,3
2 22日,20260222_0955-北北東-1.2.MOV,IMG_2514.MOV,OVERWRITTEN (in version history?),2,3
2 22日,20260222_0955-北北東-1.2.MOV,IMG_2516.MOV,SURVIVES (current content),3,3
2 22日,20260222_0956-北北東-1.2.MOV,IMG_2502.MOV,OVERWRITTEN (in version history?),1,2
2 22日,20260222_0956-北北東-1.2.MOV,IMG_2511.MOV,SURVIVES (current content),2,2
2 22日,20260222_0957-北北東-1.2.MOV,IMG_2501.MOV,SURVIVES (current content),1,1
2 22日,20260222_0958-北北東-1.2.MOV,IMG_2503.MOV,OVERWRITTEN (in version history?),1,2
2 22日,20260222_0958-北北東-1.2.MOV,IMG_2513.MOV,SURVIVES (current content),2,2
2 22日,20260222_0959-北北東-1.2.MOV,IMG_2500.MOV,OVERWRITTEN (in version history?),1,2
2 22日,20260222_0959-北北東-1.2.MOV,IMG_2507.MOV,SURVIVES (current content),2,2
2 22日,20260222_1000-北北東-1.2.MOV,IMG_2504.MOV,SURVIVES (current content),1,1
2 22日,20260222_1001-北北東-1.2.MOV,IMG_2517.MOV,SURVIVES (current content),1,1
2 22日,20260222_1002-北北東-1.2.MOV,IMG_2515.MOV,SURVIVES (current content),1,1
2 22日,20260222_1003-北北東-1.2.MOV,IMG_2508.MOV,SURVIVES (current content),1,1
2 22日,20260222_1004-北北東-1.2.MOV,IMG_2521.MOV,SURVIVES (current content),1,1
2 22日,20260222_1005-北北東-1.2.MOV,IMG_2520.MOV,SURVIVES (current content),1,1
2 27,20260227_0941-北北東-4.5.MOV,IMG_4741.MOV,OVERWRITTEN (in version history?),1,4
2 27,20260227_0941-北北東-4.5.MOV,IMG_4743.MOV,OVERWRITTEN (in version history?),2,4
2 27,20260227_0941-北北東-4.5.MOV,IMG_4750.MOV,OVERWRITTEN (in version history?),3,4
2 27,20260227_0941-北北東-4.5.MOV,IMG_4754.MOV,SURVIVES (current content),4,4
2 27,20260227_0942-北北東-4.5.MOV,IMG_4746.MOV,OVERWRITTEN (in version history?),1,4
2 27,20260227_0942-北北東-4.5.MOV,IMG_4748.MOV,OVERWRITTEN (in version history?),2,4
2 27,20260227_0942-北北東-4.5.MOV,IMG_4751.MOV,OVERWRITTEN (in version history?),3,4
2 27,20260227_0942-北北東-4.5.MOV,IMG_4753.MOV,SURVIVES (current content),4,4
2 27,20260227_0943-北北東-4.5.MOV,IMG_4740.MOV,OVERWRITTEN (in version history?),1,3
2 27,20260227_0943-北北東-4.5.MOV,IMG_4745.MOV,OVERWRITTEN (in version history?),2,3
2 27,20260227_0943-北北東-4.5.MOV,IMG_4752.MOV,SURVIVES (current content),3,3
2 27,20260227_0944-北北東-4.5.MOV,IMG_4744.MOV,OVERWRITTEN (in version history?),1,3
2 27,20260227_0944-北北東-4.5.MOV,IMG_4747.MOV,OVERWRITTEN (in version history?),2,3
2 27,20260227_0944-北北東-4.5.MOV,IMG_4749.MOV,SURVIVES (current content),3,3
2 27,20260227_0945-北北東-4.5.MOV,IMG_4739.MOV,OVERWRITTEN (in version history?),1,2
2 27,20260227_0945-北北東-4.5.MOV,IMG_4742.MOV,SURVIVES (current content),2,2
2 27,20260227_0948-北北東-4.5.MOV,IMG_4722.MOV,OVERWRITTEN (in version history?),1,3
2 27,20260227_0948-北北東-4.5.MOV,IMG_4734.MOV,OVERWRITTEN (in version history?),2,3
2 27,20260227_0948-北北東-4.5.MOV,IMG_4736.MOV,SURVIVES (current content),3,3
2 27,20260227_0949-北北東-4.5.MOV,IMG_4724.MOV,OVERWRITTEN (in version history?),1,4
2 27,20260227_0949-北北東-4.5.MOV,IMG_4731.MOV,OVERWRITTEN (in version history?),2,4
2 27,20260227_0949-北北東-4.5.MOV,IMG_4732.MOV,OVERWRITTEN (in version history?),3,4
2 27,20260227_0949-北北東-4.5.MOV,IMG_4733.MOV,SURVIVES (current content),4,4
2 27,20260227_0950-北北東-4.5.MOV,IMG_4727.MOV,OVERWRITTEN (in version history?),1,4
2 27,20260227_0950-北北東-4.5.MOV,IMG_4728.MOV,OVERWRITTEN (in version history?),2,4
2 27,20260227_0950-北北東-4.5.MOV,IMG_4735.MOV,OVERWRITTEN (in version history?),3,4
2 27,20260227_0950-北北東-4.5.MOV,IMG_4737.MOV,SURVIVES (current content),4,4
2 27,20260227_0951-北北東-4.5.MOV,IMG_4721.MOV,OVERWRITTEN (in version history?),1,3
2 27,20260227_0951-北北東-4.5.MOV,IMG_4726.MOV,OVERWRITTEN (in version history?),2,3
2 27,20260227_0951-北北東-4.5.MOV,IMG_4738.MOV,SURVIVES (current content),3,3
2 27,20260227_0952-北北東-4.5.MOV,IMG_4723.MOV,OVERWRITTEN (in version history?),1,2
2 27,20260227_0952-北北東-4.5.MOV,IMG_4725.MOV,SURVIVES (current content),2,2
2 27,20260227_0958-北北東-4.5.MOV,IMG_4637.MOV,OVERWRITTEN (in version history?),1,3
2 27,20260227_0958-北北東-4.5.MOV,IMG_4718.MOV,OVERWRITTEN (in version history?),2,3
2 27,20260227_0958-北北東-4.5.MOV,IMG_4719.MOV,SURVIVES (current content),3,3
2 27,20260227_0959-北北東-4.5.MOV,IMG_4636.MOV,OVERWRITTEN (in version history?),1,3
2 27,20260227_0959-北北東-4.5.MOV,IMG_4639.MOV,OVERWRITTEN (in version history?),2,3
2 27,20260227_0959-北北東-4.5.MOV,IMG_6901.MOV,SURVIVES (current content),3,3
2 27,20260227_1000-北北東-4.5.MOV,IMG_4638.MOV,OVERWRITTEN (in version history?),1,3
2 27,20260227_1000-北北東-4.5.MOV,IMG_4717.MOV,OVERWRITTEN (in version history?),2,3
2 27,20260227_1000-北北東-4.5.MOV,IMG_4720.MOV,SURVIVES (current content),3,3
2 27,20260227_1002-北北東-4.5.MOV,IMG_6903.MOV,SURVIVES (current content),1,1
2 7（土）,20260207_0831-北北東-3.9.MOV,IMG_6684.MOV,OVERWRITTEN (in version history?),1,4
2 7（土）,20260207_0831-北北東-3.9.MOV,IMG_6685.MOV,OVERWRITTEN (in version history?),2,4
2 7（土）,20260207_0831-北北東-3.9.MOV,IMG_6687.MOV,OVERWRITTEN (in version history?),3,4
2 7（土）,20260207_0831-北北東-3.9.MOV,IMG_6688.MOV,SURVIVES (current content),4,4
2 7（土）,20260207_0832-北北東-3.9.MOV,IMG_6686.MOV,OVERWRITTEN (in version history?),1,6
2 7（土）,20260207_0832-北北東-3.9.MOV,IMG_6689.MOV,OVERWRITTEN (in version history?),2,6
2 7（土）,20260207_0832-北北東-3.9.MOV,IMG_6691.MOV,OVERWRITTEN (in version history?),3,6
2 7（土）,20260207_0832-北北東-3.9.MOV,IMG_6692.MOV,OVERWRITTEN (in version history?),4,6
2 7（土）,20260207_0832-北北東-3.9.MOV,IMG_6694.MOV,OVERWRITTEN (in version history?),5,6
2 7（土）,20260207_0832-北北東-3.9.MOV,IMG_6695.MOV,SURVIVES (current content),6,6
2 7（土）,20260207_0832-北北東-3.9.mp4,ScreenRecording_02-04-2026 21-17-45_1.mp4,SURVIVES (current content),1,1
2 7（土）,20260207_0833-北北東-3.9.MOV,IMG_6682.MOV,OVERWRITTEN (in version history?),1,4
2 7（土）,20260207_0833-北北東-3.9.MOV,IMG_6683.MOV,OVERWRITTEN (in version history?),2,4
2 7（土）,20260207_0833-北北東-3.9.MOV,IMG_6690.MOV,OVERWRITTEN (in version history?),3,4
2 7（土）,20260207_0833-北北東-3.9.MOV,IMG_6693.MOV,SURVIVES (current content),4,4
2 9(月),20260212_1103-北-3.4.MOV,IMG_6732.MOV,SURVIVES (current content),1,1
2 9(月),20260212_1104-北-3.4.MOV,IMG_6711.MOV,SURVIVES (current content),1,1
2 9(月),20260212_1105-北-3.4.MOV,IMG_6720.MOV,OVERWRITTEN (in version history?),1,2
2 9(月),20260212_1105-北-3.4.MOV,IMG_6747.MOV,SURVIVES (current content),2,2
2 9(月),20260212_1106-北-3.4.MOV,IMG_6717.MOV,OVERWRITTEN (in version history?),1,3
2 9(月),20260212_1106-北-3.4.MOV,IMG_6733.MOV,OVERWRITTEN (in version history?),2,3
2 9(月),20260212_1106-北-3.4.MOV,IMG_6741.MOV,SURVIVES (current content),3,3
2 9(月),20260212_1107-北-3.4.MOV,IMG_6748.MOV,SURVIVES (current content),1,1
2 9(月),20260212_1108-北-3.4.MOV,IMG_6708.MOV,SURVIVES (current content),1,1
3 1(日),20260301_2048-南南東-0.5.MOV,IMG_2614.MOV,OVERWRITTEN (in version history?),1,2
3 1(日),20260301_2048-南南東-0.5.MOV,IMG_2617.MOV,SURVIVES (current content),2,2
3 1(日),20260301_2049-南南東-0.5.MOV,IMG_2613.MOV,OVERWRITTEN (in version history?),1,2
3 1(日),20260301_2049-南南東-0.5.MOV,IMG_2616.MOV,SURVIVES (current content),2,2
3 1(日),20260301_2054-南南東-0.5.MOV,IMG_2615.MOV,SURVIVES (current content),1,1
3 1(日),20260301_2058-南南東-0.5.MOV,IMG_2611.MOV,SURVIVES (current content),1,1
3 13(金),20260314_0828-北北東-5.0.MOV,IMG_7256.MOV,OVERWRITTEN (in version history?),1,2
3 13(金),20260314_0828-北北東-5.0.MOV,IMG_7257.MOV,SURVIVES (current content),2,2
3 13(金),20260314_0829-北北東-5.0.MOV,IMG_7241.MOV,OVERWRITTEN (in version history?),1,10
3 13(金),20260314_0829-北北東-5.0.MOV,IMG_7242.MOV,OVERWRITTEN (in version history?),2,10
3 13(金),20260314_0829-北北東-5.0.MOV,IMG_7243.MOV,OVERWRITTEN (in version history?),3,10
3 13(金),20260314_0829-北北東-5.0.MOV,IMG_7244.MOV,OVERWRITTEN (in version history?),4,10
3 13(金),20260314_0829-北北東-5.0.MOV,IMG_7245.MOV,OVERWRITTEN (in version history?),5,10
3 13(金),20260314_0829-北北東-5.0.MOV,IMG_7246.MOV,OVERWRITTEN (in version history?),6,10
3 13(金),20260314_0829-北北東-5.0.MOV,IMG_7249.MOV,OVERWRITTEN (in version history?),7,10
3 13(金),20260314_0829-北北東-5.0.MOV,IMG_7251.MOV,OVERWRITTEN (in version history?),8,10
3 13(金),20260314_0829-北北東-5.0.MOV,IMG_7252.MOV,OVERWRITTEN (in version history?),9,10
3 13(金),20260314_0829-北北東-5.0.MOV,IMG_7258.MOV,SURVIVES (current content),10,10
3 13(金),20260314_0830-北北東-5.8.MOV,IMG_7253.MOV,OVERWRITTEN (in version history?),1,2
3 13(金),20260314_0830-北北東-5.8.MOV,IMG_7255.MOV,SURVIVES (current content),2,2
3 13(金),20260314_0834-北北東-5.8.MOV,IMG_7248.MOV,SURVIVES (current content),1,1
3 13(金),20260314_0836-北北東-5.8.MOV,IMG_7247.MOV,SURVIVES (current content),1,1
3 13(金),20260314_0838-北北東-5.8.MOV,IMG_7250.MOV,SURVIVES (current content),1,1
3 13(金),20260314_0843-北北東-5.8.MOV,IMG_7254.MOV,SURVIVES (current content),1,1
3 14(土),20260314_0825-北北東-5.0.MOV,IMG_7271.MOV,SURVIVES (current content),1,1
3 14(土),20260314_0826-北北東-5.0.MOV,IMG_7266.MOV,OVERWRITTEN (in version history?),1,6
3 14(土),20260314_0826-北北東-5.0.MOV,IMG_7267.MOV,OVERWRITTEN (in version history?),2,6
3 14(土),20260314_0826-北北東-5.0.MOV,IMG_7268.MOV,OVERWRITTEN (in version history?),3,6
3 14(土),20260314_0826-北北東-5.0.MOV,IMG_7270.MOV,OVERWRITTEN (in version history?),4,6
3 14(土),20260314_0826-北北東-5.0.MOV,IMG_7272.MOV,OVERWRITTEN (in version history?),5,6
3 14(土),20260314_0826-北北東-5.0.MOV,IMG_7274.MOV,SURVIVES (current content),6,6
3 14(土),20260314_0827-北北東-5.0.MOV,IMG_7269.MOV,OVERWRITTEN (in version history?),1,2
3 14(土),20260314_0827-北北東-5.0.MOV,IMG_7273.MOV,SURVIVES (current content),2,2
3 14(土),20260314_1334-東-5.9.MOV,IMG_2969.MOV,OVERWRITTEN (in version history?),1,3
3 14(土),20260314_1334-東-5.9.MOV,IMG_2972.MOV,OVERWRITTEN (in version history?),2,3
3 14(土),20260314_1334-東-5.9.MOV,IMG_2973.MOV,SURVIVES (current content),3,3
3 14(土),20260314_1335-東-5.9.MOV,IMG_2970.MOV,SURVIVES (current content),1,1
3 14(土),20260314_1336-東-5.9.MOV,IMG_2971.MOV,SURVIVES (current content),1,1
3 14(土),20260314_1337-東-5.9.MOV,IMG_2974.MOV,SURVIVES (current content),1,1
3 15(日),20260315_1042-北-1.6.MOV,IMG_5750.MOV,OVERWRITTEN (in version history?),1,2
3 15(日),20260315_1042-北-1.6.MOV,IMG_5751.MOV,SURVIVES (current content),2,2
3 15(日),20260315_1043-北-1.6.MOV,IMG_5747.MOV,OVERWRITTEN (in version history?),1,2
3 15(日),20260315_1043-北-1.6.MOV,IMG_5749.MOV,SURVIVES (current content),2,2
3 15(日),20260315_1044-北-1.6.MOV,IMG_5739.MOV,OVERWRITTEN (in version history?),1,2
3 15(日),20260315_1044-北-1.6.MOV,IMG_5748.MOV,SURVIVES (current content),2,2
3 15(日),20260315_1045-北-1.6.MOV,IMG_5752.MOV,SURVIVES (current content),1,1
3 15(日),20260315_1046-北-1.6.MOV,IMG_5745.MOV,SURVIVES (current content),1,1
3 15(日),20260315_1047-北-1.6.MOV,IMG_5744.MOV,SURVIVES (current content),1,1
3 15(日),20260315_1048-北-1.6.MOV,IMG_5743.MOV,SURVIVES (current content),1,1
3 15(日),20260315_1050-北-1.6.MOV,IMG_5741.MOV,SURVIVES (current content),1,1
3 15(日),20260315_1052-北-1.6.MOV,IMG_5742.MOV,SURVIVES (current content),1,1
3 15(日),20260315_1054-北-1.6.MOV,IMG_5740.MOV,SURVIVES (current content),1,1
3 15(日),20260315_1056-北-1.6.MOV,IMG_5746.MOV,SURVIVES (current content),1,1
3 16(月),20260319_1043-北東-2.0.MOV,IMG_4811.MOV,OVERWRITTEN (in version history?),1,5
3 16(月),20260319_1043-北東-2.0.MOV,IMG_4812.MOV,OVERWRITTEN (in version history?),2,5
3 16(月),20260319_1043-北東-2.0.MOV,IMG_4813.MOV,OVERWRITTEN (in version history?),3,5
3 16(月),20260319_1043-北東-2.0.MOV,IMG_4816.MOV,OVERWRITTEN (in version history?),4,5
3 16(月),20260319_1043-北東-2.0.MOV,IMG_4817.MOV,SURVIVES (current content),5,5
3 16(月),20260319_1044-北東-2.0.MOV,IMG_4814.MOV,OVERWRITTEN (in version history?),1,2
3 16(月),20260319_1044-北東-2.0.MOV,IMG_4815.MOV,SURVIVES (current content),2,2
3 19(木),20260319_1044-北東-2.0.MOV,IMG_4831.MOV,OVERWRITTEN (in version history?),1,4
3 19(木),20260319_1044-北東-2.0.MOV,IMG_4832.MOV,OVERWRITTEN (in version history?),2,4
3 19(木),20260319_1044-北東-2.0.MOV,IMG_4837.MOV,OVERWRITTEN (in version history?),3,4
3 19(木),20260319_1044-北東-2.0.MOV,IMG_4838.MOV,SURVIVES (current content),4,4
3 19(木),20260319_1045-北東-2.0.MOV,IMG_4829.MOV,OVERWRITTEN (in version history?),1,4
3 19(木),20260319_1045-北東-2.0.MOV,IMG_4830.MOV,OVERWRITTEN (in version history?),2,4
3 19(木),20260319_1045-北東-2.0.MOV,IMG_4833.MOV,OVERWRITTEN (in version history?),3,4
3 19(木),20260319_1045-北東-2.0.MOV,IMG_4835.MOV,SURVIVES (current content),4,4
3 19(木),20260319_1046-北東-2.0.MOV,IMG_4834.MOV,OVERWRITTEN (in version history?),1,2
3 19(木),20260319_1046-北東-2.0.MOV,IMG_4836.MOV,SURVIVES (current content),2,2
3 19(木),20260320_0230-北-2.5.MOV,IMG_3010.MOV,SURVIVES (current content),1,1
3 19(木),20260320_0231-北-2.5.MOV,IMG_3013.MOV,SURVIVES (current content),1,1
3 19(木),20260320_0234-北-2.5.MOV,IMG_3011.MOV,SURVIVES (current content),1,1
3 19(木),20260320_0239-北-2.5.MOV,IMG_3014.MOV,SURVIVES (current content),1,1
3 19(木),20260320_0244-北-2.5.MOV,IMG_3012.MOV,SURVIVES (current content),1,1
3 19(木),20260320_0248-北-2.5.MOV,IMG_3008.MOV,SURVIVES (current content),1,1
3 19(木),20260320_0252-北-2.5.MOV,IMG_3007.MOV,SURVIVES (current content),1,1
3 19(木),20260320_0258-北-2.5.MOV,IMG_3006.MOV,SURVIVES (current content),1,1
3 20(金),20260323_1250-北北東-1.5.MOV,IMG_4847.MOV,OVERWRITTEN (in version history?),1,10
3 20(金),20260323_1250-北北東-1.5.MOV,IMG_4849.MOV,OVERWRITTEN (in version history?),2,10
3 20(金),20260323_1250-北北東-1.5.MOV,IMG_4853.MOV,OVERWRITTEN (in version history?),3,10
3 20(金),20260323_1250-北北東-1.5.MOV,IMG_4854.MOV,OVERWRITTEN (in version history?),4,10
3 20(金),20260323_1250-北北東-1.5.MOV,IMG_4855.MOV,OVERWRITTEN (in version history?),5,10
3 20(金),20260323_1250-北北東-1.5.MOV,IMG_4856.MOV,OVERWRITTEN (in version history?),6,10
3 20(金),20260323_1250-北北東-1.5.MOV,IMG_4857.MOV,OVERWRITTEN (in version history?),7,10
3 20(金),20260323_1250-北北東-1.5.MOV,IMG_4858.MOV,OVERWRITTEN (in version history?),8,10
3 20(金),20260323_1250-北北東-1.5.MOV,IMG_4861.MOV,OVERWRITTEN (in version history?),9,10
3 20(金),20260323_1250-北北東-1.5.MOV,IMG_4863.MOV,SURVIVES (current content),10,10
3 20(金),20260323_1251-北北東-1.5.MOV,IMG_4845.MOV,OVERWRITTEN (in version history?),1,5
3 20(金),20260323_1251-北北東-1.5.MOV,IMG_4846.MOV,OVERWRITTEN (in version history?),2,5
3 20(金),20260323_1251-北北東-1.5.MOV,IMG_4848.MOV,OVERWRITTEN (in version history?),3,5
3 20(金),20260323_1251-北北東-1.5.MOV,IMG_4851.MOV,OVERWRITTEN (in version history?),4,5
3 20(金),20260323_1251-北北東-1.5.MOV,IMG_4862.MOV,SURVIVES (current content),5,5
3 20(金),20260323_1252-北北東-1.5.MOV,IMG_4864.MOV,SURVIVES (current content),1,1
3 22(日),20260322_2127-南西-1.9.MOV,IMG_3081.MOV,OVERWRITTEN (in version history?),1,3
3 22(日),20260322_2127-南西-1.9.MOV,IMG_3085.MOV,OVERWRITTEN (in version history?),2,3
3 22(日),20260322_2127-南西-1.9.MOV,IMG_3092.MOV,SURVIVES (current content),3,3
3 22(日),20260322_2128-南西-1.9.MOV,IMG_3084.MOV,OVERWRITTEN (in version history?),1,3
3 22(日),20260322_2128-南西-1.9.MOV,IMG_3091.MOV,OVERWRITTEN (in version history?),2,3
3 22(日),20260322_2128-南西-1.9.MOV,IMG_3094.MOV,SURVIVES (current content),3,3
3 22(日),20260322_2129-南西-1.9.MOV,IMG_3097.MOV,SURVIVES (current content),1,1
3 22(日),20260322_2130-南西-3.9.MOV,IMG_3098.MOV,OVERWRITTEN (in version history?),1,2
3 22(日),20260322_2130-南西-3.9.MOV,IMG_3101.MOV,SURVIVES (current content),2,2
3 22(日),20260322_2131-南西-3.9.MOV,IMG_3079.MOV,OVERWRITTEN (in version history?),1,2
3 22(日),20260322_2131-南西-3.9.MOV,IMG_3100.MOV,SURVIVES (current content),2,2
3 22(日),20260322_2132-南西-3.9.MOV,IMG_3095.MOV,SURVIVES (current content),1,1
3 22(日),20260322_2133-南西-3.9.MOV,IMG_3089.MOV,SURVIVES (current content),1,1
3 22(日),20260322_2134-南西-3.9.MOV,IMG_3086.MOV,OVERWRITTEN (in version history?),1,2
3 22(日),20260322_2134-南西-3.9.MOV,IMG_3087.MOV,SURVIVES (current content),2,2
3 22(日),20260322_2135-南西-3.9.MOV,IMG_3082.MOV,SURVIVES (current content),1,1
3 22(日),20260322_2136-南西-3.9.MOV,IMG_3102.MOV,SURVIVES (current content),1,1
3 22(日),20260322_2137-南西-3.9.MOV,IMG_3104.MOV,SURVIVES (current content),1,1
3 22(日),20260322_2138-南西-3.9.MOV,IMG_3083.MOV,SURVIVES (current content),1,1
3 22(日),20260322_2139-南西-3.9.MOV,IMG_3090.MOV,SURVIVES (current content),1,1
3 22(日),20260322_2140-南西-3.9.MOV,IMG_3103.MOV,SURVIVES (current content),1,1
3 22(日),20260322_2141-南西-3.9.MOV,IMG_3093.MOV,SURVIVES (current content),1,1
3 22(日),20260322_2142-南西-3.9.MOV,IMG_3099.MOV,SURVIVES (current content),1,1
3 22(日),20260322_2144-南西-3.9.MOV,IMG_3080.MOV,SURVIVES (current content),1,1
3 22(日),20260322_2145-南西-3.9.MOV,IMG_3096.MOV,SURVIVES (current content),1,1
3 27(金),20260327_0856-北東-3.9.MOV,IMG_5860.MOV,SURVIVES (current content),1,1
3 27(金),20260327_0857-北東-3.9.MOV,IMG_5859.MOV,SURVIVES (current content),1,1
3 27(金),20260327_0858-北東-3.9.MOV,IMG_5858.MOV,SURVIVES (current content),1,1
3 27(金),20260327_0859-北東-3.9.MOV,IMG_5857.MOV,SURVIVES (current content),1,1
3 27(金),20260327_0901-北東-3.9.MOV,IMG_5854.MOV,SURVIVES (current content),1,1
3 27(金),20260327_0914-北東-3.9.MOV,IMG_5847.MOV,SURVIVES (current content),1,1
3 27(金),20260327_0933-北東-3.1.MOV,IMG_5845.MOV,SURVIVES (current content),1,1
3 27(金),20260327_0935-北東-3.1.MOV,IMG_5846.MOV,SURVIVES (current content),1,1
3 27(金),20260327_0939-北東-3.1.MOV,IMG_5853.MOV,SURVIVES (current content),1,1
3 27(金),20260327_0940-北東-3.1.MOV,IMG_5844.MOV,SURVIVES (current content),1,1
3 27(金),20260327_1005-北東-3.1.MOV,IMG_5839.MOV,OVERWRITTEN (in version history?),1,2
3 27(金),20260327_1005-北東-3.1.MOV,IMG_5843.MOV,SURVIVES (current content),2,2
3 27(金),20260327_1006-北東-3.1.MOV,IMG_5831.MOV,OVERWRITTEN (in version history?),1,2
3 27(金),20260327_1006-北東-3.1.MOV,IMG_5834.MOV,SURVIVES (current content),2,2
3 27(金),20260327_1007-北東-3.1.MOV,IMG_5833.MOV,OVERWRITTEN (in version history?),1,2
3 27(金),20260327_1007-北東-3.1.MOV,IMG_5837.MOV,SURVIVES (current content),2,2
3 27(金),20260327_1008-北東-3.1.MOV,IMG_5840.MOV,SURVIVES (current content),1,1
3 27(金),20260327_1009-北東-3.1.MOV,IMG_5836.MOV,SURVIVES (current content),1,1
3 27(金),20260327_1010-北東-3.1.MOV,IMG_5828.MOV,OVERWRITTEN (in version history?),1,2
3 27(金),20260327_1010-北東-3.1.MOV,IMG_5830.MOV,SURVIVES (current content),2,2
3 27(金),20260327_1011-北東-3.1.MOV,IMG_5841.MOV,SURVIVES (current content),1,1
3 28（土）,20260328_0903-北東-1.8.MOV,IMG_7340.MOV,OVERWRITTEN (in version history?),1,4
3 28（土）,20260328_0903-北東-1.8.MOV,IMG_7344.MOV,OVERWRITTEN (in version history?),2,4
3 28（土）,20260328_0903-北東-1.8.MOV,IMG_7347.MOV,OVERWRITTEN (in version history?),3,4
3 28（土）,20260328_0903-北東-1.8.MOV,IMG_7348.MOV,SURVIVES (current content),4,4
3 28（土）,20260328_0904-北東-1.8.MOV,IMG_7339.MOV,OVERWRITTEN (in version history?),1,3
3 28（土）,20260328_0904-北東-1.8.MOV,IMG_7341.MOV,OVERWRITTEN (in version history?),2,3
3 28（土）,20260328_0904-北東-1.8.MOV,IMG_7345.MOV,SURVIVES (current content),3,3
3 28（土）,20260328_0905-北東-1.8.MOV,IMG_7342.MOV,OVERWRITTEN (in version history?),1,3
3 28（土）,20260328_0905-北東-1.8.MOV,IMG_7346.MOV,OVERWRITTEN (in version history?),2,3
3 28（土）,20260328_0905-北東-1.8.MOV,IMG_7349.MOV,SURVIVES (current content),3,3
3 29(日),20260330_0229-北-3.2.MOV,IMG_4150.MOV,SURVIVES (current content),1,1
3 29(日),20260330_0230-北-3.8.MOV,IMG_4112.MOV,OVERWRITTEN (in version history?),1,16
3 29(日),20260330_0230-北-3.8.MOV,IMG_4115.MOV,OVERWRITTEN (in version history?),2,16
3 29(日),20260330_0230-北-3.8.MOV,IMG_4116.MOV,OVERWRITTEN (in version history?),3,16
3 29(日),20260330_0230-北-3.8.MOV,IMG_4119.MOV,OVERWRITTEN (in version history?),4,16
3 29(日),20260330_0230-北-3.8.MOV,IMG_4124.MOV,OVERWRITTEN (in version history?),5,16
3 29(日),20260330_0230-北-3.8.MOV,IMG_4125.MOV,OVERWRITTEN (in version history?),6,16
3 29(日),20260330_0230-北-3.8.MOV,IMG_4126.MOV,OVERWRITTEN (in version history?),7,16
3 29(日),20260330_0230-北-3.8.MOV,IMG_4138.MOV,OVERWRITTEN (in version history?),8,16
3 29(日),20260330_0230-北-3.8.MOV,IMG_4139.MOV,OVERWRITTEN (in version history?),9,16
3 29(日),20260330_0230-北-3.8.MOV,IMG_4142.MOV,OVERWRITTEN (in version history?),10,16
3 29(日),20260330_0230-北-3.8.MOV,IMG_4147.MOV,OVERWRITTEN (in version history?),11,16
3 29(日),20260330_0230-北-3.8.MOV,IMG_4151.MOV,OVERWRITTEN (in version history?),12,16
3 29(日),20260330_0230-北-3.8.MOV,IMG_4154.MOV,OVERWRITTEN (in version history?),13,16
3 29(日),20260330_0230-北-3.8.MOV,IMG_4159.MOV,OVERWRITTEN (in version history?),14,16
3 29(日),20260330_0230-北-3.8.MOV,IMG_4165.MOV,OVERWRITTEN (in version history?),15,16
3 29(日),20260330_0230-北-3.8.MOV,IMG_4171.MOV,SURVIVES (current content),16,16
3 29(日),20260330_0231-北-3.8.MOV,IMG_4113.MOV,OVERWRITTEN (in version history?),1,17
3 29(日),20260330_0231-北-3.8.MOV,IMG_4114.MOV,OVERWRITTEN (in version history?),2,17
3 29(日),20260330_0231-北-3.8.MOV,IMG_4117.MOV,OVERWRITTEN (in version history?),3,17
3 29(日),20260330_0231-北-3.8.MOV,IMG_4118.MOV,OVERWRITTEN (in version history?),4,17
3 29(日),20260330_0231-北-3.8.MOV,IMG_4127.MOV,OVERWRITTEN (in version history?),5,17
3 29(日),20260330_0231-北-3.8.MOV,IMG_4133.MOV,OVERWRITTEN (in version history?),6,17
3 29(日),20260330_0231-北-3.8.MOV,IMG_4134.MOV,OVERWRITTEN (in version history?),7,17
3 29(日),20260330_0231-北-3.8.MOV,IMG_4144.MOV,OVERWRITTEN (in version history?),8,17
3 29(日),20260330_0231-北-3.8.MOV,IMG_4146.MOV,OVERWRITTEN (in version history?),9,17
3 29(日),20260330_0231-北-3.8.MOV,IMG_4155.MOV,OVERWRITTEN (in version history?),10,17
3 29(日),20260330_0231-北-3.8.MOV,IMG_4156.MOV,OVERWRITTEN (in version history?),11,17
3 29(日),20260330_0231-北-3.8.MOV,IMG_4160.MOV,OVERWRITTEN (in version history?),12,17
3 29(日),20260330_0231-北-3.8.MOV,IMG_4162.MOV,OVERWRITTEN (in version history?),13,17
3 29(日),20260330_0231-北-3.8.MOV,IMG_4163.MOV,OVERWRITTEN (in version history?),14,17
3 29(日),20260330_0231-北-3.8.MOV,IMG_4164.MOV,OVERWRITTEN (in version history?),15,17
3 29(日),20260330_0231-北-3.8.MOV,IMG_4166.MOV,OVERWRITTEN (in version history?),16,17
3 29(日),20260330_0231-北-3.8.MOV,IMG_4169.MOV,SURVIVES (current content),17,17
3 29(日),20260330_0232-北-3.8.MOV,IMG_4122.MOV,OVERWRITTEN (in version history?),1,4
3 29(日),20260330_0232-北-3.8.MOV,IMG_4140.MOV,OVERWRITTEN (in version history?),2,4
3 29(日),20260330_0232-北-3.8.MOV,IMG_4149.MOV,OVERWRITTEN (in version history?),3,4
3 29(日),20260330_0232-北-3.8.MOV,IMG_4158.MOV,SURVIVES (current content),4,4
3 29(日),20260330_0308-北-3.8.MOV,IMG_4121.MOV,OVERWRITTEN (in version history?),1,11
3 29(日),20260330_0308-北-3.8.MOV,IMG_4123.MOV,OVERWRITTEN (in version history?),2,11
3 29(日),20260330_0308-北-3.8.MOV,IMG_4128.MOV,OVERWRITTEN (in version history?),3,11
3 29(日),20260330_0308-北-3.8.MOV,IMG_4129.MOV,OVERWRITTEN (in version history?),4,11
3 29(日),20260330_0308-北-3.8.MOV,IMG_4130.MOV,OVERWRITTEN (in version history?),5,11
3 29(日),20260330_0308-北-3.8.MOV,IMG_4132.MOV,OVERWRITTEN (in version history?),6,11
3 29(日),20260330_0308-北-3.8.MOV,IMG_4135.MOV,OVERWRITTEN (in version history?),7,11
3 29(日),20260330_0308-北-3.8.MOV,IMG_4136.MOV,OVERWRITTEN (in version history?),8,11
3 29(日),20260330_0308-北-3.8.MOV,IMG_4152.MOV,OVERWRITTEN (in version history?),9,11
3 29(日),20260330_0308-北-3.8.MOV,IMG_4161.MOV,OVERWRITTEN (in version history?),10,11
3 29(日),20260330_0308-北-3.8.MOV,IMG_4167.MOV,SURVIVES (current content),11,11
3 29(日),20260330_0309-北-3.8.MOV,IMG_4111.MOV,OVERWRITTEN (in version history?),1,8
3 29(日),20260330_0309-北-3.8.MOV,IMG_4131.MOV,OVERWRITTEN (in version history?),2,8
3 29(日),20260330_0309-北-3.8.MOV,IMG_4143.MOV,OVERWRITTEN (in version history?),3,8
3 29(日),20260330_0309-北-3.8.MOV,IMG_4145.MOV,OVERWRITTEN (in version history?),4,8
3 29(日),20260330_0309-北-3.8.MOV,IMG_4148.MOV,OVERWRITTEN (in version history?),5,8
3 29(日),20260330_0309-北-3.8.MOV,IMG_4153.MOV,OVERWRITTEN (in version history?),6,8
3 29(日),20260330_0309-北-3.8.MOV,IMG_4168.MOV,OVERWRITTEN (in version history?),7,8
3 29(日),20260330_0309-北-3.8.MOV,IMG_4170.MOV,SURVIVES (current content),8,8
3 5(木),20260306_1539-南南東-0.9.MOV,IMG_6599.MOV,OVERWRITTEN (in version history?),1,2
3 5(木),20260306_1539-南南東-0.9.MOV,IMG_6607.MOV,SURVIVES (current content),2,2
3 5(木),20260306_1540-南南東-0.9.MOV,IMG_6600.MOV,OVERWRITTEN (in version history?),1,4
3 5(木),20260306_1540-南南東-0.9.MOV,IMG_6601.MOV,OVERWRITTEN (in version history?),2,4
3 5(木),20260306_1540-南南東-0.9.MOV,IMG_6602.MOV,OVERWRITTEN (in version history?),3,4
3 5(木),20260306_1540-南南東-0.9.MOV,IMG_6605.MOV,SURVIVES (current content),4,4
3 5(木),20260306_1541-南南東-0.9.MOV,IMG_6603.MOV,OVERWRITTEN (in version history?),1,2
3 5(木),20260306_1541-南南東-0.9.MOV,IMG_6606.MOV,SURVIVES (current content),2,2
3 7（土）,20260307_0852-北北東-3.9.MOV,IMG_7124.MOV,OVERWRITTEN (in version history?),1,9
3 7（土）,20260307_0852-北北東-3.9.MOV,IMG_7171.MOV,OVERWRITTEN (in version history?),2,9
3 7（土）,20260307_0852-北北東-3.9.MOV,IMG_7175.MOV,OVERWRITTEN (in version history?),3,9
3 7（土）,20260307_0852-北北東-3.9.MOV,IMG_7176.MOV,OVERWRITTEN (in version history?),4,9
3 7（土）,20260307_0852-北北東-3.9.MOV,IMG_7179.MOV,OVERWRITTEN (in version history?),5,9
3 7（土）,20260307_0852-北北東-3.9.MOV,IMG_7181.MOV,OVERWRITTEN (in version history?),6,9
3 7（土）,20260307_0852-北北東-3.9.MOV,IMG_7182.MOV,OVERWRITTEN (in version history?),7,9
3 7（土）,20260307_0852-北北東-3.9.MOV,IMG_7183.MOV,OVERWRITTEN (in version history?),8,9
3 7（土）,20260307_0852-北北東-3.9.MOV,IMG_7184.MOV,SURVIVES (current content),9,9
3 7（土）,20260307_0853-北北東-3.9.MOV,IMG_7226.MOV,SURVIVES (current content),1,1
3 7（土）,20260307_0854-北北東-3.9.MOV,IMG_7189.MOV,OVERWRITTEN (in version history?),1,2
3 7（土）,20260307_0854-北北東-3.9.MOV,IMG_7206.MOV,SURVIVES (current content),2,2
3 7（土）,20260307_0855-北北東-3.9.MOV,IMG_7187.MOV,OVERWRITTEN (in version history?),1,2
3 7（土）,20260307_0855-北北東-3.9.MOV,IMG_7188.MOV,SURVIVES (current content),2,2
3 7（土）,20260307_0856-北北東-3.9.MOV,IMG_7190 (1).MOV,OVERWRITTEN (in version history?),1,3
3 7（土）,20260307_0856-北北東-3.9.MOV,IMG_7190.MOV,OVERWRITTEN (in version history?),2,3
3 7（土）,20260307_0856-北北東-3.9.MOV,IMG_7192.MOV,SURVIVES (current content),3,3
3 7（土）,20260307_0857-北北東-3.9.MOV,IMG_7180.MOV,OVERWRITTEN (in version history?),1,3
3 7（土）,20260307_0857-北北東-3.9.MOV,IMG_7185.MOV,OVERWRITTEN (in version history?),2,3
3 7（土）,20260307_0857-北北東-3.9.MOV,IMG_7191.MOV,SURVIVES (current content),3,3
3 7（土）,20260307_1111-北東-2.2.MOV,IMG_7227.MOV,SURVIVES (current content),1,1
3 7（土）,20260307_1113-北東-2.2.MOV,IMG_7148.MOV,OVERWRITTEN (in version history?),1,2
3 7（土）,20260307_1113-北東-2.2.MOV,IMG_7224.MOV,SURVIVES (current content),2,2
3 7（土）,20260307_1114-北東-2.2.MOV,IMG_7169.MOV,SURVIVES (current content),1,1
3 7（土）,20260307_1115-北東-2.2.MOV,IMG_7097.MOV,SURVIVES (current content),1,1
3 8(日),20260308_1125-北東-2.8.MOV,IMG_5507.MOV,SURVIVES (current content),1,1
3 8(日),20260308_1127-北東-2.8.MOV,IMG_5503.MOV,SURVIVES (current content),1,1
3 8(日),20260308_1129-北東-2.8.MOV,IMG_5506.MOV,SURVIVES (current content),1,1
3 8(日),20260308_1132-東北東-3.6.MOV,IMG_5504.MOV,SURVIVES (current content),1,1
3 8(日),20260308_1134-東北東-3.6.MOV,IMG_5505.MOV,SURVIVES (current content),1,1
4 12(日),20260525_1420-南西-2.1.MOV,IMG_3192.MOV,OVERWRITTEN (in version history?),1,3
4 12(日),20260525_1420-南西-2.1.MOV,IMG_3201.MOV,OVERWRITTEN (in version history?),2,3
4 12(日),20260525_1420-南西-2.1.MOV,IMG_3205.MOV,SURVIVES (current content),3,3
4 12(日),20260525_1421-南西-2.1.MOV,IMG_3194.MOV,OVERWRITTEN (in version history?),1,3
4 12(日),20260525_1421-南西-2.1.MOV,IMG_3196.MOV,OVERWRITTEN (in version history?),2,3
4 12(日),20260525_1421-南西-2.1.MOV,IMG_3199.MOV,SURVIVES (current content),3,3
4 12(日),20260525_1422-南西-2.1.MOV,IMG_3202.MOV,OVERWRITTEN (in version history?),1,2
4 12(日),20260525_1422-南西-2.1.MOV,IMG_3203.MOV,SURVIVES (current content),2,2
4 12(日),20260525_1423-南西-2.1.MOV,IMG_3198.MOV,SURVIVES (current content),1,1
4 12(日),20260525_1424-南西-2.1.MOV,IMG_3195.MOV,SURVIVES (current content),1,1
4 12(日),20260525_1425-南西-2.1.MOV,IMG_3193.MOV,SURVIVES (current content),1,1
4 12(日),20260525_1426-南西-2.1.MOV,IMG_3197.MOV,SURVIVES (current content),1,1
4 12(日),20260525_1427-南西-2.1.MOV,IMG_3200.MOV,SURVIVES (current content),1,1
4 12(日),20260525_1428-南西-2.1.MOV,IMG_3191.MOV,SURVIVES (current content),1,1
4 12(日),20260525_1429-南西-2.1.MOV,IMG_3204.MOV,SURVIVES (current content),1,1
4 26(日),20260426_0910-北北東-1.8.MOV,IMG_6304.MOV,SURVIVES (current content),1,1
4 26(日),20260426_0914-北北東-1.8.MOV,IMG_6289.MOV,SURVIVES (current content),1,1
4 26(日),20260426_0915-北北東-1.8.MOV,IMG_6296.MOV,OVERWRITTEN (in version history?),1,3
4 26(日),20260426_0915-北北東-1.8.MOV,IMG_6301.MOV,OVERWRITTEN (in version history?),2,3
4 26(日),20260426_0915-北北東-1.8.MOV,IMG_6303.MOV,SURVIVES (current content),3,3
4 26(日),20260426_0916-北北東-1.8.MOV,IMG_6295.MOV,SURVIVES (current content),1,1
4 26(日),20260426_0934-南-2.6.MOV,IMG_6286.MOV,SURVIVES (current content),1,1
4 26(日),20260426_0935-南-2.6.MOV,IMG_6294.MOV,SURVIVES (current content),1,1
4 26(日),20260426_1119-南南西-2.7.MOV,IMG_6283.MOV,SURVIVES (current content),1,1
4 26(日),20260426_1120-南南西-2.7.MOV,IMG_6284.MOV,SURVIVES (current content),1,1
4 26(日),20260427_0531-北北西-5.9.MOV,IMG_6287.MOV,OVERWRITTEN (in version history?),1,3
4 26(日),20260427_0531-北北西-5.9.MOV,IMG_6298.MOV,OVERWRITTEN (in version history?),2,3
4 26(日),20260427_0531-北北西-5.9.MOV,IMG_6299.MOV,SURVIVES (current content),3,3
4 26(日),20260427_0532-北北西-5.9.MOV,IMG_6288.MOV,OVERWRITTEN (in version history?),1,4
4 26(日),20260427_0532-北北西-5.9.MOV,IMG_6292.MOV,OVERWRITTEN (in version history?),2,4
4 26(日),20260427_0532-北北西-5.9.MOV,IMG_6293.MOV,OVERWRITTEN (in version history?),3,4
4 26(日),20260427_0532-北北西-5.9.MOV,IMG_6297.MOV,SURVIVES (current content),4,4
5 16(土),20260516_0939-南-3.0.mp4,PXL_20260516_003951555.mp4,SURVIVES (current content),1,1
5 16(土),20260516_0942-南-3.0.mp4,PXL_20260516_004215088.mp4,SURVIVES (current content),1,1
5 16(土),20260516_0944-南-3.0.mp4,PXL_20260516_004405237.mp4,SURVIVES (current content),1,1
5 16(土),20260516_0946-南-3.0.mp4,PXL_20260516_004629534.mp4,SURVIVES (current content),1,1
5 16(土),20260516_0947-南-3.0.mp4,PXL_20260516_004709301.mp4,SURVIVES (current content),1,1
5 16(土),20260516_0948-南-3.0.mp4,PXL_20260516_004853078.mp4,SURVIVES (current content),1,1
5 16(土),20260516_1409-南南西-4.1.mp4,PXL_20260516_050927295.mp4,SURVIVES (current content),1,1
5 16(土),20260516_1410-南南西-4.1.mp4,PXL_20260516_051049852.mp4,SURVIVES (current content),1,1
5 16(土),20260516_1412-南南西-4.1.mp4,PXL_20260516_051207986.mp4,SURVIVES (current content),1,1
5 16(土),20260516_1414-南南西-4.1.mp4,PXL_20260516_051413800.mp4,SURVIVES (current content),1,1
5 16(土),20260516_1430-南南西-4.5.mp4,PXL_20260516_053040676.mp4,SURVIVES (current content),1,1
5 16(土),20260516_1441-南南西-4.5.mp4,PXL_20260516_054107144.mp4,SURVIVES (current content),1,1
5 23(土),20260523_1533-北東-3.5.MOV,IMG_3410.MOV,OVERWRITTEN (in version history?),1,2
5 23(土),20260523_1533-北東-3.5.MOV,IMG_3419.MOV,SURVIVES (current content),2,2
5 23(土),20260523_1535-北東-3.5.MOV,IMG_3417.MOV,SURVIVES (current content),1,1
5 23(土),20260523_1540-北東-3.5.MOV,IMG_3413.MOV,SURVIVES (current content),1,1
5 23(土),20260523_2130-北-3.2.MOV,IMG_3422.MOV,SURVIVES (current content),1,1
5 23(土),20260525_0451-北北東-1.2.MOV,IMG_3414.MOV,OVERWRITTEN (in version history?),1,2
5 23(土),20260525_0451-北北東-1.2.MOV,IMG_3420.MOV,SURVIVES (current content),2,2
5 23(土),20260525_0538-北北東-2.2.MOV,IMG_3411.MOV,OVERWRITTEN (in version history?),1,2
5 23(土),20260525_0538-北北東-2.2.MOV,IMG_3424.MOV,SURVIVES (current content),2,2
5 23(土),20260525_0539-北北東-2.2.MOV,IMG_3408.MOV,OVERWRITTEN (in version history?),1,3
5 23(土),20260525_0539-北北東-2.2.MOV,IMG_3409.MOV,OVERWRITTEN (in version history?),2,3
5 23(土),20260525_0539-北北東-2.2.MOV,IMG_3415.MOV,SURVIVES (current content),3,3
5 23(土),20260525_0540-北北東-2.2.MOV,IMG_3416.MOV,SURVIVES (current content),1,1
5 23(土),20260525_0541-北北東-2.2.MOV,IMG_3418.MOV,SURVIVES (current content),1,1
5 23(土),20260525_0542-北北東-2.2.MOV,IMG_5288.MOV,SURVIVES (current content),1,1
5 23(土),20260525_0543-北北東-2.2.MOV,IMG_5280.MOV,OVERWRITTEN (in version history?),1,5
5 23(土),20260525_0543-北北東-2.2.MOV,IMG_5281.MOV,OVERWRITTEN (in version history?),2,5
5 23(土),20260525_0543-北北東-2.2.MOV,IMG_5282.MOV,OVERWRITTEN (in version history?),3,5
5 23(土),20260525_0543-北北東-2.2.MOV,IMG_5284.MOV,OVERWRITTEN (in version history?),4,5
5 23(土),20260525_0543-北北東-2.2.MOV,IMG_5285.MOV,SURVIVES (current content),5,5
5 23(土),20260525_0545-北北東-2.2.MOV,IMG_5294.MOV,SURVIVES (current content),1,1
5 24(日),20260524_1026-北北東-2.7.mp4,PXL_20260524_012658042.mp4,SURVIVES (current content),1,1
5 24(日),20260524_1515-南南西-1.5.MOV,IMG_3416.MOV,OVERWRITTEN (in version history?),1,2
5 24(日),20260524_1515-南南西-1.5.MOV,IMG_3418.MOV,SURVIVES (current content),2,2
5 24(日),20260525_0544-北北東-2.2.MOV,IMG_5290.MOV,OVERWRITTEN (in version history?),1,2
5 24(日),20260525_0544-北北東-2.2.MOV,IMG_5292.MOV,SURVIVES (current content),2,2
5 24(日),20260525_0545-北北東-2.2.MOV,IMG_5293.MOV,SURVIVES (current content),1,1
5 24(日),20260525_0546-北北東-2.2.MOV,IMG_5291.MOV,SURVIVES (current content),1,1
5 30(土),20260530_1031-南南西-5.4.mp4,PXL_20260530_013112080.mp4,SURVIVES (current content),1,1
5 30(土),20260530_1033-南南西-5.4.mp4,PXL_20260530_013318628.mp4,SURVIVES (current content),1,1
5 30(土),20260530_1037-南南西-5.4.mp4,PXL_20260530_013729345.mp4,SURVIVES (current content),1,1
5 30(土),20260530_1039-南南西-5.4.mp4,PXL_20260530_013941516.mp4,SURVIVES (current content),1,1
5 30(土),20260530_1040-南南西-5.4.mp4,PXL_20260530_014059467.mp4,SURVIVES (current content),1,1
5 30(土),20260530_1043-南南西-5.4.mp4,PXL_20260530_014359279.mp4,SURVIVES (current content),1,1
5 30(土),20260530_1046-南南西-5.4.mp4,PXL_20260530_014627568.mp4,SURVIVES (current content),1,1
5 30(土),20260530_1058-南南西-5.4.mp4,PXL_20260530_015854623.mp4,SURVIVES (current content),1,1
5 30(土),20260531_1507-南南西-2.2.MOV,IMG_5343.MOV,OVERWRITTEN (in version history?),1,2
5 30(土),20260531_1507-南南西-2.2.MOV,IMG_5349.MOV,SURVIVES (current content),2,2
5 30(土),20260601_0929-南-2.5.MOV,IMG_5333.MOV,SURVIVES (current content),1,1
5 30(土),20260601_0939-南-3.8.MOV,IMG_5334.MOV,SURVIVES (current content),1,1
5 30(土),20260601_0943-南-3.8.MOV,IMG_5335.MOV,OVERWRITTEN (in version history?),1,2
5 30(土),20260601_0943-南-3.8.MOV,IMG_5336.MOV,SURVIVES (current content),2,2
5 30(土),20260601_0957-南-3.8.mp4,802000163.774652.mp4,OVERWRITTEN (in version history?),1,11
5 30(土),20260601_0957-南-3.8.mp4,802000163.837366.mp4,OVERWRITTEN (in version history?),2,11
5 30(土),20260601_0957-南-3.8.mp4,802000163.955143.mp4,OVERWRITTEN (in version history?),3,11
5 30(土),20260601_0957-南-3.8.mp4,802000164.011045.mp4,OVERWRITTEN (in version history?),4,11
5 30(土),20260601_0957-南-3.8.mp4,802000164.087569.mp4,OVERWRITTEN (in version history?),5,11
5 30(土),20260601_0957-南-3.8.mp4,802000164.132079.mp4,OVERWRITTEN (in version history?),6,11
5 30(土),20260601_0957-南-3.8.mp4,802000164.169579.mp4,OVERWRITTEN (in version history?),7,11
5 30(土),20260601_0957-南-3.8.mp4,802000164.207016.mp4,OVERWRITTEN (in version history?),8,11
5 30(土),20260601_0957-南-3.8.mp4,802000164.278064.mp4,OVERWRITTEN (in version history?),9,11
5 30(土),20260601_0957-南-3.8.mp4,802000164.326500.mp4,OVERWRITTEN (in version history?),10,11
5 30(土),20260601_0957-南-3.8.mp4,802000164.369418.mp4,SURVIVES (current content),11,11
5 31(日),20260531_1510-南南西-2.2.MP4,0D634983-519A-4994-96A0-B9FE8D825A81.MP4,OVERWRITTEN (in version history?),1,3
5 31(日),20260531_1510-南南西-2.2.MP4,71B18DD5-CABD-4FDD-9EC8-6606DC337A20.MP4,OVERWRITTEN (in version history?),2,3
5 31(日),20260531_1510-南南西-2.2.MP4,72A1DDFC-80EE-4562-8A0B-D387CD5015EB.MP4,SURVIVES (current content),3,3
5 31(日),20260531_1545-南-3.0.mp4,PXL_20260531_064533047.mp4,SURVIVES (current content),1,1
5 31(日),20260531_1546-南-3.0.mp4,PXL_20260531_064611205.mp4,SURVIVES (current content),1,1
5 31(日),20260531_1547-南-3.0.mp4,PXL_20260531_064741106.mp4,SURVIVES (current content),1,1
5 31(日),20260531_1552-南-3.0.mp4,PXL_20260531_065209841.mp4,SURVIVES (current content),1,1
5 31(日),20260531_1606-南-3.0.mp4,PXL_20260531_070659892.mp4,SURVIVES (current content),1,1
5 31(日),20260531_1611-南-3.0.mp4,PXL_20260531_071104989.mp4,SURVIVES (current content),1,1
5 31(日),20260531_1619-南-3.0.mp4,PXL_20260531_071935665.mp4,SURVIVES (current content),1,1
5 31(日),20260531_1628-南-3.0.mp4,PXL_20260531_072812238.mp4,SURVIVES (current content),1,1
5 31(日),20260601_1024-南-3.8.MOV,IMG_5356.MOV,OVERWRITTEN (in version history?),1,3
5 31(日),20260601_1024-南-3.8.MOV,IMG_5358.MOV,OVERWRITTEN (in version history?),2,3
5 31(日),20260601_1024-南-3.8.MOV,IMG_5359.MOV,SURVIVES (current content),3,3
5 31(日),20260601_1027-南-3.8.MOV,IMG_5363.MOV,OVERWRITTEN (in version history?),1,3
5 31(日),20260601_1027-南-3.8.MOV,IMG_5364.MOV,OVERWRITTEN (in version history?),2,3
5 31(日),20260601_1027-南-3.8.MOV,IMG_5370.MOV,SURVIVES (current content),3,3
5 31(日),20260601_1028-南-3.8.MOV,IMG_5365.MOV,OVERWRITTEN (in version history?),1,2
5 31(日),20260601_1028-南-3.8.MOV,IMG_5366.MOV,SURVIVES (current content),2,2
5 31(日),20260601_1031-南南西-4.4.MOV,IMG_5371.MOV,OVERWRITTEN (in version history?),1,3
5 31(日),20260601_1031-南南西-4.4.MOV,IMG_5374.MOV,OVERWRITTEN (in version history?),2,3
5 31(日),20260601_1031-南南西-4.4.MOV,IMG_5375.MOV,SURVIVES (current content),3,3
5 31(日),20260601_1058-南南西-4.4.mp4,802000164.411452.mp4,OVERWRITTEN (in version history?),1,4
5 31(日),20260601_1058-南南西-4.4.mp4,802004092.193482.mp4,OVERWRITTEN (in version history?),2,4
5 31(日),20260601_1058-南南西-4.4.mp4,802004092.590496.mp4,OVERWRITTEN (in version history?),3,4
5 31(日),20260601_1058-南南西-4.4.mp4,802004092.722608.mp4,SURVIVES (current content),4,4
5 31(日),20260601_1059-南南西-4.4.mp4,802004092.776726.mp4,OVERWRITTEN (in version history?),1,6
5 31(日),20260601_1059-南南西-4.4.mp4,802004092.957323.mp4,OVERWRITTEN (in version history?),2,6
5 31(日),20260601_1059-南南西-4.4.mp4,802004093.000424.mp4,OVERWRITTEN (in version history?),3,6
5 31(日),20260601_1059-南南西-4.4.mp4,802004093.181348.mp4,OVERWRITTEN (in version history?),4,6
5 31(日),20260601_1059-南南西-4.4.mp4,802004093.317719.mp4,OVERWRITTEN (in version history?),5,6
5 31(日),20260601_1059-南南西-4.4.mp4,802004093.366666.mp4,SURVIVES (current content),6,6
6 13（土）,20260613_0844-南-2.5.MOV,IMG_4790.MOV,SURVIVES (current content),1,1
6 13（土）,20260613_0846-南-2.5.MOV,IMG_4792.MOV,SURVIVES (current content),1,1
6 13（土）,20260613_0852-南-2.5.MOV,IMG_4791.MOV,SURVIVES (current content),1,1
6 14(日),20260614_1601-南-2.7.mp4,PXL_20260614_070100298.mp4,OVERWRITTEN (in version history?),1,2
6 14(日),20260614_1601-南-2.7.mp4,PXL_20260614_070147858.mp4,SURVIVES (current content),2,2
6 15(日),20260614_1509-南-3.9.MOV,IMG_2046.MOV,SURVIVES (current content),1,1
6 15(日),20260614_1510-南-3.9.MOV,IMG_2047.MOV,OVERWRITTEN (in version history?),1,5
6 15(日),20260614_1510-南-3.9.MOV,IMG_2048.MOV,OVERWRITTEN (in version history?),2,5
6 15(日),20260614_1510-南-3.9.MOV,IMG_2049.MOV,OVERWRITTEN (in version history?),3,5
6 15(日),20260614_1510-南-3.9.MOV,IMG_2050.MOV,OVERWRITTEN (in version history?),4,5
6 15(日),20260614_1510-南-3.9.MOV,IMG_2053.MOV,SURVIVES (current content),5,5
6 15(日),20260614_1512-南-3.9.MOV,IMG_2051.MOV,OVERWRITTEN (in version history?),1,3
6 15(日),20260614_1512-南-3.9.MOV,IMG_2052.MOV,OVERWRITTEN (in version history?),2,3
6 15(日),20260614_1512-南-3.9.MOV,IMG_2055.MOV,SURVIVES (current content),3,3
6 15(日),20260614_1513-南-3.9.MOV,IMG_2054.MOV,SURVIVES (current content),1,1
6 6(土),20260606_0946-北東-3.0.MOV,IMG_6791.MOV,SURVIVES (current content),1,1
6 6(土),20260606_0947-北東-3.0.MOV,IMG_6780.MOV,SURVIVES (current content),1,1
6 6(土),20260606_0948-北東-3.0.MOV,IMG_6782.MOV,SURVIVES (current content),1,1
6 6(土),20260606_0949-北東-3.0.MOV,IMG_6785.MOV,OVERWRITTEN (in version history?),1,2
6 6(土),20260606_0949-北東-3.0.MOV,IMG_6792.MOV,SURVIVES (current content),2,2
6 6(土),20260606_0950-北東-3.0.MOV,IMG_6788.MOV,SURVIVES (current content),1,1
6 6(土),20260606_0952-北東-3.0.MOV,IMG_6784.MOV,OVERWRITTEN (in version history?),1,2
6 6(土),20260606_0952-北東-3.0.MOV,IMG_6786.MOV,SURVIVES (current content),2,2
6 6(土),20260606_0953-北東-3.0.MOV,IMG_6781.MOV,SURVIVES (current content),1,1
6 6(土),20260606_0955-北東-3.0.MOV,IMG_6789.MOV,SURVIVES (current content),1,1
6 6(土),20260606_0957-北東-3.0.MOV,IMG_6790.MOV,SURVIVES (current content),1,1
6 6(土),20260606_0958-北東-3.0.MOV,IMG_6783.MOV,SURVIVES (current content),1,1
6 6(土),20260606_1000-北東-3.0.MOV,IMG_6787.MOV,SURVIVES (current content),1,1
6 6(土),20260606_1002-北東-3.0.MOV,IMG_6777.MOV,SURVIVES (current content),1,1
6 6(土),20260606_1004-北東-3.0.MOV,IMG_6778.MOV,SURVIVES (current content),1,1
7 18(土),20260718_2200-南-3.2.MOV,IMG_8039.MOV,OVERWRITTEN (in version history?),1,4
7 18(土),20260718_2200-南-3.2.MOV,IMG_8043.MOV,OVERWRITTEN (in version history?),2,4
7 18(土),20260718_2200-南-3.2.MOV,IMG_8046.MOV,OVERWRITTEN (in version history?),3,4
7 18(土),20260718_2200-南-3.2.MOV,IMG_8048.MOV,SURVIVES (current content),4,4
7 18(土),20260718_2201-南-3.2.MOV,IMG_8037.MOV,OVERWRITTEN (in version history?),1,5
7 18(土),20260718_2201-南-3.2.MOV,IMG_8041.MOV,OVERWRITTEN (in version history?),2,5
7 18(土),20260718_2201-南-3.2.MOV,IMG_8044.MOV,OVERWRITTEN (in version history?),3,5
7 18(土),20260718_2201-南-3.2.MOV,IMG_8045.MOV,OVERWRITTEN (in version history?),4,5
7 18(土),20260718_2201-南-3.2.MOV,IMG_8050.MOV,SURVIVES (current content),5,5
7 18(土),20260718_2202-南-3.2.MOV,IMG_8036.MOV,OVERWRITTEN (in version history?),1,3
7 18(土),20260718_2202-南-3.2.MOV,IMG_8038.MOV,OVERWRITTEN (in version history?),2,3
7 18(土),20260718_2202-南-3.2.MOV,IMG_8052.MOV,SURVIVES (current content),3,3
7 18(土),20260718_2203-南-3.2.MOV,IMG_8042.MOV,OVERWRITTEN (in version history?),1,3
7 18(土),20260718_2203-南-3.2.MOV,IMG_8047.MOV,OVERWRITTEN (in version history?),2,3
7 18(土),20260718_2203-南-3.2.MOV,IMG_8053.MOV,SURVIVES (current content),3,3
7 18(土),20260718_2204-南-3.2.MOV,IMG_8040.MOV,OVERWRITTEN (in version history?),1,3
7 18(土),20260718_2204-南-3.2.MOV,IMG_8049.MOV,OVERWRITTEN (in version history?),2,3
7 18(土),20260718_2204-南-3.2.MOV,IMG_8051.MOV,SURVIVES (current content),3,3
7 19(日),20260719_1117-南-2.4.MOV,IMG_3285.MOV,SURVIVES (current content),1,1
7 19(日),20260719_1118-南-2.4.MOV,IMG_3290.MOV,SURVIVES (current content),1,1
7 19(日),20260719_1123-南-2.4.MOV,IMG_3287.MOV,SURVIVES (current content),1,1
7 19(日),20260719_1126-南-2.4.MOV,IMG_3288.MOV,SURVIVES (current content),1,1
7 19(日),20260719_1127-南-2.4.MOV,IMG_3281.MOV,OVERWRITTEN (in version history?),1,3
7 19(日),20260719_1127-南-2.4.MOV,IMG_3283.MOV,OVERWRITTEN (in version history?),2,3
7 19(日),20260719_1127-南-2.4.MOV,IMG_3286.MOV,SURVIVES (current content),3,3
7 19(日),20260719_1128-南-2.4.MOV,IMG_3282.MOV,SURVIVES (current content),1,1
7 19(日),20260719_1129-南-2.4.MOV,IMG_3284.MOV,SURVIVES (current content),1,1
7 30(木),20260803_1216-北-4.2.MOV,IMG_3370.MOV,SURVIVES (current content),1,1
7 30(木),20260803_1217-北-4.2.MOV,IMG_3366.MOV,SURVIVES (current content),1,1
7 30(木),20260803_1218-北-4.2.MOV,IMG_3380.MOV,SURVIVES (current content),1,1
7 30(木),20260803_1219-北-4.2.MOV,IMG_3368.MOV,SURVIVES (current content),1,1
7 30(木),20260803_1220-北-4.2.MOV,IMG_3365.MOV,SURVIVES (current content),1,1
7 30(木),20260803_1222-北-4.2.MOV,IMG_3387.MOV,SURVIVES (current content),1,1
7 30(木),20260803_1223-北-4.2.MOV,IMG_3381.MOV,SURVIVES (current content),1,1
7 30(木),20260803_1225-北-4.2.MOV,IMG_3389.MOV,SURVIVES (current content),1,1
7 30(木),20260803_1226-北-4.2.MOV,IMG_3374.MOV,SURVIVES (current content),1,1
7 30(木),20260803_1228-北-4.2.MOV,IMG_3388.MOV,SURVIVES (current content),1,1
7 30(木),20260803_1230-北-3.6.MOV,IMG_3377.MOV,SURVIVES (current content),1,1
7 30(木),20260803_1232-北-3.6.MOV,IMG_3372.MOV,SURVIVES (current content),1,1
7 30(木),20260803_1234-北-3.6.MOV,IMG_3386 (1).MOV,OVERWRITTEN (in version history?),1,2
7 30(木),20260803_1234-北-3.6.MOV,IMG_3386.MOV,SURVIVES (current content),2,2
7 30(木),20260803_1236-北-3.6.MOV,IMG_3390.MOV,SURVIVES (current content),1,1
7 30(木),20260803_1238-北-3.6.MOV,IMG_3364.MOV,SURVIVES (current content),1,1
7 30(木),20260803_1240-北-3.6.MOV,IMG_3378.MOV,SURVIVES (current content),1,1
7 30(木),20260803_1243-北-3.6.MOV,IMG_3362.MOV,SURVIVES (current content),1,1
7 30(木),20260803_1247-北-3.6.MOV,IMG_3371.MOV,SURVIVES (current content),1,1
7 30(木),20260803_1250-北-3.6.MOV,IMG_3361.MOV,SURVIVES (current content),1,1
7 30(木),20260803_1253-北-3.6.MOV,IMG_3363.MOV,SURVIVES (current content),1,1
7 30(木),20260803_1257-北-3.6.MOV,IMG_3369.MOV,SURVIVES (current content),1,1
7 30(木),20260803_1300-北-3.6.MOV,IMG_3375.MOV,SURVIVES (current content),1,1
7 30(木),20260803_1313-北-3.6.MOV,IMG_3373.MOV,SURVIVES (current content),1,1
7 30(木),20260803_1321-北-3.6.MOV,IMG_3376.MOV,SURVIVES (current content),1,1
7 30(木),20260803_1330-北-4.3.MOV,IMG_3379.MOV,SURVIVES (current content),1,1
7 30(木),20260803_1342-北-4.3.MOV,IMG_3385.MOV,SURVIVES (current content),1,1
7 31(金),20260731_0954-南南西-3.5.mp4,PXL_20260731_005427344.mp4,SURVIVES (current content),1,1
7 31(金),20260731_0956-南南西-3.5.mp4,PXL_20260731_005618884.mp4,SURVIVES (current content),1,1
7 31(金),20260731_0957-南南西-3.5.mp4,PXL_20260731_005703948.mp4,OVERWRITTEN (in version history?),1,2
7 31(金),20260731_0957-南南西-3.5.mp4,PXL_20260731_005721556.mp4,SURVIVES (current content),2,2
7 31(金),20260731_1000-南南西-3.5.mp4,PXL_20260731_010025412.mp4,SURVIVES (current content),1,1
7 31(金),20260731_1005-南南西-3.5.mp4,PXL_20260731_010539828.mp4,SURVIVES (current content),1,1
7 31(金),20260731_1010-南南西-3.5.mp4,PXL_20260731_011007107.mp4,SURVIVES (current content),1,1
7 31(金),20260731_1011-南南西-3.5.mp4,PXL_20260731_011109929.mp4,SURVIVES (current content),1,1
7 31(金),20260731_1012-南南西-3.5.mp4,PXL_20260731_011227453.mp4,SURVIVES (current content),1,1
7 31(金),20260731_1040-南南西-4.5.mp4,PXL_20260731_014041643.mp4,SURVIVES (current content),1,1
7 31(金),20260731_1041-南南西-4.5.mp4,PXL_20260731_014159243.mp4,SURVIVES (current content),1,1
7 31(金),20260731_1043-南南西-4.5.mp4,PXL_20260731_014309592.mp4,SURVIVES (current content),1,1
7 31(金),20260731_1227-南南西-2.9.MOV,IMG_3746.MOV,OVERWRITTEN (in version history?),1,2
7 31(金),20260731_1227-南南西-2.9.MOV,IMG_3758.MOV,SURVIVES (current content),2,2
7 31(金),20260731_1228-南南西-2.9.MOV,IMG_3750.MOV,SURVIVES (current content),1,1
7 31(金),20260731_1229-南南西-2.9.MOV,IMG_3757.MOV,SURVIVES (current content),1,1
7 31(金),20260731_1232-南-3.5.MOV,IMG_3753.MOV,SURVIVES (current content),1,1
7 31(金),20260731_1234-南-3.5.MOV,IMG_3748.MOV,SURVIVES (current content),1,1
7 31(金),20260731_1549-南南西-2.8.mp4,PXL_20260731_064921473.mp4,SURVIVES (current content),1,1
7 4(土),20260704_1543-南-3.6.mp4,PXL_20260704_064333199.mp4,SURVIVES (current content),1,1
7 4(土),20260704_1546-南-3.6.mp4,PXL_20260704_064606119.mp4,SURVIVES (current content),1,1
7 4(土),20260704_1548-南-3.6.mp4,PXL_20260704_064844920.mp4,SURVIVES (current content),1,1
7 4(土),20260704_1551-南-3.6.mp4,PXL_20260704_065119201.mp4,SURVIVES (current content),1,1
7 4(土),20260704_1625-南-3.6.mp4,PXL_20260704_072505934.mp4,SURVIVES (current content),1,1
7 4(土),20260705_1020-西南西-1.4.MOV,IMG_4887.MOV,OVERWRITTEN (in version history?),1,8
7 4(土),20260705_1020-西南西-1.4.MOV,IMG_4888.MOV,OVERWRITTEN (in version history?),2,8
7 4(土),20260705_1020-西南西-1.4.MOV,IMG_4889.MOV,OVERWRITTEN (in version history?),3,8
7 4(土),20260705_1020-西南西-1.4.MOV,IMG_4890.MOV,OVERWRITTEN (in version history?),4,8
7 4(土),20260705_1020-西南西-1.4.MOV,IMG_4891.MOV,OVERWRITTEN (in version history?),5,8
7 4(土),20260705_1020-西南西-1.4.MOV,IMG_4892.MOV,OVERWRITTEN (in version history?),6,8
7 4(土),20260705_1020-西南西-1.4.MOV,IMG_4893.MOV,OVERWRITTEN (in version history?),7,8
7 4(土),20260705_1020-西南西-1.4.MOV,IMG_4894.MOV,SURVIVES (current content),8,8
8 1(土),20260801_1036-南南西-3.7.mp4,PXL_20260801_013656269.mp4,SURVIVES (current content),1,1
8 1(土),20260801_1038-南南西-3.7.mp4,PXL_20260801_013817729.mp4,SURVIVES (current content),1,1
8 1(土),20260801_1039-南南西-3.7.mp4,PXL_20260801_013925232.mp4,SURVIVES (current content),1,1
8 1(土),20260801_1046-南南西-3.7.mp4,PXL_20260801_014638372.mp4,SURVIVES (current content),1,1
8 1(土),20260801_1050-南南西-3.7.mp4,PXL_20260801_015019692.mp4,SURVIVES (current content),1,1
8 1(土),20260801_1126-南南西-3.7.mp4,PXL_20260801_022606751.mp4,SURVIVES (current content),1,1
8 1(土),20260801_1127-南南西-3.7.mp4,PXL_20260801_022727915.mp4,SURVIVES (current content),1,1
8 1(土),20260801_1138-南-4.2.mp4,PXL_20260801_023811034.mp4,SURVIVES (current content),1,1
8 1(土),20260801_1140-南-4.2.mp4,PXL_20260801_024018095.mp4,SURVIVES (current content),1,1
8 1(土),20260801_1148-南-4.2.mp4,PXL_20260801_024857860.mp4,SURVIVES (current content),1,1
8 1(土),20260801_1150-南-4.2.mp4,PXL_20260801_025006675.mp4,OVERWRITTEN (in version history?),1,2
8 1(土),20260801_1150-南-4.2.mp4,PXL_20260801_025057817.mp4,SURVIVES (current content),2,2
8 1(土),20260801_1152-南-4.2.mp4,PXL_20260801_025229401.mp4,SURVIVES (current content),1,1
8 1(土),20260801_1159-南-4.2.mp4,PXL_20260801_025939866.mp4,SURVIVES (current content),1,1
8 1(土),20260801_1218-南-4.2.mp4,PXL_20260801_031846007.mp4,SURVIVES (current content),1,1
8 1(土),20260801_1225-南-4.2.mp4,PXL_20260801_032549209.mp4,SURVIVES (current content),1,1
8 1(土),20260801_1235-南南西-5.1.mp4,PXL_20260801_033540431.mp4,SURVIVES (current content),1,1
8 1(土),20260801_1249-南南西-5.1.mp4,PXL_20260801_034920831.mp4,SURVIVES (current content),1,1
8 1(土),20260801_1250-南南西-5.1.mp4,PXL_20260801_035049061.mp4,SURVIVES (current content),1,1
8 1(土),20260801_1311-南南西-5.1.mp4,PXL_20260801_041121202.mp4,SURVIVES (current content),1,1
8 1(土),20260801_1343-南南西-4.3.mp4,PXL_20260801_044338487.mp4,SURVIVES (current content),1,1
8 1(土),20260801_1350-南南西-4.3.mp4,PXL_20260801_045041893.mp4,SURVIVES (current content),1,1
8 1(土),20260801_1400-南南西-4.3.mp4,PXL_20260801_050046492.mp4,SURVIVES (current content),1,1
8 1(土),20260801_1432-南西-2.5.mp4,PXL_20260801_053245491.mp4,SURVIVES (current content),1,1
8 1(土),20260801_1451-南西-2.5.mp4,PXL_20260801_055152120.mp4,SURVIVES (current content),1,1
8 1(土),20260803_1047-北-4.4.MOV,IMG_3403.MOV,SURVIVES (current content),1,1
8 1(土),20260803_1325-北-3.6.MOV,IMG_3402.MOV,SURVIVES (current content),1,1
8 2(日),20260802_2348-北北東-3.5.MOV,IMG_7392.MOV,OVERWRITTEN (in version history?),1,3
8 2(日),20260802_2348-北北東-3.5.MOV,IMG_7394.MOV,OVERWRITTEN (in version history?),2,3
8 2(日),20260802_2348-北北東-3.5.MOV,IMG_7397.MOV,SURVIVES (current content),3,3
8 2(日),20260802_2350-北北東-3.5.MOV,IMG_7398.MOV,SURVIVES (current content),1,1
8 2(日),20260802_2351-北北東-3.5.MOV,IMG_7391.MOV,SURVIVES (current content),1,1
8 2(日),20260802_2353-北北東-3.5.MOV,IMG_7393.MOV,SURVIVES (current content),1,1
8 2(日),20260802_2355-北北東-3.5.MOV,IMG_7395.MOV,SURVIVES (current content),1,1
8 2(日),20260802_2358-北北東-3.5.MOV,IMG_7396.MOV,SURVIVES (current content),1,1
8 2(日),20260803_1046-北-4.4.MOV,IMG_3424.MOV,SURVIVES (current content),1,1
8 2(日),20260803_1215-北-4.2.MOV,IMG_3421.MOV,SURVIVES (current content),1,1
8 2(日),20260803_1317-北-3.6.MOV,IMG_3422.MOV,SURVIVES (current content),1,1
8 2(日),20260803_1336-北-4.3.MOV,IMG_3423.MOV,SURVIVES (current content),1,1
8 5(水),20260805_1018-北北東-4.1.MOV,IMG_8937.MOV,SURVIVES (current content),1,1
8 5(水),20260805_1019-北北東-4.1.MOV,IMG_8935.MOV,SURVIVES (current content),1,1
8 5(水),20260805_1219-北東-4.2.MOV,IMG_8932.MOV,SURVIVES (current content),1,1
8 5(水),20260805_1220-北東-4.2.MOV,IMG_8924.MOV,OVERWRITTEN (in version history?),1,3
8 5(水),20260805_1220-北東-4.2.MOV,IMG_8930.MOV,OVERWRITTEN (in version history?),2,3
8 5(水),20260805_1220-北東-4.2.MOV,IMG_8933.MOV,SURVIVES (current content),3,3
8 5(水),20260805_1221-北東-4.2.MOV,IMG_8931.MOV,SURVIVES (current content),1,1
8 5(水),20260805_1222-北東-4.2.MOV,IMG_8926.MOV,OVERWRITTEN (in version history?),1,2
8 5(水),20260805_1222-北東-4.2.MOV,IMG_8928.MOV,SURVIVES (current content),2,2
8 5(水),20260805_1223-北東-4.2.MOV,IMG_8916.MOV,OVERWRITTEN (in version history?),1,2
8 5(水),20260805_1223-北東-4.2.MOV,IMG_8942.MOV,SURVIVES (current content),2,2
8 5(水),20260805_1224-北東-4.2.MOV,IMG_8915.MOV,OVERWRITTEN (in version history?),1,2
8 5(水),20260805_1224-北東-4.2.MOV,IMG_8919.MOV,SURVIVES (current content),2,2
8 5(水),20260805_1225-北東-4.2.MOV,IMG_8929.MOV,SURVIVES (current content),1,1
8 5(水),20260805_1226-北東-4.2.MOV,IMG_8923.MOV,OVERWRITTEN (in version history?),1,2
8 5(水),20260805_1226-北東-4.2.MOV,IMG_8925.MOV,SURVIVES (current content),2,2
8 5(水),20260805_1227-北東-4.2.MOV,IMG_8934.MOV,OVERWRITTEN (in version history?),1,3
8 5(水),20260805_1227-北東-4.2.MOV,IMG_8936.MOV,OVERWRITTEN (in version history?),2,3
8 5(水),20260805_1227-北東-4.2.MOV,IMG_8938.MOV,SURVIVES (current content),3,3
8 5(水),20260805_1228-北東-4.2.MOV,IMG_8920.MOV,OVERWRITTEN (in version history?),1,2
8 5(水),20260805_1228-北東-4.2.MOV,IMG_8945.MOV,SURVIVES (current content),2,2
8 5(水),20260805_1229-北東-4.2.MOV,IMG_8941.MOV,OVERWRITTEN (in version history?),1,2
8 5(水),20260805_1229-北東-4.2.MOV,IMG_8943.MOV,SURVIVES (current content),2,2
8 5(水),20260805_1230-東-4.9.MOV,IMG_8918.MOV,OVERWRITTEN (in version history?),1,2
8 5(水),20260805_1230-東-4.9.MOV,IMG_8946.MOV,SURVIVES (current content),2,2
8 5(水),20260805_1231-東-4.9.MOV,IMG_8939.MOV,OVERWRITTEN (in version history?),1,2
8 5(水),20260805_1231-東-4.9.MOV,IMG_8944.MOV,SURVIVES (current content),2,2
8 5(水),20260805_1232-東-4.9.MOV,IMG_8940.MOV,SURVIVES (current content),1,1
8 5(水),20260805_1233-東-4.9.MOV,IMG_8922.MOV,SURVIVES (current content),1,1
8 6(木),20260807_1043-南-2.3.mp4,PXL_20260807_014300203.mp4,SURVIVES (current content),1,1
8 6(木),20260807_1045-南-2.3.mp4,PXL_20260807_014516679.mp4,SURVIVES (current content),1,1
8 6(木),20260807_1046-南-2.3.mp4,PXL_20260807_014634982.mp4,SURVIVES (current content),1,1
8 6(木),20260807_1051-南-2.3.mp4,PXL_20260807_015133815.mp4,SURVIVES (current content),1,1
8 6(木),20260807_1108-南-2.3.mp4,PXL_20260807_020853094.mp4,SURVIVES (current content),1,1
8 6(木),20260807_1142-南-2.9.mp4,PXL_20260807_024219025.mp4,SURVIVES (current content),1,1
8 6(木),20260807_1143-南-2.9.mp4,PXL_20260807_024357424.mp4,SURVIVES (current content),1,1
8 6(木),20260807_1146-南-2.9.mp4,PXL_20260807_024653369.mp4,SURVIVES (current content),1,1
8 6(木),20260807_1151-南-2.9.mp4,PXL_20260807_025127921.mp4,SURVIVES (current content),1,1
8 6(木),20260807_1203-南-2.9.mp4,PXL_20260807_030358567.mp4,SURVIVES (current content),1,1
8 6(木),20260807_1359-南-3.9.mp4,PXL_20260807_045904416.mp4,SURVIVES (current content),1,1
8 6(木),20260807_1401-南-3.9.mp4,PXL_20260807_050100216.mp4,SURVIVES (current content),1,1
8 6(木),20260807_1402-南-3.9.mp4,PXL_20260807_050219560.mp4,SURVIVES (current content),1,1
8 6(木),20260807_1404-南-3.9.mp4,PXL_20260807_050419704.mp4,SURVIVES (current content),1,1
8 6(木),20260807_1405-南-3.9.mp4,PXL_20260807_050558826.mp4,SURVIVES (current content),1,1
8 6(木),20260807_1439-南-5.1.mp4,PXL_20260807_053941096.mp4,SURVIVES (current content),1,1
8 6(木),20260807_1440-南-5.1.mp4,PXL_20260807_054005109.mp4,SURVIVES (current content),1,1
8 6(木),20260807_1443-南-5.1.mp4,PXL_20260807_054349274.mp4,SURVIVES (current content),1,1
8 6(木),20260807_1445-南-5.1.mp4,PXL_20260807_054514865.mp4,SURVIVES (current content),1,1
8 6(木),20260807_1542-南-3.9.mp4,PXL_20260807_064230795.mp4,SURVIVES (current content),1,1
8 7(金),20260807_1043-南-2.3.mp4,PXL_20260807_014300203.mp4,SURVIVES (current content),1,1
8 7(金),20260807_1045-南-2.3.mp4,PXL_20260807_014516679.mp4,SURVIVES (current content),1,1
8 7(金),20260807_1046-南-2.3.mp4,PXL_20260807_014634982.mp4,SURVIVES (current content),1,1
8 7(金),20260807_1051-南-2.3.mp4,PXL_20260807_015133815.mp4,SURVIVES (current content),1,1
8 7(金),20260807_1108-南-2.3.mp4,PXL_20260807_020853094.mp4,SURVIVES (current content),1,1
8 7(金),20260807_1142-南-2.9.mp4,PXL_20260807_024219025.mp4,SURVIVES (current content),1,1
8 7(金),20260807_1143-南-2.9.mp4,PXL_20260807_024357424.mp4,SURVIVES (current content),1,1
8 7(金),20260807_1146-南-2.9.mp4,PXL_20260807_024653369.mp4,SURVIVES (current content),1,1
8 7(金),20260807_1151-南-2.9.mp4,PXL_20260807_025127921.mp4,SURVIVES (current content),1,1
8 7(金),20260807_1203-南-2.9.mp4,PXL_20260807_030358567.mp4,SURVIVES (current content),1,1
8 7(金),20260807_1359-南-3.9.mp4,PXL_20260807_045904416.mp4,SURVIVES (current content),1,1
8 7(金),20260807_1401-南-3.9.mp4,PXL_20260807_050100216.mp4,SURVIVES (current content),1,1
8 7(金),20260807_1402-南-3.9.mp4,PXL_20260807_050219560.mp4,SURVIVES (current content),1,1
8 7(金),20260807_1404-南-3.9.mp4,PXL_20260807_050419704.mp4,SURVIVES (current content),1,1
8 7(金),20260807_1405-南-3.9.mp4,PXL_20260807_050558826.mp4,SURVIVES (current content),1,1
8 7(金),20260807_1439-南-5.1.mp4,PXL_20260807_053941096.mp4,SURVIVES (current content),1,1
8 7(金),20260807_1440-南-5.1.mp4,PXL_20260807_054005109.mp4,SURVIVES (current content),1,1
8 7(金),20260807_1443-南-5.1.mp4,PXL_20260807_054349274.mp4,SURVIVES (current content),1,1
8 7(金),20260807_1445-南-5.1.mp4,PXL_20260807_054514865.mp4,SURVIVES (current content),1,1
8 7(金),20260807_1542-南-3.9.mp4,PXL_20260807_064230795.mp4,SURVIVES (current content),1,1
8 8(土),20260808_1120-南-4.4.mp4,PXL_20260808_022032055.mp4,SURVIVES (current content),1,1
8 8(土),20260808_1125-南-4.4.mp4,PXL_20260808_022540891.mp4,SURVIVES (current content),1,1
8 8(土),20260808_1130-南-4.6.mp4,PXL_20260808_023029382.mp4,SURVIVES (current content),1,1
8 8(土),20260808_1150-南-4.6.mp4,PXL_20260808_025022011.mp4,SURVIVES (current content),1,1
8 8(土),20260808_1200-南-4.6.mp4,PXL_20260808_030001583.mp4,SURVIVES (current content),1,1
8 8(土),20260808_1430-南-5.2.MOV,IMG_3799.MOV,SURVIVES (current content),1,1
8 8(土),20260808_1431-南-5.2.MOV,IMG_3802.MOV,SURVIVES (current content),1,1
8 8(土),20260808_1432-南-5.2.MOV,IMG_3794.MOV,SURVIVES (current content),1,1
8 8(土),20260808_1548-南南西-6.1.MOV,IMG_3795.MOV,SURVIVES (current content),1,1
8 8(土),20260808_1549-南南西-6.1.MOV,IMG_3803.MOV,SURVIVES (current content),1,1
8 8(土),20260808_1550-南南西-6.1.MOV,IMG_3797.MOV,OVERWRITTEN (in version history?),1,2
8 8(土),20260808_1550-南南西-6.1.MOV,IMG_3801.MOV,SURVIVES (current content),2,2
8 8(土),20260808_1551-南南西-6.1.MOV,IMG_3793.MOV,SURVIVES (current content),1,1
8 8(土),20260808_1552-南南西-6.1.MOV,IMG_3792.MOV,SURVIVES (current content),1,1
8 8(土),20260808_1553-南南西-6.1.MOV,IMG_3796.MOV,OVERWRITTEN (in version history?),1,2
8 8(土),20260808_1553-南南西-6.1.MOV,IMG_3800.MOV,SURVIVES (current content),2,2
8 8(土),20260808_1554-南南西-6.1.MOV,IMG_3798.MOV,SURVIVES (current content),1,1
8 9(日),20260809_1056-南南西-3.4.MOV,IMG_7464.MOV,OVERWRITTEN (in version history?),1,3
8 9(日),20260809_1056-南南西-3.4.MOV,IMG_7465.MOV,OVERWRITTEN (in version history?),2,3
8 9(日),20260809_1056-南南西-3.4.MOV,IMG_7466.MOV,SURVIVES (current content),3,3
8 9(日),20260809_1057-南南西-3.4.MOV,IMG_7461.MOV,OVERWRITTEN (in version history?),1,2
8 9(日),20260809_1057-南南西-3.4.MOV,IMG_7463.MOV,SURVIVES (current content),2,2
8 9(日),20260809_1058-南南西-3.4.MOV,IMG_7471.MOV,SURVIVES (current content),1,1
8 9(日),20260809_2155-北北西-3.1.MOV,IMG_7469.MOV,SURVIVES (current content),1,1
8 9(日),20260809_2156-北北西-3.1.MOV,IMG_7467.MOV,OVERWRITTEN (in version history?),1,2
8 9(日),20260809_2156-北北西-3.1.MOV,IMG_7468.MOV,SURVIVES (current content),2,2
8 9(日),20260809_2258-北-3.7.MOV,IMG_7472.MOV,OVERWRITTEN (in version history?),1,2
8 9(日),20260809_2258-北-3.7.MOV,IMG_7473.MOV,SURVIVES (current content),2,2
ファミリーデイ,20260705_1005-西南西-1.4.MOV,IMG_7836.MOV,OVERWRITTEN (in version history?),1,9
ファミリーデイ,20260705_1005-西南西-1.4.MOV,IMG_7865.MOV,OVERWRITTEN (in version history?),2,9
ファミリーデイ,20260705_1005-西南西-1.4.MOV,IMG_7870.MOV,OVERWRITTEN (in version history?),3,9
ファミリーデイ,20260705_1005-西南西-1.4.MOV,IMG_7877.MOV,OVERWRITTEN (in version history?),4,9
ファミリーデイ,20260705_1005-西南西-1.4.MOV,IMG_7880.MOV,OVERWRITTEN (in version history?),5,9
ファミリーデイ,20260705_1005-西南西-1.4.MOV,IMG_7889.MOV,OVERWRITTEN (in version history?),6,9
ファミリーデイ,20260705_1005-西南西-1.4.MOV,IMG_7891.MOV,OVERWRITTEN (in version history?),7,9
ファミリーデイ,20260705_1005-西南西-1.4.MOV,IMG_7892.MOV,OVERWRITTEN (in version history?),8,9
ファミリーデイ,20260705_1005-西南西-1.4.MOV,IMG_7893.MOV,SURVIVES (current content),9,9
ファミリーデイ,20260705_1006-西南西-1.4.MOV,IMG_7849.MOV,OVERWRITTEN (in version history?),1,2
ファミリーデイ,20260705_1006-西南西-1.4.MOV,IMG_7896.MOV,SURVIVES (current content),2,2
ファミリーデイ,20260705_1021-西南西-1.4.MOV,IMG_7853.MOV,OVERWRITTEN (in version history?),1,6
ファミリーデイ,20260705_1021-西南西-1.4.MOV,IMG_7869.MOV,OVERWRITTEN (in version history?),2,6
ファミリーデイ,20260705_1021-西南西-1.4.MOV,IMG_7871.MOV,OVERWRITTEN (in version history?),3,6
ファミリーデイ,20260705_1021-西南西-1.4.MOV,IMG_7878.MOV,OVERWRITTEN (in version history?),4,6
ファミリーデイ,20260705_1021-西南西-1.4.MOV,IMG_7879.MOV,OVERWRITTEN (in version history?),5,6
ファミリーデイ,20260705_1021-西南西-1.4.MOV,IMG_7883.MOV,SURVIVES (current content),6,6
