year,folder,original_at_risk,lost_overwritten,survived,still_missing_after_restore
2025練習,10 25(土),14,0,14,0
2025練習,10 26(日),26,5,21,5
2025練習,11 16(日),14,1,13,1
2025練習,11 30(日),6,1,5,1
2025練習,11 4(火),62,52,10,52
2025練習,12 26,40,31,9,31
2025練習,12 6(土),14,9,5,9
2025練習,12月13日,16,2,14,2
2025練習,12月14,5,1,4,1
2025練習,12月28日,29,21,8,2
2026練習,1 12（月）,15,6,9,6
2026練習,1 18（日）,17,5,12,5
2026練習,1 28(水),8,3,5,3
2026練習,1 29(木),11,1,10,1
2026練習,2 12(木),17,8,9,8
2026練習,2 14（土）,11,6,5,6
2026練習,2 15(日),19,4,15,4
2026練習,2 19(木),15,2,13,2
2026練習,2 20(金),19,3,16,1
2026練習,2 21,20,7,13,0
2026練習,2 22日,16,5,11,5
2026練習,2 27,42,28,14,1
2026練習,2 7（土）,15,11,4,11
2026練習,2 9(月),9,3,6,3
2026練習,3 1(日),6,2,4,2
2026練習,3 13(金),18,11,7,11
2026練習,3 14(土),15,8,7,8
2026練習,3 15(日),14,3,11,3
2026練習,3 16(月),7,5,2,0
2026練習,3 19(木),18,7,11,0
2026練習,3 20(金),16,13,3,0
2026練習,3 22(日),25,7,18,7
2026練習,3 27(金),21,4,17,4
2026練習,3 28（土）,10,7,3,7
2026練習,3 29(日),57,51,6,51
2026練習,3 5(木),8,5,3,5
2026練習,3 7（土）,25,15,10,15
2026練習,3 8(日),5,0,5,0
2026練習,4 12(日),15,5,10,5
2026練習,4 26(日),17,7,10,7
2026練習,5 16(土),12,0,12,0
2026練習,5 23(土),21,9,12,5
2026練習,5 24(日),7,2,5,1
2026練習,5 30(土),25,12,13,1
2026練習,5 31(日),32,17,15,2
2026練習,6 13（土）,3,0,3,0
2026練習,6 14(日),2,1,1,1
2026練習,6 15(日),10,6,4,6
2026練習,6 6(土),15,2,13,2
2026練習,7 18(土),18,13,5,13
2026練習,7 19(日),9,2,7,2
2026練習,7 30(木),27,1,26,1
2026練習,7 31(金),19,2,17,2
2026練習,7 4(土),13,7,6,7
2026練習,8 1(土),27,1,26,1
2026練習,8 2(日),12,2,10,2
2026練習,8 5(水),29,12,17,12
2026練習,8 6(木),20,0,20,0
2026練習,8 7(金),20,0,20,0
2026練習,8 8(土),17,2,15,2
2026練習,8 9(日),11,5,6,5
2026練習,ファミリーデイ,17,14,3,14
