folder,original_name,target_name
1 12（月）,IMG_6426.MOV,20260112_1412-南-3.5.MOV
1 12（月）,IMG_6427.MOV,20260112_1412-南-3.5.MOV
1 12（月）,IMG_6428.MOV,20260112_1414-南-3.5.MOV
1 12（月）,IMG_6432.MOV,20260112_1414-南-3.5.MOV
1 12（月）,IMG_6434.MOV,20260112_1411-南-3.5.MOV
1 12（月）,IMG_6435.MOV,20260112_1411-南-3.5.MOV
1 18（日）,IMG_6485.MOV,20260118_0948-北北東-4.3.MOV
1 18（日）,IMG_6490.MOV,20260118_0949-北北東-4.3.MOV
1 18（日）,IMG_6495.MOV,20260118_0949-北北東-4.3.MOV
1 18（日）,IMG_6497.MOV,20260118_0950-北北東-4.3.MOV
1 18（日）,IMG_6504.MOV,20260118_0952-北北東-4.3.MOV
1 28(水),IMG_6588.MOV,20260128_0540-北-1.9.MOV
1 28(水),IMG_6593.MOV,20260128_0541-北-1.9.MOV
1 28(水),IMG_6594.MOV,20260128_0542-北-1.9.MOV
1 29(木),IMG_5751.MOV,20260202_0009-北北東-2.5.MOV
10 26(日),IMG_1741.MOV,20251026_1100-北-3.3.MOV
10 26(日),IMG_1743.MOV,20251026_1057-北-3.3.MOV
10 26(日),IMG_1746.MOV,20251026_1054-北-3.3.MOV
10 26(日),IMG_1748.MOV,20251026_1054-北-3.3.MOV
10 26(日),IMG_1764.MOV,20251026_1055-北-3.3.MOV
11 16(日),IMG_1912.MOV,20251122_1210-北北東-2.2.MOV
11 30(日),IMG_5552.MOV,20251130_1317-南-1.6.MOV
11 4(火),IMG_1805.MOV,20251105_0222-北-3.4.MOV
11 4(火),IMG_1806 (1).MOV,20251109_1212-北-1.7.MOV
11 4(火),IMG_1806 (2).MOV,20251105_0221-北-3.4.MOV
11 4(火),IMG_1806.MOV,20251109_1212-北-1.7.MOV
11 4(火),IMG_1807.MOV,20251105_0223-北-3.4.MOV
11 4(火),IMG_1808 (1).MOV,20251109_1212-北-1.7.MOV
11 4(火),IMG_1808 (2).MOV,20251105_0222-北-3.4.MOV
11 4(火),IMG_1808.MOV,20251109_1212-北-1.7.MOV
11 4(火),IMG_1810.MOV,20251105_0220-北-3.4.MOV
11 4(火),IMG_1811.MOV,20251105_0221-北-3.4.MOV
11 4(火),IMG_1812 (1).MOV,20251109_1211-北-1.7.MOV
11 4(火),IMG_1812 (2).MOV,20251105_0221-北-3.4.MOV
11 4(火),IMG_1812.MOV,20251109_1211-北-1.7.MOV
11 4(火),IMG_1813.MOV,20251105_0223-北-3.4.MOV
11 4(火),IMG_1815.MOV,20251105_0221-北-3.4.MOV
11 4(火),IMG_1816.MOV,20251105_0222-北-3.4.MOV
11 4(火),IMG_5864 (1).MOV,20251109_1211-北-1.7.MOV
11 4(火),IMG_5866 (1).MOV,20251109_1210-北-1.7.MOV
11 4(火),IMG_5866.MOV,20251109_1210-北-1.7.MOV
11 4(火),IMG_5867 (1).MOV,20251109_1211-北-1.7.MOV
11 4(火),IMG_5867.MOV,20251109_1211-北-1.7.MOV
11 4(火),IMG_5868 (1).MOV,20251109_1211-北-1.7.MOV
11 4(火),IMG_5868.MOV,20251109_1211-北-1.7.MOV
11 4(火),IMG_5869 (1).MOV,20251109_1210-北-1.7.MOV
11 4(火),IMG_5869.MOV,20251109_1210-北-1.7.MOV
11 4(火),IMG_5870.MOV,20251109_1210-北-1.7.MOV
11 4(火),IMG_5872 (1).MOV,20251109_1210-北-1.7.MOV
11 4(火),IMG_5872.MOV,20251109_1210-北-1.7.MOV
11 4(火),IMG_5873 (1).MOV,20251109_1210-北-1.7.MOV
11 4(火),IMG_5873.MOV,20251109_1210-北-1.7.MOV
11 4(火),IMG_5874.MOV,20251109_1209-北-1.7.MOV
11 4(火),IMG_5875 (1).MOV,20251109_1209-北-1.7.MOV
11 4(火),IMG_5875 (2).MOV,20251105_0220-北-3.4.MOV
11 4(火),IMG_5875.MOV,20251109_1209-北-1.7.MOV
11 4(火),IMG_5876 (1).MOV,20251109_1209-北-1.7.MOV
11 4(火),IMG_5876 (2).MOV,20251105_0219-北-3.4.MOV
11 4(火),IMG_5876.MOV,20251109_1209-北-1.7.MOV
11 4(火),IMG_5877 (1).MOV,20251109_1209-北-1.7.MOV
11 4(火),IMG_5877 (2).MOV,20251105_0220-北-3.4.MOV
11 4(火),IMG_5877.MOV,20251109_1209-北-1.7.MOV
11 4(火),IMG_5878 (1).MOV,20251109_1209-北-1.7.MOV
11 4(火),IMG_5878 (2).MOV,20251105_0220-北-3.4.MOV
11 4(火),IMG_5878.MOV,20251109_1209-北-1.7.MOV
11 4(火),IMG_5879 (1).MOV,20251109_1209-北-1.7.MOV
11 4(火),IMG_5879.MOV,20251109_1209-北-1.7.MOV
11 4(火),IMG_5881 (1).MOV,20251109_1210-北-1.7.MOV
11 4(火),IMG_5881 (2).MOV,20251105_0220-北-3.4.MOV
11 4(火),IMG_5882 (1).MOV,20251109_1211-北-1.7.MOV
11 4(火),IMG_5883 (1).MOV,20251109_1209-北-1.7.MOV
11 4(火),IMG_5883 (2).MOV,20251105_0220-北-3.4.MOV
11 4(火),IMG_5883.MOV,20251109_1209-北-1.7.MOV
11 4(火),IMG_5884 (1).MOV,20251109_1209-北-1.7.MOV
12 26,IMG_6118.MOV,20251227_0855-北北東-4.3.MOV
12 26,IMG_6119.MOV,20251227_0853-北北東-4.3.MOV
12 26,IMG_6120.MOV,20251227_0853-北北東-4.3.MOV
12 26,IMG_6121.MOV,20251227_0851-北北東-4.3.MOV
12 26,IMG_6122.MOV,20251227_0849-北北東-4.3.MOV
12 26,IMG_6123.MOV,20251227_0851-北北東-4.3.MOV
12 26,IMG_6124.MOV,20251227_0853-北北東-4.3.MOV
12 26,IMG_6125.MOV,20251227_0850-北北東-4.3.MOV
12 26,IMG_6126.MOV,20251227_0851-北北東-4.3.MOV
12 26,IMG_6127.MOV,20251227_0851-北北東-4.3.MOV
12 26,IMG_6128.MOV,20251227_0850-北北東-4.3.MOV
12 26,IMG_6129.MOV,20251227_0851-北北東-4.3.MOV
12 26,IMG_6130.MOV,20251227_0849-北北東-4.3.MOV
12 26,IMG_6131.MOV,20251227_0854-北北東-4.3.MOV
12 26,IMG_6132.MOV,20251227_0850-北北東-4.3.MOV
12 26,IMG_6134.MOV,20251227_0850-北北東-4.3.MOV
12 26,IMG_6136.MOV,20251227_0850-北北東-4.3.MOV
12 26,IMG_6137.MOV,20251227_0853-北北東-4.3.MOV
12 26,IMG_6138.MOV,20251227_0849-北北東-4.3.MOV
12 26,IMG_6139.MOV,20251227_0850-北北東-4.3.MOV
12 26,IMG_6140.MOV,20251227_0857-北北東-4.3.MOV
12 26,IMG_6141.MOV,20251227_0853-北北東-4.3.MOV
12 26,IMG_6142.MOV,20251227_0854-北北東-4.3.MOV
12 26,IMG_6143.MOV,20251227_0858-北北東-4.3.MOV
12 26,IMG_6146.MOV,20251227_0855-北北東-4.3.MOV
12 26,IMG_6147.MOV,20251227_0854-北北東-4.3.MOV
12 26,IMG_6149.MOV,20251227_0850-北北東-4.3.MOV
12 26,IMG_6150.MOV,20251227_0855-北北東-4.3.MOV
12 26,IMG_6151.MOV,20251227_0850-北北東-4.3.MOV
12 26,IMG_6153.MOV,20251227_0854-北北東-4.3.MOV
12 26,IMG_6154.MOV,20251227_0858-北北東-4.3.MOV
12 6(土),IMG_5840.MOV,20251208_1258-南南西-8.4.MOV
12 6(土),IMG_5841.MOV,20251208_1255-南南西-8.4.MOV
12 6(土),IMG_5842.MOV,20251208_1257-南南西-8.4.MOV
12 6(土),IMG_5843.MOV,20251208_1256-南南西-8.4.MOV
12 6(土),IMG_5845.MOV,20251208_1258-南南西-8.4.MOV
12 6(土),IMG_5846.MOV,20251208_1257-南南西-8.4.MOV
12 6(土),IMG_5847.MOV,20251208_1255-南南西-8.4.MOV
12 6(土),IMG_5849.MOV,20251208_1255-南南西-8.4.MOV
12 6(土),IMG_5852.MOV,20251208_1255-南南西-8.4.MOV
12月13日,IMG_2104.MOV,20251216_0208-北北東-2.4.MOV
12月13日,IMG_2109.MOV,20251216_0211-北北東-2.4.MOV
12月14,IMG_2122.MOV,20251216_0951-北北東-3.1.MOV
12月28日,IMG_4661.MOV,20251230_0022-南西-3.9.MOV
12月28日,IMG_4667.MOV,20251230_0022-南西-3.9.MOV
2 12(木),IMG_6784.MOV,20260212_1107-北-3.4.MOV
2 12(木),IMG_6785.MOV,20260212_1107-北-3.4.MOV
2 12(木),IMG_6786.MOV,20260212_1109-北-3.4.MOV
2 12(木),IMG_6787.MOV,20260212_1105-北-3.4.MOV
2 12(木),IMG_6788.MOV,20260212_1110-北-3.4.MOV
2 12(木),IMG_6790.MOV,20260212_1105-北-3.4.MOV
2 12(木),IMG_6793.MOV,20260212_1105-北-3.4.MOV
2 12(木),IMG_6798.MOV,20260212_1113-北-3.4.MOV
2 14（土）,IMG_6804.MOV,20260214_0840-北-1.8.MOV
2 14（土）,IMG_6805.MOV,20260214_0840-北-1.8.MOV
2 14（土）,IMG_6806.MOV,20260214_0841-北-1.8.MOV
2 14（土）,IMG_6807.MOV,20260214_0840-北-1.8.MOV
2 14（土）,IMG_6808.MOV,20260214_0840-北-1.8.MOV
2 14（土）,IMG_6809.MOV,20260214_0839-北-1.8.MOV
2 15(日),IMG_6838.MOV,20260215_1131-南南東-1.1.MOV
2 15(日),IMG_6846.MOV,20260215_1129-南-1.6.MOV
2 15(日),IMG_6847.MOV,20260215_1129-南-1.6.MOV
2 15(日),IMG_6848.MOV,20260215_1129-南-1.6.MOV
2 19(木),IMG_2484.MOV,20260219_1105-北北東-2.7.MOV
2 19(木),IMG_6901.MOV,20260219_1030-北北東-2.7.MOV
2 20(金),IMG_4637.MOV,20260221_0928-北-3.0.MOV
2 22日,IMG_2500.MOV,20260222_0959-北北東-1.2.MOV
2 22日,IMG_2502.MOV,20260222_0956-北北東-1.2.MOV
2 22日,IMG_2503.MOV,20260222_0958-北北東-1.2.MOV
2 22日,IMG_2505.MOV,20260222_0955-北北東-1.2.MOV
2 22日,IMG_2514.MOV,20260222_0955-北北東-1.2.MOV
2 27,IMG_4639.MOV,20260227_0959-北北東-4.5.MOV
2 7（土）,IMG_6682.MOV,20260207_0833-北北東-3.9.MOV
2 7（土）,IMG_6683.MOV,20260207_0833-北北東-3.9.MOV
2 7（土）,IMG_6684.MOV,20260207_0831-北北東-3.9.MOV
2 7（土）,IMG_6685.MOV,20260207_0831-北北東-3.9.MOV
2 7（土）,IMG_6686.MOV,20260207_0832-北北東-3.9.MOV
2 7（土）,IMG_6687.MOV,20260207_0831-北北東-3.9.MOV
2 7（土）,IMG_6689.MOV,20260207_0832-北北東-3.9.MOV
2 7（土）,IMG_6690.MOV,20260207_0833-北北東-3.9.MOV
2 7（土）,IMG_6691.MOV,20260207_0832-北北東-3.9.MOV
2 7（土）,IMG_6692.MOV,20260207_0832-北北東-3.9.MOV
2 7（土）,IMG_6694.MOV,20260207_0832-北北東-3.9.MOV
2 9(月),IMG_6717.MOV,20260212_1106-北-3.4.MOV
2 9(月),IMG_6720.MOV,20260212_1105-北-3.4.MOV
2 9(月),IMG_6733.MOV,20260212_1106-北-3.4.MOV
3 1(日),IMG_2613.MOV,20260301_2049-南南東-0.5.MOV
3 1(日),IMG_2614.MOV,20260301_2048-南南東-0.5.MOV
3 13(金),IMG_7241.MOV,20260314_0829-北北東-5.0.MOV
3 13(金),IMG_7242.MOV,20260314_0829-北北東-5.0.MOV
3 13(金),IMG_7243.MOV,20260314_0829-北北東-5.0.MOV
3 13(金),IMG_7244.MOV,20260314_0829-北北東-5.0.MOV
3 13(金),IMG_7245.MOV,20260314_0829-北北東-5.0.MOV
3 13(金),IMG_7246.MOV,20260314_0829-北北東-5.0.MOV
3 13(金),IMG_7249.MOV,20260314_0829-北北東-5.0.MOV
3 13(金),IMG_7251.MOV,20260314_0829-北北東-5.0.MOV
3 13(金),IMG_7252.MOV,20260314_0829-北北東-5.0.MOV
3 13(金),IMG_7253.MOV,20260314_0830-北北東-5.8.MOV
3 13(金),IMG_7256.MOV,20260314_0828-北北東-5.0.MOV
3 14(土),IMG_2969.MOV,20260314_1334-東-5.9.MOV
3 14(土),IMG_2972.MOV,20260314_1334-東-5.9.MOV
3 14(土),IMG_7266.MOV,20260314_0826-北北東-5.0.MOV
3 14(土),IMG_7267.MOV,20260314_0826-北北東-5.0.MOV
3 14(土),IMG_7268.MOV,20260314_0826-北北東-5.0.MOV
3 14(土),IMG_7269.MOV,20260314_0827-北北東-5.0.MOV
3 14(土),IMG_7270.MOV,20260314_0826-北北東-5.0.MOV
3 14(土),IMG_7272.MOV,20260314_0826-北北東-5.0.MOV
3 15(日),IMG_5739.MOV,20260315_1044-北-1.6.MOV
3 15(日),IMG_5747.MOV,20260315_1043-北-1.6.MOV
3 15(日),IMG_5750.MOV,20260315_1042-北-1.6.MOV
3 22(日),IMG_3079.MOV,20260322_2131-南西-3.9.MOV
3 22(日),IMG_3081.MOV,20260322_2127-南西-1.9.MOV
3 22(日),IMG_3084.MOV,20260322_2128-南西-1.9.MOV
3 22(日),IMG_3085.MOV,20260322_2127-南西-1.9.MOV
3 22(日),IMG_3086.MOV,20260322_2134-南西-3.9.MOV
3 22(日),IMG_3091.MOV,20260322_2128-南西-1.9.MOV
3 22(日),IMG_3098.MOV,20260322_2130-南西-3.9.MOV
3 27(金),IMG_5828.MOV,20260327_1010-北東-3.1.MOV
3 27(金),IMG_5831.MOV,20260327_1006-北東-3.1.MOV
3 27(金),IMG_5833.MOV,20260327_1007-北東-3.1.MOV
3 27(金),IMG_5839.MOV,20260327_1005-北東-3.1.MOV
3 28（土）,IMG_7339.MOV,20260328_0904-北東-1.8.MOV
3 28（土）,IMG_7340.MOV,20260328_0903-北東-1.8.MOV
3 28（土）,IMG_7341.MOV,20260328_0904-北東-1.8.MOV
3 28（土）,IMG_7342.MOV,20260328_0905-北東-1.8.MOV
3 28（土）,IMG_7344.MOV,20260328_0903-北東-1.8.MOV
3 28（土）,IMG_7346.MOV,20260328_0905-北東-1.8.MOV
3 28（土）,IMG_7347.MOV,20260328_0903-北東-1.8.MOV
3 29(日),IMG_4111.MOV,20260330_0309-北-3.8.MOV
3 29(日),IMG_4112.MOV,20260330_0230-北-3.8.MOV
3 29(日),IMG_4113.MOV,20260330_0231-北-3.8.MOV
3 29(日),IMG_4114.MOV,20260330_0231-北-3.8.MOV
3 29(日),IMG_4115.MOV,20260330_0230-北-3.8.MOV
3 29(日),IMG_4116.MOV,20260330_0230-北-3.8.MOV
3 29(日),IMG_4117.MOV,20260330_0231-北-3.8.MOV
3 29(日),IMG_4118.MOV,20260330_0231-北-3.8.MOV
3 29(日),IMG_4119.MOV,20260330_0230-北-3.8.MOV
3 29(日),IMG_4121.MOV,20260330_0308-北-3.8.MOV
3 29(日),IMG_4122.MOV,20260330_0232-北-3.8.MOV
3 29(日),IMG_4123.MOV,20260330_0308-北-3.8.MOV
3 29(日),IMG_4124.MOV,20260330_0230-北-3.8.MOV
3 29(日),IMG_4125.MOV,20260330_0230-北-3.8.MOV
3 29(日),IMG_4126.MOV,20260330_0230-北-3.8.MOV
3 29(日),IMG_4127.MOV,20260330_0231-北-3.8.MOV
3 29(日),IMG_4128.MOV,20260330_0308-北-3.8.MOV
3 29(日),IMG_4129.MOV,20260330_0308-北-3.8.MOV
3 29(日),IMG_4130.MOV,20260330_0308-北-3.8.MOV
3 29(日),IMG_4131.MOV,20260330_0309-北-3.8.MOV
3 29(日),IMG_4132.MOV,20260330_0308-北-3.8.MOV
3 29(日),IMG_4133.MOV,20260330_0231-北-3.8.MOV
3 29(日),IMG_4134.MOV,20260330_0231-北-3.8.MOV
3 29(日),IMG_4135.MOV,20260330_0308-北-3.8.MOV
3 29(日),IMG_4136.MOV,20260330_0308-北-3.8.MOV
3 29(日),IMG_4138.MOV,20260330_0230-北-3.8.MOV
3 29(日),IMG_4139.MOV,20260330_0230-北-3.8.MOV
3 29(日),IMG_4140.MOV,20260330_0232-北-3.8.MOV
3 29(日),IMG_4142.MOV,20260330_0230-北-3.8.MOV
3 29(日),IMG_4143.MOV,20260330_0309-北-3.8.MOV
3 29(日),IMG_4144.MOV,20260330_0231-北-3.8.MOV
3 29(日),IMG_4145.MOV,20260330_0309-北-3.8.MOV
3 29(日),IMG_4146.MOV,20260330_0231-北-3.8.MOV
3 29(日),IMG_4147.MOV,20260330_0230-北-3.8.MOV
3 29(日),IMG_4148.MOV,20260330_0309-北-3.8.MOV
3 29(日),IMG_4149.MOV,20260330_0232-北-3.8.MOV
3 29(日),IMG_4151.MOV,20260330_0230-北-3.8.MOV
3 29(日),IMG_4152.MOV,20260330_0308-北-3.8.MOV
3 29(日),IMG_4153.MOV,20260330_0309-北-3.8.MOV
3 29(日),IMG_4154.MOV,20260330_0230-北-3.8.MOV
3 29(日),IMG_4155.MOV,20260330_0231-北-3.8.MOV
3 29(日),IMG_4156.MOV,20260330_0231-北-3.8.MOV
3 29(日),IMG_4159.MOV,20260330_0230-北-3.8.MOV
3 29(日),IMG_4160.MOV,20260330_0231-北-3.8.MOV
3 29(日),IMG_4161.MOV,20260330_0308-北-3.8.MOV
3 29(日),IMG_4162.MOV,20260330_0231-北-3.8.MOV
3 29(日),IMG_4163.MOV,20260330_0231-北-3.8.MOV
3 29(日),IMG_4164.MOV,20260330_0231-北-3.8.MOV
3 29(日),IMG_4165.MOV,20260330_0230-北-3.8.MOV
3 29(日),IMG_4166.MOV,20260330_0231-北-3.8.MOV
3 29(日),IMG_4168.MOV,20260330_0309-北-3.8.MOV
3 5(木),IMG_6599.MOV,20260306_1539-南南東-0.9.MOV
3 5(木),IMG_6600.MOV,20260306_1540-南南東-0.9.MOV
3 5(木),IMG_6601.MOV,20260306_1540-南南東-0.9.MOV
3 5(木),IMG_6602.MOV,20260306_1540-南南東-0.9.MOV
3 5(木),IMG_6603.MOV,20260306_1541-南南東-0.9.MOV
3 7（土）,IMG_7124.MOV,20260307_0852-北北東-3.9.MOV
3 7（土）,IMG_7148.MOV,20260307_1113-北東-2.2.MOV
3 7（土）,IMG_7171.MOV,20260307_0852-北北東-3.9.MOV
3 7（土）,IMG_7175.MOV,20260307_0852-北北東-3.9.MOV
3 7（土）,IMG_7176.MOV,20260307_0852-北北東-3.9.MOV
3 7（土）,IMG_7179.MOV,20260307_0852-北北東-3.9.MOV
3 7（土）,IMG_7180.MOV,20260307_0857-北北東-3.9.MOV
3 7（土）,IMG_7181.MOV,20260307_0852-北北東-3.9.MOV
3 7（土）,IMG_7182.MOV,20260307_0852-北北東-3.9.MOV
3 7（土）,IMG_7183.MOV,20260307_0852-北北東-3.9.MOV
3 7（土）,IMG_7185.MOV,20260307_0857-北北東-3.9.MOV
3 7（土）,IMG_7187.MOV,20260307_0855-北北東-3.9.MOV
3 7（土）,IMG_7189.MOV,20260307_0854-北北東-3.9.MOV
3 7（土）,IMG_7190 (1).MOV,20260307_0856-北北東-3.9.MOV
3 7（土）,IMG_7190.MOV,20260307_0856-北北東-3.9.MOV
4 12(日),IMG_3192.MOV,20260525_1420-南西-2.1.MOV
4 12(日),IMG_3194.MOV,20260525_1421-南西-2.1.MOV
4 12(日),IMG_3196.MOV,20260525_1421-南西-2.1.MOV
4 12(日),IMG_3201.MOV,20260525_1420-南西-2.1.MOV
4 12(日),IMG_3202.MOV,20260525_1422-南西-2.1.MOV
4 26(日),IMG_6287.MOV,20260427_0531-北北西-5.9.MOV
4 26(日),IMG_6288.MOV,20260427_0532-北北西-5.9.MOV
4 26(日),IMG_6292.MOV,20260427_0532-北北西-5.9.MOV
4 26(日),IMG_6293.MOV,20260427_0532-北北西-5.9.MOV
4 26(日),IMG_6296.MOV,20260426_0915-北北東-1.8.MOV
4 26(日),IMG_6298.MOV,20260427_0531-北北西-5.9.MOV
4 26(日),IMG_6301.MOV,20260426_0915-北北東-1.8.MOV
5 23(土),IMG_3408.MOV,20260525_0539-北北東-2.2.MOV
5 23(土),IMG_3409.MOV,20260525_0539-北北東-2.2.MOV
5 23(土),IMG_3410.MOV,20260523_1533-北東-3.5.MOV
5 23(土),IMG_3411.MOV,20260525_0538-北北東-2.2.MOV
5 23(土),IMG_3414.MOV,20260525_0451-北北東-1.2.MOV
5 24(日),IMG_3416.MOV,20260524_1515-南南西-1.5.MOV
5 30(土),IMG_5343.MOV,20260531_1507-南南西-2.2.MOV
5 31(日),0D634983-519A-4994-96A0-B9FE8D825A81.MP4,20260531_1510-南南西-2.2.MP4
5 31(日),71B18DD5-CABD-4FDD-9EC8-6606DC337A20.MP4,20260531_1510-南南西-2.2.MP4
6 14(日),PXL_20260614_070100298.mp4,20260614_1601-南-2.7.mp4
6 15(日),IMG_2047.MOV,20260614_1510-南-3.9.MOV
6 15(日),IMG_2048.MOV,20260614_1510-南-3.9.MOV
6 15(日),IMG_2049.MOV,20260614_1510-南-3.9.MOV
6 15(日),IMG_2050.MOV,20260614_1510-南-3.9.MOV
6 15(日),IMG_2051.MOV,20260614_1512-南-3.9.MOV
6 15(日),IMG_2052.MOV,20260614_1512-南-3.9.MOV
6 6(土),IMG_6784.MOV,20260606_0952-北東-3.0.MOV
6 6(土),IMG_6785.MOV,20260606_0949-北東-3.0.MOV
7 18(土),IMG_8036.MOV,20260718_2202-南-3.2.MOV
7 18(土),IMG_8037.MOV,20260718_2201-南-3.2.MOV
7 18(土),IMG_8038.MOV,20260718_2202-南-3.2.MOV
7 18(土),IMG_8039.MOV,20260718_2200-南-3.2.MOV
7 18(土),IMG_8040.MOV,20260718_2204-南-3.2.MOV
7 18(土),IMG_8041.MOV,20260718_2201-南-3.2.MOV
7 18(土),IMG_8042.MOV,20260718_2203-南-3.2.MOV
7 18(土),IMG_8043.MOV,20260718_2200-南-3.2.MOV
7 18(土),IMG_8044.MOV,20260718_2201-南-3.2.MOV
7 18(土),IMG_8045.MOV,20260718_2201-南-3.2.MOV
7 18(土),IMG_8046.MOV,20260718_2200-南-3.2.MOV
7 18(土),IMG_8047.MOV,20260718_2203-南-3.2.MOV
7 18(土),IMG_8049.MOV,20260718_2204-南-3.2.MOV
7 19(日),IMG_3281.MOV,20260719_1127-南-2.4.MOV
7 19(日),IMG_3283.MOV,20260719_1127-南-2.4.MOV
7 30(木),IMG_3386 (1).MOV,20260803_1234-北-3.6.MOV
7 31(金),IMG_3746.MOV,20260731_1227-南南西-2.9.MOV
7 31(金),PXL_20260731_005703948.mp4,20260731_0957-南南西-3.5.mp4
7 4(土),IMG_4887.MOV,20260705_1020-西南西-1.4.MOV
7 4(土),IMG_4888.MOV,20260705_1020-西南西-1.4.MOV
7 4(土),IMG_4889.MOV,20260705_1020-西南西-1.4.MOV
7 4(土),IMG_4890.MOV,20260705_1020-西南西-1.4.MOV
7 4(土),IMG_4891.MOV,20260705_1020-西南西-1.4.MOV
7 4(土),IMG_4892.MOV,20260705_1020-西南西-1.4.MOV
7 4(土),IMG_4893.MOV,20260705_1020-西南西-1.4.MOV
8 1(土),PXL_20260801_025006675.mp4,20260801_1150-南-4.2.mp4
8 2(日),IMG_7392.MOV,20260802_2348-北北東-3.5.MOV
8 2(日),IMG_7394.MOV,20260802_2348-北北東-3.5.MOV
8 5(水),IMG_8915.MOV,20260805_1224-北東-4.2.MOV
8 5(水),IMG_8916.MOV,20260805_1223-北東-4.2.MOV
8 5(水),IMG_8918.MOV,20260805_1230-東-4.9.MOV
8 5(水),IMG_8920.MOV,20260805_1228-北東-4.2.MOV
8 5(水),IMG_8923.MOV,20260805_1226-北東-4.2.MOV
8 5(水),IMG_8924.MOV,20260805_1220-北東-4.2.MOV
8 5(水),IMG_8926.MOV,20260805_1222-北東-4.2.MOV
8 5(水),IMG_8930.MOV,20260805_1220-北東-4.2.MOV
8 5(水),IMG_8934.MOV,20260805_1227-北東-4.2.MOV
8 5(水),IMG_8936.MOV,20260805_1227-北東-4.2.MOV
8 5(水),IMG_8939.MOV,20260805_1231-東-4.9.MOV
8 5(水),IMG_8941.MOV,20260805_1229-北東-4.2.MOV
8 8(土),IMG_3796.MOV,20260808_1553-南南西-6.1.MOV
8 8(土),IMG_3797.MOV,20260808_1550-南南西-6.1.MOV
8 9(日),IMG_7461.MOV,20260809_1057-南南西-3.4.MOV
8 9(日),IMG_7464.MOV,20260809_1056-南南西-3.4.MOV
8 9(日),IMG_7465.MOV,20260809_1056-南南西-3.4.MOV
8 9(日),IMG_7467.MOV,20260809_2156-北北西-3.1.MOV
8 9(日),IMG_7472.MOV,20260809_2258-北-3.7.MOV
ファミリーデイ,IMG_7836.MOV,20260705_1005-西南西-1.4.MOV
ファミリーデイ,IMG_7849.MOV,20260705_1006-西南西-1.4.MOV
ファミリーデイ,IMG_7853.MOV,20260705_1021-西南西-1.4.MOV
ファミリーデイ,IMG_7865.MOV,20260705_1005-西南西-1.4.MOV
ファミリーデイ,IMG_7869.MOV,20260705_1021-西南西-1.4.MOV
ファミリーデイ,IMG_7870.MOV,20260705_1005-西南西-1.4.MOV
ファミリーデイ,IMG_7871.MOV,20260705_1021-西南西-1.4.MOV
ファミリーデイ,IMG_7877.MOV,20260705_1005-西南西-1.4.MOV
ファミリーデイ,IMG_7878.MOV,20260705_1021-西南西-1.4.MOV
ファミリーデイ,IMG_7879.MOV,20260705_1021-西南西-1.4.MOV
ファミリーデイ,IMG_7880.MOV,20260705_1005-西南西-1.4.MOV
ファミリーデイ,IMG_7889.MOV,20260705_1005-西南西-1.4.MOV
ファミリーデイ,IMG_7891.MOV,20260705_1005-西南西-1.4.MOV
ファミリーデイ,IMG_7892.MOV,20260705_1005-西南西-1.4.MOV
