title,likely_folder,cloud_id_drivefs
IMG_6426.MOV,1 12（月）,1zXhRbsGPH0pdPc8kNHnbBICr8ymDvGwu
IMG_6427.MOV,1 12（月）,113DmlfiJjHQP8ZYa6mwrMxEbPiV-U4pn
IMG_6428.MOV,1 12（月）,13AKAjm43sJmHx5JawvzQZLl0f2cvxmvg
IMG_6432.MOV,1 12（月）,1rm8OYEKYEzgB6B19EwiI9Z_CuaM16Vaf
IMG_6434.MOV,1 12（月）,1BvfwZvryT84v-RweOkGXcKSJ3RJ7uztE
IMG_6435.MOV,1 12（月）,1xnnRsVjsXdQAK4pZlHsCy0VySWtwonn-
IMG_6485.MOV,1 18（日）,1NwUiflNLVndr7FxQ5bbLJFRSJ5vMktuS
IMG_6490.MOV,1 18（日）,1pXjhHTLVDLj1zovp7j_Lihg-T33kfysH
IMG_6495.MOV,1 18（日）,1rSdYMV0jBx9X9ZlwSEtJcxyEzEM0ht4K
IMG_6497.MOV,1 18（日）,1yTlhlxTHEUAOtNOUz8uBmKaHK2ams5Zh
IMG_6504.MOV,1 18（日）,1TFElFef6KxTDYYFY3z_oEuU7s_ndcbcz
IMG_6588.MOV,1 28(水),1-N23gWJRNWad3Zoa3XiMm-8Re62ohEHV
IMG_6593.MOV,1 28(水),1lH8d0s2ux-TO6j8A3cuyL5GQ1AIXKSct
IMG_6594.MOV,1 28(水),1TeYd697OAUWLOuvZyn08sz8Ql0ZOP-Yi
IMG_5751.MOV,1 29(木),10Ir0HFRvzLd5v4qhsGJ6enqO-SMwR7NQ
IMG_1741.MOV,10 26(日),1NMS8EZWqKGaKIXfgi95ew932LyTM71WK
IMG_1743.MOV,10 26(日),130ldILlGHoFGOzVEQv-LnHUPv76YKkWa
IMG_1746.MOV,10 26(日),1LAdPi3mV_wwxnXLqI3ETYqy0Kr_ml-U2
IMG_1748.MOV,10 26(日),1pgP1yZVdBlrO4PdjKOVmqJN04_7oCKEg
IMG_1764.MOV,10 26(日),1GQ-pFVdhDgLm3NLei5VaJXHa9lUS7gGs
IMG_1912.MOV,11 16(日),1nYhIXjiiejuiewYUC8q0qrCYEhh9y9j0
IMG_5552.MOV,11 30(日),16tO-6z15tWhQXdZiDHCubsTIhd1go7nq
IMG_1805.MOV,11 4(火),1xNCeA5jVoyexv3MoVCrMngFCTqV32l8U
IMG_1806.MOV,11 4(火),138BiWPU4lHYojA35Hu4PAnBtEgHOiVJ3
IMG_1806.MOV,11 4(火),1zhzwh4kQNqswTWh8j1oVeWNSI6SoQbwG
IMG_1806.MOV,11 4(火),1pn7WQj128kRnk-7xllSd9zgkOXiWPvnr
IMG_1807.MOV,11 4(火),1A1HR_pjWRCyrMzT1cJL89Ie3oAhn8bq4
IMG_1808.MOV,11 4(火),1EQxSrU4R_w_upsOJO58ax90HCaYsJdEa
IMG_1808.MOV,11 4(火),1ws0DGGli6NzqtTk8s782CEt2gCP3A0E5
IMG_1808.MOV,11 4(火),1mfjmSgemKJ02upRPtpp-xfBs8NkiCupk
IMG_1810.MOV,11 4(火),1Abk9PQw_rDm27rB4uRNG6lOzzWD7uS9j
IMG_1811.MOV,11 4(火),1Z8wwIbZdMkLJtaW13CjmceyEapzthi2B
IMG_1812.MOV,11 4(火),1UBfybK7Q-WuvU8i7mlI6qSHVqpI8Z1Cz
IMG_1812.MOV,11 4(火),1q5jjvr_CgWNbqSUZ-1uHARhqfGD-wT95
IMG_1812.MOV,11 4(火),1DZJVpTfETk0oSSGkqisnHcpvRw8CMi1A
IMG_1813.MOV,11 4(火),1beX9iPTF-LKLEulGNBAi2vMzHlKHBFpz
IMG_1815.MOV,11 4(火),1Qtu2VBm5jEixx58Hwy3Nbn1Ge4eVFhiN
IMG_1816.MOV,11 4(火),1Ih-YZRyg0AY4XmWcuhp_rEnwcl-2TTmg
IMG_5866.MOV,11 4(火),1cgwaExwYHz006bA0upAfxLuFbxUyUstc
IMG_5866.MOV,11 4(火),1h_GeGHuXKlMvyRQjjI4uRLH4PvtgCUZq
IMG_5867.MOV,11 4(火),1Juw6Cv6zxPsPrrGW3-RVjsDsKJ3lm28H
IMG_5867.MOV,11 4(火),1nAeHKBqoudGU-7-TO8gIczBRUDlG7YSM
IMG_5868.MOV,11 4(火),1aq_7ZEqWCmPmTdyZVS66Ji4ewLxcKK1n
IMG_5868.MOV,11 4(火),1qnBJPDjyTi-LS2N9Mi0VUKIavqBYGnnv
IMG_5869.MOV,11 4(火),1soeJ7qvg0QbafGDba9MUODgBk_cnF3SG
IMG_5869.MOV,11 4(火),1k1T7REGx-wflMS0cLmARHe7Z536IE5AT
IMG_5870.MOV,11 4(火),19rAhpWBiobfXKyF-XqapRlWC_00ZXnYM
IMG_5872.MOV,11 4(火),1MwzWj6GmN228qcU1OfribmC_cyvW-jIH
IMG_5872.MOV,11 4(火),1dUSSw9-nk3NbDeyT4opeUXe44wfnfuob
IMG_5873.MOV,11 4(火),1d-3-XN59PCVofyqlp5DRUlGPRUEyBUck
IMG_5873.MOV,11 4(火),1v2-eICUhSrQI0RAI-BD4QKJ2EJ59D4sA
IMG_5874.MOV,11 4(火),1J3dJCJB-mPodhLTGC6KOLKWev3TKak2x
IMG_5875.MOV,11 4(火),1HIP80g3vrOe14PDnMBuKweZAfbVSDtwt
IMG_5875.MOV,11 4(火),18A4qD3WWNYpyCZL3SvfUrk9oJoijNefo
IMG_5875.MOV,11 4(火),1ABQaGIXYT80ZYyGSDeD3bhMtp2rOViPl
IMG_5876.MOV,11 4(火),1eVSPGjBaFiyn8c4aO6MsLIVSZCKtuFGQ
IMG_5876.MOV,11 4(火),15tcN9Y4fo32l40dz9hUtxRlXERy3Y_uC
IMG_5876.MOV,11 4(火),1V7GasUrJs-FjVOxE7eHQJywVLzu8n2Vv
IMG_5877.MOV,11 4(火),1tLD8rwfZ-4HBLmdIrfg2SYa4Tmnuq6SB
IMG_5877.MOV,11 4(火),1wu98lD28VAPBLBZq210s8lEWZtqt-0PH
IMG_5877.MOV,11 4(火),1nGy2fk-Am_17jfNdgbDt72krgtr1JJuy
IMG_5878.MOV,11 4(火),1HLIJikPoZ4OR8fxhQLVsE-gVZIOcJI4f
IMG_5878.MOV,11 4(火),1HHJr57QwMTjMcbLY3139skf3pEw5xgog
IMG_5878.MOV,11 4(火),157f9XOfJE6ytAXmw4cgCavZFQ21XybuE
IMG_5879.MOV,11 4(火),1OTk_D8bJh1ILeJDFHUkUIT1tzofUFkQk
IMG_5879.MOV,11 4(火),1k982tde8oKpfJBgajaYi2sWKr8Sr2syC
IMG_5883.MOV,11 4(火),1t00aYjPkH-X84AknfD0s-WwM-zxF8P3V
IMG_5883.MOV,11 4(火),1RB6uOJVhhT9PryOsLbLtwua4MxYsSbd4
IMG_5883.MOV,11 4(火),1ABikgrugq7elirUKqqspw6rV-VDZF9nx
IMG_6118.MOV,12 26,1hAcLy-VGP4YitX8Rf4tXKDuPAQmMDap2
IMG_6119.MOV,12 26,1trWhifjE3w-9V8dvsce8WFDj-VZ5n2aQ
IMG_6120.MOV,12 26,1AXfdKVd7b8uq8Hj7u9SEXfPSihWAWV38
IMG_6121.MOV,12 26,1plKQVDUQZe5z1Jg9I6kPZuBLzKpAMjbp
IMG_6122.MOV,12 26,1egxvqWSZ-Snb4Ofe7SXYiZwp-MxWhBD8
IMG_6123.MOV,12 26,1V1rL4SSduXzFtupx8pJsu-07Fhla4wNZ
IMG_6124.MOV,12 26,115oLLvEnZA8b21ZmJo7cpyICvf31Nl_F
IMG_6125.MOV,12 26,1T4h0pJ5BAmrMhPT0Zi4SC2B5glxX9LOH
IMG_6126.MOV,12 26,1zCVZm-0kQmBMOSeqX3X5GeevnLJRcpXV
IMG_6127.MOV,12 26,1qxO7RJD-gYuvgmSbPEELieIs6tKiEout
IMG_6128.MOV,12 26,1LYRkJVPuWt-BWLldagUZRwFsYa-AJpbs
IMG_6129.MOV,12 26,1JdD8bXcijCQOh1dU9MXlsp6_hP_eiYoH
IMG_6130.MOV,12 26,1BfuPiZbaAz3OAb6TTnJNMCzZSSe00N8P
IMG_6131.MOV,12 26,19JbHDCUcnDsWptgDKdY8xMG0HyqmWq3o
IMG_6132.MOV,12 26,18-SZgSIcDes-STOpZQdkIqvrOVEw7Wm_
IMG_6134.MOV,12 26,1O8-p1_Ihr0YLCN-ZlX8toPPHWKQi7sCu
IMG_6136.MOV,12 26,18MDdv0Dh6_jCPwq_3ebgV-2toVv-Ga6R
IMG_6137.MOV,12 26,1Kwy1z1arCh_A5NiGaoMnLq9shzLgsJuZ
IMG_6138.MOV,12 26,18pK4v0frToca_gjfTFRC_JcZ_3NKWAtP
IMG_6139.MOV,12 26,1m4PacJWGouJaeB04YIl0jPBHgYRTyPDd
IMG_6140.MOV,12 26,1q6u5wO-3o8ZTwNT1LA0JjK4SI8c_W5_L
IMG_6141.MOV,12 26,1XN9CJwe22GQagmErpbhPMNUWepOJb4Yj
IMG_6142.MOV,12 26,1vltyedIFMhdb4dsTdkWTOVV3kJG3zLt2
IMG_6143.MOV,12 26,11P63I1w3-BmdZ1bAs7C2DOdfbBCmOu9s
IMG_6146.MOV,12 26,1n_jsk-knhH1NQ5w3XZNNSHX7-5HpwZPh
IMG_6147.MOV,12 26,192vLGrQSogFyrSDTr0Ec4pD0LDD6sft9
IMG_6149.MOV,12 26,10SrYbMGkIVfBWQqoyjtzHpgypP43z-Qp
IMG_6150.MOV,12 26,1gyCSjcPgsxMe9_1xn4C6l1CN-oOgjEf_
IMG_6151.MOV,12 26,17ia_dLAhbt5L3rgk2nGLhakb7tUVTYiR
IMG_6153.MOV,12 26,1x0cCElnlB4YrM0rgYE2a-myRK3LoXTk-
IMG_6154.MOV,12 26,1lKco1kAv6yAuGR3qSYvNB5N1X4CJeREm
IMG_5840.MOV,12 6(土),1FwW9Z3hHHYThl0WMlaHY2ARZ0Ie6ZfSg
IMG_5841.MOV,12 6(土),1WIbyWZ7v2vbSU9llDeKMkwRVl-uSDeCe
IMG_5842.MOV,12 6(土),1jnGAg7z4Kh0A_iuWxTsjUhqo22IEuK8y
IMG_5843.MOV,12 6(土),1rtOhJCrc2gVatyuSHkizJQGPJ-Ie2Hur
IMG_5845.MOV,12 6(土),1kHmmOIDihIg-9I22xneKMKRWskjxDZZX
IMG_5846.MOV,12 6(土),1XD2q_p1no-PK5Qdqhg0Q36fbTaCIKW27
IMG_5847.MOV,12 6(土),1P1QxG0W8XJx36wmUVCe6orf5EKRRo6G5
IMG_5849.MOV,12 6(土),1uVvTWbk_Bjz2WiixC0DKFs2It2W6_ec0
IMG_5852.MOV,12 6(土),15NVWYaTjro88Y9zxtEXVjKixVOyYxjDj
IMG_2104.MOV,12月13日,1l7teSSGS_fQwa2_0ZGASfDgkcIBNFObH
IMG_2109.MOV,12月13日,1He6nE-GJfH5xmacqD0x_kVNiUOOl0CJH
IMG_2122.MOV,12月14,1aQ1B5bmgMivzvR7ENZbHcfgjVR8XQA-R
IMG_6786.MOV,2 12(木),1be0bnLV1LQovodbVEAhUMZdzugMQd9Hg
IMG_6787.MOV,2 12(木),1F01TooMnB3pbEtkhDX-nWl9Bt_99iU71
IMG_6788.MOV,2 12(木),1ICoA0AcKMwXkwiCp_rB9MD32JmIVHmmZ
IMG_6790.MOV,2 12(木),1XH2C41g97w5PNNmCb8USlRd0Fz0NJBZm
IMG_6793.MOV,2 12(木),154_grdk0SkJshbEjzEMnXW341a8VwgfX
IMG_6798.MOV,2 12(木),1-hOvGuxkEnnKO1R6Aee3jjp-Ys7ekF_q
IMG_6784.MOV,2 12(木)/6 6(土),1EKXhIeJXkle3Zv8wqhayapv08lfQz5T_
IMG_6784.MOV,2 12(木)/6 6(土),1AOOe2HlU89XdpPYc2znp5aTajTon_BIs
IMG_6785.MOV,2 12(木)/6 6(土),1Gd1FqiaRKkaT04a3Y-uAhu35bvPWzEja
IMG_6785.MOV,2 12(木)/6 6(土),1ocrxh4lVNmqsVFs4iYRibJRB3PWWFwiQ
IMG_6804.MOV,2 14（土）,19ajgnNPZ3kMz3CdShdklrA2jZryf3mre
IMG_6805.MOV,2 14（土）,1KXA8mKcEvstwcKYoCXAKnaHWfF2T8Zcd
IMG_6806.MOV,2 14（土）,1N2x8PSa5tBGEDtnb7bWACuMQGNo6SKvV
IMG_6807.MOV,2 14（土）,1UDE3GGyxJ2vtutx1zFaB2C5UkErRfSJ1
IMG_6808.MOV,2 14（土）,1FL0S6oXea0NpxlKNddmbt5IgvLKovje6
IMG_6809.MOV,2 14（土）,1V_bqUkDYo-tcYzyUiNOwJpk6SgzIVFtM
IMG_6838.MOV,2 15(日),14r8-LgAkbjMCZgl_5oefqrdJyNjzfIe0
IMG_6846.MOV,2 15(日),1NDl1CmFqfKJHANxgcywrCjpORn3F-b_E
IMG_6847.MOV,2 15(日),13QtK10Fo8fad6BcPrYU4gPitg_OQeEaI
IMG_6848.MOV,2 15(日),1AkQnztZ2xNlksvVG-zUm41C9n94U6j5V
IMG_2484.MOV,2 19(木),1ftWSo-diUZ7AuFqAaOd9SMAo66rHHUMO
IMG_6901.MOV,2 19(木),1s0ZrjL2K9wE6VYrrSf4IHeESsV7YwzzT
IMG_2500.MOV,2 22日,11DwQ7sAbMDMZvDfGkBeRJ8vBxAq4ypV7
IMG_2502.MOV,2 22日,1d01XbV6Oh4Ns0k0q9UCCL4jV-4dQlOi5
IMG_2503.MOV,2 22日,147rNtDZXOgnAJQyOQ2rW50vo_CUYxga3
IMG_2505.MOV,2 22日,1TS4oR9SAIi71-3nborf-Ke4zS3O-RjtG
IMG_2514.MOV,2 22日,1Vergbn5MN3Wz-YmQ32-VWv-swU-7ZLEb
IMG_6682.MOV,2 7（土）,124KLw3uhRv_sQPtkLV47AZH4nqs2wQ7q
IMG_6683.MOV,2 7（土）,11OTObh3Y9zaTnmSxOf52JYvLdyt_HifI
IMG_6684.MOV,2 7（土）,1WNweNqoBPHKmkL1vrTzwFru7qplcNARM
IMG_6685.MOV,2 7（土）,1skksuGWbbq9esOm3wK2xgZ8BzP1hRNkU
IMG_6686.MOV,2 7（土）,1suj3OT0hj2YlFSEPprjJ3xTMi1KnYtig
IMG_6687.MOV,2 7（土）,1O8pC8r91QXHkubEFodyvG4AbTJjOZrW1
IMG_6689.MOV,2 7（土）,1q80qYBMnjvY4xeRWBGWIwxuDFoXTqEyI
IMG_6690.MOV,2 7（土）,1Ct21Gu5b5CgGDuJ_HBY0xr7ScpBTQYBX
IMG_6691.MOV,2 7（土）,1vgi7kA36sxnBe5m6IKWabHnWcPcqVqKG
IMG_6692.MOV,2 7（土）,1q6A0LAzfm0JC5pkMASeF7aqoQYkX55NA
IMG_6694.MOV,2 7（土）,1r9Gkf-iPwdjXRt4ppGmAiWJsj6YbkavM
IMG_6717.MOV,2 9(月),12aVMlaG0DK00zFNPiaJHX85VUCwuz7rG
IMG_6720.MOV,2 9(月),1secKns4TKGPThXOBZw6igkI0JsqX_DVU
IMG_6733.MOV,2 9(月),1VLKxX_M5aQ6Zh8Cv173jgyv-m6G_yoWo
IMG_2613.MOV,3 1(日),1oGHPY-vptVNN39oWGjMgOxKDxZFh7p0A
IMG_2614.MOV,3 1(日),1QbvIAyQKXjERjlkxvVqQlz0ojRnmLQtb
IMG_7241.MOV,3 13(金),1fdLy4bGvEDKoLMahIDfIcwiidsBovRlJ
IMG_7242.MOV,3 13(金),1tdz0wctK7kYQgN1LXBEalHjZ0i7rNdit
IMG_7243.MOV,3 13(金),1nkb8l1PccFxNpr6HspzoODgckRKBxOaZ
IMG_7244.MOV,3 13(金),1PdC0nysQ7S1PJ6j3OmaABwoD_DbmLIsq
IMG_7245.MOV,3 13(金),1k7WFcNSQCquU_ZGBEPT5Z693JDK19dcC
IMG_7246.MOV,3 13(金),1OVcLcKnrj3t2bu6bawt-Hl6l-WYhnRkY
IMG_7249.MOV,3 13(金),1wMZCKxqP2QzPyt9yvxjzzPNQruxdtWmx
IMG_7251.MOV,3 13(金),1NiAVVfLNuQNf7W7WSARsmlgb70eQh_db
IMG_7252.MOV,3 13(金),1Y6RnTVoB_gSbIppBuXNKoBbkFNR_JH7T
IMG_7253.MOV,3 13(金),1x9LJPhnppC41qaZvHmeVoJ_8IpGWOjnj
IMG_7256.MOV,3 13(金),1lJZKiGpjCHxJjk2sFj4O71vFAFuwBeZl
IMG_2969.MOV,3 14(土),1qDV-AY4IKUYErW0NVb6TdB-Q4VfbkZ45
IMG_2972.MOV,3 14(土),1QJEd49_T2r2vGevfU6Ypv_7DvHJBwf_R
IMG_7266.MOV,3 14(土),1RyLfmHvRuJf37N3wFY8moSN4fsWgXGpZ
IMG_7267.MOV,3 14(土),1zfz6BTFYLh6z1WqEUCxSWlCDoP_wzN1P
IMG_7268.MOV,3 14(土),1aaZQykxLIthOH_FmmdiyUm5ZXSsAITqE
IMG_7269.MOV,3 14(土),1PooS_k3Xe50axiW8YK1c1wzh1-TIfTdv
IMG_7270.MOV,3 14(土),15b0NF-w6vLxnIH_pPoapAYc58LxLz3de
IMG_7272.MOV,3 14(土),1oozs6VbxCwPRLXnNJtgFHFQO9pU4vqei
IMG_5739.MOV,3 15(日),1iuZPcy7DbYGD_ZjZVc1r6U0_ljfzZ6fr
IMG_5747.MOV,3 15(日),125AFCHCmF85A0Fe9PlTxOMFHPfldh3wm
IMG_5750.MOV,3 15(日),1KzdmyP9m-Y9i2fDr_EtQ5MfzdLtI_NdM
IMG_3079.MOV,3 22(日),1nttJsfsaB-RxL27r8eM6w1iyFhX1UOPE
IMG_3081.MOV,3 22(日),1iXETzimJDM4wW2PwuvsKIxb1lbqVteoO
IMG_3084.MOV,3 22(日),1M_ACWdQcc2_t-p5rCBfBnol7dfqaK4Ve
IMG_3085.MOV,3 22(日),1AVXRBrbv6IineL3Zpb_Qm0l1Tdzd1M8m
IMG_3086.MOV,3 22(日),182lzxkHXvwNHDxwo5eJgHgFuC1EEMql2
IMG_3091.MOV,3 22(日),10UkgNoHcxu16687r3LGQt3E8yCcPyNtj
IMG_3098.MOV,3 22(日),1tdpARelGscV5kTXhirdDnONJdeSCBMqS
IMG_5828.MOV,3 27(金),1vsESkwdPr1dXfJ7SEKlE-eYAV0YCIUNb
IMG_5831.MOV,3 27(金),1RWvnIOVEHVZ0um6oxYSWWrrFjMn-8APq
IMG_5833.MOV,3 27(金),1RzXWq47jKr6J19j1oUU7Uq5SBtvVnHC7
IMG_5839.MOV,3 27(金),1kHKZbZWjalEMJfYBp4KP2fy40RpdOsDd
IMG_7339.MOV,3 28（土）,1V_CYuxLazfAO2l-n4kDlav3gzDPbnxsr
IMG_7340.MOV,3 28（土）,1phI4qMw2t_TlaWt_2W3ngb3-kuZTh9Vf
IMG_7341.MOV,3 28（土）,1g73uVZ3QU1QWxbDcDgRSKchpS80duvTE
IMG_7342.MOV,3 28（土）,18aXsYNM-Et9wru0gqG81X7pfyaC1lZBz
IMG_7344.MOV,3 28（土）,1Q--F55Fci_Lw2eEd_nZmnA0P1fOpOZ01
IMG_7346.MOV,3 28（土）,1XXVE01Vxmg5HtggJmwp2UNLCDAf4s12W
IMG_7347.MOV,3 28（土）,1HWbGLBU0OG-lJK258Ao1JkG9VBHrTGjK
IMG_4111.MOV,3 29(日),16wKc5OecZ5TbEhnHNEG50sHiH8jfllmB
IMG_4112.MOV,3 29(日),1sQ__itOUVW-v9gnVoyW_QNVhy2L7yee_
IMG_4113.MOV,3 29(日),1zZvqNoWRdy_O6eawyZy4Xt-asoU3OwuT
IMG_4114.MOV,3 29(日),1NqDo907abyUaidRw7OyodNhLAhmunEkE
IMG_4115.MOV,3 29(日),1338CdrgZk2N8Gkz-RIDAS-yeUxoJVSR1
IMG_4116.MOV,3 29(日),1xyIf5wW8c74mxw_jjt_pX2s8uNx6hWrY
IMG_4117.MOV,3 29(日),17sf_Rl1nakSrsuLUI_qYtXWR6kmR-hTI
IMG_4118.MOV,3 29(日),1G6UipGqCidp0lElfh-VXk7agRjv1Y-yW
IMG_4119.MOV,3 29(日),1hGf90hfHwml3CeEMzj8XEwjFaDlWJTjY
IMG_4121.MOV,3 29(日),10pO7qWgqTOm1_d6jSSqRFsx5yx5OylLL
IMG_4122.MOV,3 29(日),18aZ16l6PsR2-4SLpjVC2xBM45TdnNf82
IMG_4123.MOV,3 29(日),1nWFSTq3962zAKzitwXMkY7qlbxImhxpN
IMG_4124.MOV,3 29(日),1O6tHO_YbNe8sPUaiHzzMDA5rd8YpSaF4
IMG_4125.MOV,3 29(日),1BLkVPn9zWmhHH1H58MNiwru_0IvuvEW9
IMG_4126.MOV,3 29(日),14m39s2KPAPEOyWo0206_XPYmtexeRNi4
IMG_4127.MOV,3 29(日),1obcAABhtuxQop-nOY2LwulVS4-UGScLA
IMG_4128.MOV,3 29(日),1kTfr2B980UPvmN58P2RC6g_rJhdXWKY_
IMG_4129.MOV,3 29(日),1nzYG8ENWvLvFuVCOxueL0pSf21CPo2CL
IMG_4130.MOV,3 29(日),1Nq-VvjNOteRiFNQi-7M6vvemu00_uU7g
IMG_4131.MOV,3 29(日),194gqekX9dSFCVkdeHAFA4ott0teOANgV
IMG_4132.MOV,3 29(日),1gU0H5VLdi2-5mDPXgzwzc0CjFVQywG3c
IMG_4133.MOV,3 29(日),19mBhQDvAl3GJzGOKjDkYTttXvPajXDC0
IMG_4134.MOV,3 29(日),1U9MoPEPVF3d6CLR34RpNMjtWV1O32hlT
IMG_4135.MOV,3 29(日),1jgiQZhhNPBwT2hbOVwSlmQKEQt_u801H
IMG_4136.MOV,3 29(日),1S-Yb4B0tiBdyPWllS1m6SPr30l2zykBZ
IMG_4138.MOV,3 29(日),1yD5ek__XJ2lOCHex0BvfN-p70Lo4oHNk
IMG_4139.MOV,3 29(日),1A2ARLUX01FuuD6RWjUuNWF57O4AlWT8L
IMG_4140.MOV,3 29(日),1LFxXti45djaUl9OQkL1Vx62dpb4fNWd6
IMG_4142.MOV,3 29(日),1Laoc6QMH5tXv-xfKvD9QZVOFCa2PiVhm
IMG_4143.MOV,3 29(日),1iTQNtd0LN-dXkYIw6obLjXoUKKyEmmWw
IMG_4144.MOV,3 29(日),1rVSgcz5Cfwq8h95-eFDdpLGKrJRc9x0E
IMG_4145.MOV,3 29(日),155JH4U41QXNYsUN_fiCNc4zm_KrmAaun
IMG_4146.MOV,3 29(日),1KGRRm-NtXNASJP7Ibs1XSzRdVvvkCAu4
IMG_4147.MOV,3 29(日),1U0d0q9wRdDbeDLo7NgfBflt2w_6QxK8o
IMG_4148.MOV,3 29(日),1L7iTEDgKRTgelczZKg0xnL7kE_fmiNl7
IMG_4149.MOV,3 29(日),1zAOZTXadueAByWKgXQaTpniBzZdNmiV7
IMG_4151.MOV,3 29(日),1cAPaf4G_KQMv_hbnBF7s94ycV-5YHO9-
IMG_4152.MOV,3 29(日),1O8y8tGXPpTXjAFN0-jty0TCSwU0ptLgW
IMG_4153.MOV,3 29(日),1R2lsRtBCkp4vI_5UB1hQBPMTD50gU2pg
IMG_4154.MOV,3 29(日),1OjHPMwNQInFA50msT2AHcalreZYm_EET
IMG_4155.MOV,3 29(日),1Rl0DSxhnLXOLs4corjjb2xzf4i6tavFi
IMG_4156.MOV,3 29(日),1k5FpLyuN4BfS54nNOCvHexMAWfoqakZj
IMG_4159.MOV,3 29(日),1gkiUEgUQpj5fB-_3N3Vl6w8jHlKQn79H
IMG_4160.MOV,3 29(日),1jYvPNKi5s5jl0Zu2LzGrYs-U01fmP_Qk
IMG_4161.MOV,3 29(日),1wY69dIEoNN-y9G_w-QQSUpQzVyPfx7tF
IMG_4162.MOV,3 29(日),1Q_isat4IX6BRRg__nubYLeIuPvdDpxx1
IMG_4163.MOV,3 29(日),1XGb9vNvwxdNAZmSvAMdRce71Vc0KEqDx
IMG_4164.MOV,3 29(日),1CqzYzqP1ydFgLnRv7j6cu4caOtTdw3nr
IMG_4165.MOV,3 29(日),1YeuO0iNcuGqpjLUSTQU6D3H2ZICS26rn
IMG_4166.MOV,3 29(日),1kWc1Srq3ZhlsoaDXwNNnPzbBMJGV8Y7A
IMG_4168.MOV,3 29(日),1d_p_f_MCBPlkYlRE9mHEwyB-FlLdBBvg
IMG_6599.MOV,3 5(木),1RJFUgHqyd5poutEwgDtgkVoOGaLOP29r
IMG_6600.MOV,3 5(木),1kpKuj-YnQofx2ytdRnRsuKJNhkGJ3A_e
IMG_6601.MOV,3 5(木),16OKvFGjovHsvQ4ak66p__7ACsvDQ93oY
IMG_6602.MOV,3 5(木),1THC63cl3QrkHzpsmCfmmBHnb2k7-SiH_
IMG_6603.MOV,3 5(木),1am4_FW0GlaxW6m8wJGwR6Dw0NxqvSsci
IMG_7124.MOV,3 7（土）,10auLE-JCp0KHNq7XzZrPf6DhWYYpR7zY
IMG_7148.MOV,3 7（土）,1njaSxIhSYYBKN5BVv-MQv5y5LG_W1HL0
IMG_7171.MOV,3 7（土）,1tehBzQfCtTQeDtV9eyahaD-kHnNwmv5E
IMG_7175.MOV,3 7（土）,1lfg1EERw8s_MRmZRyTJPEUnM4ZwTPf8K
IMG_7176.MOV,3 7（土）,1KU1E6Bgcnm5bWAegptztv8EwTB_Rw2jg
IMG_7179.MOV,3 7（土）,1F9E-kPSpFYvwuM0INgYg81bXstfQ7vGA
IMG_7180.MOV,3 7（土）,1_otJSCpGYT-kFzVNRjKVGfKV9gZlSRVi
IMG_7181.MOV,3 7（土）,14UCenT5yb1VQoe2_78xk0AY_8SIE_kEV
IMG_7182.MOV,3 7（土）,1ABBrqOhFc2sIun_w-I6pIivA3ywIQ2a6
IMG_7183.MOV,3 7（土）,1rb3k2mxsP1Pt8DtfzB0cCBPUDXqwX_w9
IMG_7185.MOV,3 7（土）,1DXG2PaQljQRHYlJyw5TgoRi0dBOrfpQd
IMG_7187.MOV,3 7（土）,1XT3DcWpGBBpSCIkQytonWSxiP7V4sSra
IMG_7189.MOV,3 7（土）,18E85Z-j7laoQjMQcKDq8ll4OMRXPzZlt
IMG_7190.MOV,3 7（土）,1v0XKyYE6aodsSJ_d-bKKlIZSzYOKT1KC
IMG_7190.MOV,3 7（土）,1n8Vyd0o2uQAPWA5KP8AhRCyGQQuXutbR
IMG_3192.MOV,4 12(日),1RQgXD4RJKCOgMKM0XXjTG_eP2KXfP0VY
IMG_3194.MOV,4 12(日),11twdtGzu-kR_tVkSLFLX1S20iwZF4Nqr
IMG_3196.MOV,4 12(日),1q81usuH2jfMhdrAREKyHRAW4SjTsxSMJ
IMG_3201.MOV,4 12(日),1iHk9IW4oXeIcAUELD8C3VKb-bxag_l92
IMG_3202.MOV,4 12(日),1sKinJVPeDZjscnMpyWC6qsc0C8mw-zLn
IMG_6287.MOV,4 26(日),1j1Vs28_iGtQKT_0tvc0Hx3BjMjf4vVIR
IMG_6288.MOV,4 26(日),1gv2KGbBwPuUuMOkXNG-O5gf7YsRYrvzA
IMG_6292.MOV,4 26(日),1ftr1IOTzWLby5bfEWZVAuta-Pl623pjL
IMG_6293.MOV,4 26(日),1znRaSmUsP4t5D54soukiRBaigjSjGSCD
IMG_6296.MOV,4 26(日),1zwqeUSBc00mbL5dDsedM6FQgrh53-tqy
IMG_6298.MOV,4 26(日),1NMKALZWeNHOPJ4HVdp_-6Rp2LLipT-yV
IMG_6301.MOV,4 26(日),1A2czhSnbPFFQZkBeSoIEiEtDBSMqQoHy
IMG_3408.MOV,5 23(土),1qVp6J_0B1xWC-iaDxkk7TKycb8Ua4Nu9
IMG_3409.MOV,5 23(土),1otlYdTiDX6_453z8ITbAcTSdVKzIg_vI
IMG_3410.MOV,5 23(土),1lJbU7HSOY3PCiU3YtP5p08S64hHH7o2j
IMG_3411.MOV,5 23(土),1VdmCSyoUOFlA3fasHzf4ivZWiSGIodZG
IMG_3414.MOV,5 23(土),1Dtg5Vd-D1uAm3urg3UCylfZdGZFhj5nw
IMG_3416.MOV,5 24(日),1am3NqNDWGjXT3JQlDNE7xMN-wjObl351
IMG_5343.MOV,5 30(土),1lh-wIh7osqX3uGZIe-SFs8golvnf09V8
PXL_20260614_070100298.mp4,6 14(日),1mJ4coHkKwMvR8_1NZa4jPuPnAT6EKIzi
IMG_2047.MOV,6 15(日),1M9C3cyijvUteGWCd-fijzUzvX9X2ZKqr
IMG_2048.MOV,6 15(日),1Lhi60bxQNNU24OsEPMjlgXoWpAwJHqPz
IMG_2049.MOV,6 15(日),1cwsJg3PZ6uEkmuMpHdrwY6fW7b_QrgjY
IMG_2050.MOV,6 15(日),1A7RT50ay1iIOx_U3P2CtYa6YMvjVPjWG
IMG_2051.MOV,6 15(日),1BwQznOwzfCIa_6MyHft-zo3dpJFCUH1n
IMG_2052.MOV,6 15(日),1dEFd34xWzF2XaUfVkYD8HGiQVVtkGdwu
IMG_8036.MOV,7 18(土),1DkdXDbZkqXNdO1MTCiusrkpg4WhuD6AC
IMG_8037.MOV,7 18(土),1SfRdS_zwTODpLwMT_S6iecTlgEIOa4Xw
IMG_8038.MOV,7 18(土),1uaF4QDomhPSA5aWbqDXPOFDKf_oQwSc4
IMG_8039.MOV,7 18(土),1iVBb1TQGtNfkSACE7S0l_uW4mwE-D13R
IMG_8040.MOV,7 18(土),1FtBpyy6fi-9IE2F8WAzA_8S1s-TsnZi1
IMG_8041.MOV,7 18(土),1hylmIDo63pu-GNgnJk-42WQV18uElbNs
IMG_8042.MOV,7 18(土),1YfHfh6pi6U1LiLwDPmc5UbeZSGoJ8Nh9
IMG_8043.MOV,7 18(土),19mVJrWE7G9KxWD96EXkANNgGvW_RVIn_
IMG_8044.MOV,7 18(土),1t96KmFX1yCZfclEiRRaiCJa8uAM3l_9v
IMG_8045.MOV,7 18(土),1dfUXWD2giKb55geqV-tUtC4nFDHZjCZm
IMG_8046.MOV,7 18(土),1KFc4FrIb42v4YVLr3djK-Wvpr75Bp10h
IMG_8047.MOV,7 18(土),1LwT10cp2yjM0_hZU1CPIds34GNEk8af5
IMG_8049.MOV,7 18(土),1r74W2De_4gAYdRUSUOL_5ymrYz3lldOA
IMG_3281.MOV,7 19(日),1GsMoHlKbJBmTE5zjBo0ym7cMRhQVBuL6
IMG_3283.MOV,7 19(日),1NCF8xmwKB84X-a35lX3QZDUTV-M7k9kS
IMG_3746.MOV,7 31(金),17He0lNOeKWI-AB_s64jGeWgQWcB70w5s
PXL_20260731_005703948.mp4,7 31(金),1NM9nZXsd_ICAAcRqGw68HxfjdIc5Vj4u
IMG_4887.MOV,7 4(土),19NIFnJMZ6p802qb0iOrYxkoGEvWy6oAW
IMG_4888.MOV,7 4(土),1yXVopcHH7uh9fkOMIXaLkNEjmCCMFqKJ
IMG_4889.MOV,7 4(土),1llJ9_glr5H5KAKhniKHh9Ml0tOXo6ENf
IMG_4890.MOV,7 4(土),1ftLFVEC5fugzddEPLR-GKm5orqetrRWc
IMG_4891.MOV,7 4(土),1QaAVYvG17Ij9zwJjcYI78ZE6DU7JZP4-
IMG_4892.MOV,7 4(土),1TptHIklPshZTaH4U8ar-8FQXI4snUtxI
IMG_4893.MOV,7 4(土),1evjYE6U0Tx6x6iH0oXJLxwO9cWKG5VbK
PXL_20260801_025006675.mp4,8 1(土),1ub_tFB2BXjYS9ZpeI8tln8XraLLwV9M2
IMG_7392.MOV,8 2(日),1x3f0f2TV9uHc_lTwinCq3KY_Wy-xRRiu
IMG_7394.MOV,8 2(日),1UyziopUDKIk0ynvQ7UZUnmC_Xj7_8x94
IMG_8915.MOV,8 5(水),17Nq_dBFIQOk1ziCY0OCgoTz3GfCfl9lD
IMG_8916.MOV,8 5(水),1dmCG-NhdEBxo1Y5RROROnw-ebBH-UNB6
IMG_8918.MOV,8 5(水),1qc4wva8_5FeX6xV_fsgEWmzacNvXeLl4
IMG_8920.MOV,8 5(水),1I0_xgJh85BRpjVOXhnCEZMRAQGIsh0KD
IMG_8923.MOV,8 5(水),1PQQYkVgoTFVZDovQwiUji0VEpllO7UlI
IMG_8924.MOV,8 5(水),1pkZDR0FTqBx1dUrrae4xQZbU41xqwbWy
IMG_8926.MOV,8 5(水),1Vm4PyZnbigECKvbGz7gYayegfCWe07rK
IMG_8930.MOV,8 5(水),1yT40YrudQBrpXF6dffDKXiZqKbbDA-OS
IMG_8934.MOV,8 5(水),1gAmrsfen7xGXGxMTSQU7FdoF-2ojroDp
IMG_8936.MOV,8 5(水),1j7jhJc49x6kB7vhV44wfg5gLsgIx5Old
IMG_8939.MOV,8 5(水),1ZEZBk12V2BvYmrKXWN5PYz5WbBeA0Qcf
IMG_8941.MOV,8 5(水),1Mqla0OMbHwfZMXSr4c93zg5c28J2qRDe
IMG_3796.MOV,8 8(土),1uuS6VF2kg6O0WKA44tFSI8PERXA9kHa5
IMG_3797.MOV,8 8(土),1cxBX-blRw4sLrkIxheE4POvQjtoZ5_tw
IMG_7461.MOV,8 9(日),1VLMWMcVtcPGQjIUfB18C_U-AzTVXNi25
IMG_7464.MOV,8 9(日),1hraWUyA0SRFcJPWo-v7G5Q_mJBXx-RX_
IMG_7465.MOV,8 9(日),18s0oQW_ZGSqdCSMAhIJvHVb_RrOkss45
IMG_7467.MOV,8 9(日),1PxFScvSWGOJwOa_qGSWeFuGmE7Y9463g
IMG_7472.MOV,8 9(日),1Vy5_Ux4_OdlIH2yI-hYGjSca2CSbQHBv
(0D634983-519A-4994-96A0-B9FE8D825A81.MP4,?,1bvDHZe3USwiEtZfOsNLuaV-nQHtAJfHi
(71B18DD5-CABD-4FDD-9EC8-6606DC337A20.MP4,?,1sfEm6sL97b8yT2Gji91WRctrnr9moFUF
IMG_3386.MOV,?,1Q4t63KUPgGwzWeHreYTsIjqvWWyHaRRM
IMG_5864.MOV,?,1bw5Z6Bb1mDL-DewGGolT25eeQizLtmx2
IMG_5881.MOV,?,1TNCJ6-uEggjmEEVOcHiCGbqXmC3dBA4k
IMG_5881.MOV,?,15Ds2PLn3VMsxrUj5Y5DWsIUPg-6kj7ui
IMG_5882.MOV,?,1bN3gjFqwT6y1SStKuOz5yVWugXIN5OWd
IMG_5884.MOV,?,1O9uCNugSDiq0mzpvwUJCnc5xPS3A6hNT
IMG_7836.MOV,ファミリーデイ,1RVQDI2TV0PNQwdK3lfJ-cWbpkUgKliNc
IMG_7849.MOV,ファミリーデイ,10Ri1tVoAqmQZo-MjD1jGi2EGN29EnsK1
IMG_7853.MOV,ファミリーデイ,1wkHjDkxbBkxpilVq7dPoaPKFF_7sIPFo
IMG_7865.MOV,ファミリーデイ,1O2u0JZVzmKG0lBkPekFu68X5784TBg9t
IMG_7869.MOV,ファミリーデイ,1dsVZLPwkZkIeA4UjaRd0NnaXvHGZcWR5
IMG_7870.MOV,ファミリーデイ,1L6Gs00DXqKxVOlXWbEJAMZ7lGfbuBmZ1
IMG_7871.MOV,ファミリーデイ,16UU123iLfPy-rFJou0eFoIhsni4exZj6
IMG_7877.MOV,ファミリーデイ,15fbE9T8XnK_cWgttIkN53iiKppD84375
IMG_7878.MOV,ファミリーデイ,14FMvveyzM1SELj_v7GlCeheJoJyITarE
IMG_7879.MOV,ファミリーデイ,1uPOBes1I-HM47pSPxVVZbp4oFRiCLj0Z
IMG_7880.MOV,ファミリーデイ,1esTww8c6XTWoZ_vKNxmPdJloE8_RTOYs
IMG_7889.MOV,ファミリーデイ,1kQeI0YbBvOkyMF2irB1DW1FzS-nnYjAW
IMG_7891.MOV,ファミリーデイ,1RebWtrPsvApXoi9_P22_DNst1IMniCN-
IMG_7892.MOV,ファミリーデイ,1oNwbYc2_FyFBht5hVYJ2an3rPh31x9YR
