/Users/reimurase/Library/CloudStorage/GoogleDrive-cy23247@shibaura-it.ac.jp/マイドライブ/練習動画/コーチング(beta)/2025 7 4 優吾さんコーチング/2025-07-04_1022-南南西-2.9_優吾さんコーチング_01.MOV,/Users/reimurase/Library/CloudStorage/GoogleDrive-cy23247@shibaura-it.ac.jp/マイドライブ/練習動画/コーチング(beta)/2025 7 4 優吾さんコーチング/2025-07-04_優吾さんコーチング_01.MOV
/Users/reimurase/Library/CloudStorage/GoogleDrive-cy23247@shibaura-it.ac.jp/マイドライブ/練習動画/コーチング(beta)/2025 7 4 優吾さんコーチング/2025-07-04_1027-南南西-2.9_優吾さんコーチング_02.MOV,/Users/reimurase/Library/CloudStorage/GoogleDrive-cy23247@shibaura-it.ac.jp/マイドライブ/練習動画/コーチング(beta)/2025 7 4 優吾さんコーチング/2025-07-04_優吾さんコーチング_02.MOV
/Users/reimurase/Library/CloudStorage/GoogleDrive-cy23247@shibaura-it.ac.jp/マイドライブ/練習動画/コーチング(beta)/2025 7 4 優吾さんコーチング/2025-07-04_1038-南-3.3_優吾さんコーチング_03.MOV,/Users/reimurase/Library/CloudStorage/GoogleDrive-cy23247@shibaura-it.ac.jp/マイドライブ/練習動画/コーチング(beta)/2025 7 4 優吾さんコーチング/2025-07-04_優吾さんコーチング_03.MOV
/Users/reimurase/Library/CloudStorage/GoogleDrive-cy23247@shibaura-it.ac.jp/マイドライブ/練習動画/コーチング(beta)/2025 7 4 優吾さんコーチング/2025-07-04_1039-南-3.3_優吾さんコーチング_04.MOV,/Users/reimurase/Library/CloudStorage/GoogleDrive-cy23247@shibaura-it.ac.jp/マイドライブ/練習動画/コーチング(beta)/2025 7 4 優吾さんコーチング/2025-07-04_優吾さんコーチング_04.MOV
/Users/reimurase/Library/CloudStorage/GoogleDrive-cy23247@shibaura-it.ac.jp/マイドライブ/練習動画/コーチング(beta)/2025 7 4 優吾さんコーチング/2025-07-04_1040-南-3.3_優吾さんコーチング_05.MOV,/Users/reimurase/Library/CloudStorage/GoogleDrive-cy23247@shibaura-it.ac.jp/マイドライブ/練習動画/コーチング(beta)/2025 7 4 優吾さんコーチング/2025-07-04_優吾さんコーチング_05.MOV
/Users/reimurase/Library/CloudStorage/GoogleDrive-cy23247@shibaura-it.ac.jp/マイドライブ/練習動画/コーチング(beta)/2025 7 4 優吾さんコーチング/2025-07-04_1046-南-3.3_優吾さんコーチング_06.MOV,/Users/reimurase/Library/CloudStorage/GoogleDrive-cy23247@shibaura-it.ac.jp/マイドライブ/練習動画/コーチング(beta)/2025 7 4 優吾さんコーチング/2025-07-04_優吾さんコーチング_06.MOV
/Users/reimurase/Library/CloudStorage/GoogleDrive-cy23247@shibaura-it.ac.jp/マイドライブ/練習動画/コーチング(beta)/2025 7 4 優吾さんコーチング/2025-07-04_1048-南-3.3_優吾さんコーチング_07.MOV,/Users/reimurase/Library/CloudStorage/GoogleDrive-cy23247@shibaura-it.ac.jp/マイドライブ/練習動画/コーチング(beta)/2025 7 4 優吾さんコーチング/2025-07-04_優吾さんコーチング_07.MOV
/Users/reimurase/Library/CloudStorage/GoogleDrive-cy23247@shibaura-it.ac.jp/マイドライブ/練習動画/コーチング(beta)/2025 7 4 優吾さんコーチング/2025-07-04_1053-南-3.3_優吾さんコーチング_08.MOV,/Users/reimurase/Library/CloudStorage/GoogleDrive-cy23247@shibaura-it.ac.jp/マイドライブ/練習動画/コーチング(beta)/2025 7 4 優吾さんコーチング/2025-07-04_優吾さんコーチング_08.MOV
/Users/reimurase/Library/CloudStorage/GoogleDrive-cy23247@shibaura-it.ac.jp/マイドライブ/練習動画/コーチング(beta)/2025 7 4 優吾さんコーチング/2025-07-04_1112-南-3.3_優吾さんコーチング_09.MOV,/Users/reimurase/Library/CloudStorage/GoogleDrive-cy23247@shibaura-it.ac.jp/マイドライブ/練習動画/コーチング(beta)/2025 7 4 優吾さんコーチング/2025-07-04_優吾さんコーチング_09.MOV
/Users/reimurase/Library/CloudStorage/GoogleDrive-cy23247@shibaura-it.ac.jp/マイドライブ/練習動画/コーチング(beta)/2025 7 4 優吾さんコーチング/2025-07-04_1114-南-3.3_優吾さんコーチング_10.MOV,/Users/reimurase/Library/CloudStorage/GoogleDrive-cy23247@shibaura-it.ac.jp/マイドライブ/練習動画/コーチング(beta)/2025 7 4 優吾さんコーチング/2025-07-04_優吾さんコーチング_10.MOV
/Users/reimurase/Library/CloudStorage/GoogleDrive-cy23247@shibaura-it.ac.jp/マイドライブ/練習動画/コーチング(beta)/2025 7 4 優吾さんコーチング/2025-07-04_1116-南-3.3_優吾さんコーチング_11.MOV,/Users/reimurase/Library/CloudStorage/GoogleDrive-cy23247@shibaura-it.ac.jp/マイドライブ/練習動画/コーチング(beta)/2025 7 4 優吾さんコーチング/2025-07-04_優吾さんコーチング_11.MOV
/Users/reimurase/Library/CloudStorage/GoogleDrive-cy23247@shibaura-it.ac.jp/マイドライブ/練習動画/コーチング(beta)/2025 7 4 優吾さんコーチング/2025-07-04_1123-南-3.3_優吾さんコーチング_12.MOV,/Users/reimurase/Library/CloudStorage/GoogleDrive-cy23247@shibaura-it.ac.jp/マイドライブ/練習動画/コーチング(beta)/2025 7 4 優吾さんコーチング/2025-07-04_優吾さんコーチング_12.MOV
/Users/reimurase/Library/CloudStorage/GoogleDrive-cy23247@shibaura-it.ac.jp/マイドライブ/練習動画/コーチング(beta)/2025 7 4 優吾さんコーチング/2025-07-04_1125-南-3.3_優吾さんコーチング_13.MOV,/Users/reimurase/Library/CloudStorage/GoogleDrive-cy23247@shibaura-it.ac.jp/マイドライブ/練習動画/コーチング(beta)/2025 7 4 優吾さんコーチング/2025-07-04_優吾さんコーチング_13.MOV
/Users/reimurase/Library/CloudStorage/GoogleDrive-cy23247@shibaura-it.ac.jp/マイドライブ/練習動画/コーチング(beta)/2025 7 4 優吾さんコーチング/2025-07-04_1131-南-3.8_優吾さんコーチング_14.MOV,/Users/reimurase/Library/CloudStorage/GoogleDrive-cy23247@shibaura-it.ac.jp/マイドライブ/練習動画/コーチング(beta)/2025 7 4 優吾さんコーチング/2025-07-04_優吾さんコーチング_14.MOV
/Users/reimurase/Library/CloudStorage/GoogleDrive-cy23247@shibaura-it.ac.jp/マイドライブ/練習動画/コーチング(beta)/2025 7 4 優吾さんコーチング/2025-07-04_1140-南-3.8_優吾さんコーチング_15.MOV,/Users/reimurase/Library/CloudStorage/GoogleDrive-cy23247@shibaura-it.ac.jp/マイドライブ/練習動画/コーチング(beta)/2025 7 4 優吾さんコーチング/2025-07-04_優吾さんコーチング_15.MOV
/Users/reimurase/Library/CloudStorage/GoogleDrive-cy23247@shibaura-it.ac.jp/マイドライブ/練習動画/コーチング(beta)/2025 7 4 優吾さんコーチング/2025-07-04_1145-南-3.8_優吾さんコーチング_16.MOV,/Users/reimurase/Library/CloudStorage/GoogleDrive-cy23247@shibaura-it.ac.jp/マイドライブ/練習動画/コーチング(beta)/2025 7 4 優吾さんコーチング/2025-07-04_優吾さんコーチング_16.MOV
/Users/reimurase/Library/CloudStorage/GoogleDrive-cy23247@shibaura-it.ac.jp/マイドライブ/練習動画/コーチング(beta)/2025 7 4 優吾さんコーチング/2025-07-04_1411-南南西-3.9_優吾さんコーチング_17.MOV,/Users/reimurase/Library/CloudStorage/GoogleDrive-cy23247@shibaura-it.ac.jp/マイドライブ/練習動画/コーチング(beta)/2025 7 4 優吾さんコーチング/2025-07-04_優吾さんコーチング_17.MOV
/Users/reimurase/Library/CloudStorage/GoogleDrive-cy23247@shibaura-it.ac.jp/マイドライブ/練習動画/コーチング(beta)/2025 7 4 優吾さんコーチング/2025-07-04_1540-南-4.3_優吾さんコーチング_18.MOV,/Users/reimurase/Library/CloudStorage/GoogleDrive-cy23247@shibaura-it.ac.jp/マイドライブ/練習動画/コーチング(beta)/2025 7 4 優吾さんコーチング/2025-07-04_優吾さんコーチング_18.MOV
/Users/reimurase/Library/CloudStorage/GoogleDrive-cy23247@shibaura-it.ac.jp/マイドライブ/練習動画/コーチング(beta)/2025 7 4 優吾さんコーチング/2025-07-04_1552-南-4.3_優吾さんコーチング_19.MOV,/Users/reimurase/Library/CloudStorage/GoogleDrive-cy23247@shibaura-it.ac.jp/マイドライブ/練習動画/コーチング(beta)/2025 7 4 優吾さんコーチング/2025-07-04_優吾さんコーチング_19.MOV
/Users/reimurase/Library/CloudStorage/GoogleDrive-cy23247@shibaura-it.ac.jp/マイドライブ/練習動画/コーチング(beta)/2025 7 4 優吾さんコーチング/2025-07-04_1555-南-4.3_優吾さんコーチング_20.MOV,/Users/reimurase/Library/CloudStorage/GoogleDrive-cy23247@shibaura-it.ac.jp/マイドライブ/練習動画/コーチング(beta)/2025 7 4 優吾さんコーチング/2025-07-04_優吾さんコーチング_20.MOV
/Users/reimurase/Library/CloudStorage/GoogleDrive-cy23247@shibaura-it.ac.jp/マイドライブ/練習動画/コーチング(beta)/2025 7 4 優吾さんコーチング/2025-07-04_1600-南-4.3_優吾さんコーチング_21.MOV,/Users/reimurase/Library/CloudStorage/GoogleDrive-cy23247@shibaura-it.ac.jp/マイドライブ/練習動画/コーチング(beta)/2025 7 4 優吾さんコーチング/2025-07-04_優吾さんコーチング_21.MOV
/Users/reimurase/Library/CloudStorage/GoogleDrive-cy23247@shibaura-it.ac.jp/マイドライブ/練習動画/コーチング(beta)/2025 7 4 優吾さんコーチング/2025-07-04_2328-南西-1.5_優吾さんコーチング_22.mov,/Users/reimurase/Library/CloudStorage/GoogleDrive-cy23247@shibaura-it.ac.jp/マイドライブ/練習動画/コーチング(beta)/2025 7 4 優吾さんコーチング/2025-07-04_優吾さんコーチング_22.mov
/Users/reimurase/Library/CloudStorage/GoogleDrive-cy23247@shibaura-it.ac.jp/マイドライブ/練習動画/コーチング(beta)/2025 7 4 優吾さんコーチング/2025-07-04_1029-南西-1.6_優吾さんコーチング_23.MOV,/Users/reimurase/Library/CloudStorage/GoogleDrive-cy23247@shibaura-it.ac.jp/マイドライブ/練習動画/コーチング(beta)/2025 7 4 優吾さんコーチング/2025-07-04_優吾さんコーチング_23.MOV
/Users/reimurase/Library/CloudStorage/GoogleDrive-cy23247@shibaura-it.ac.jp/マイドライブ/練習動画/コーチング(beta)/3 24/2025-03-24_1415-南南西-2.4_01.MOV,/Users/reimurase/Library/CloudStorage/GoogleDrive-cy23247@shibaura-it.ac.jp/マイドライブ/練習動画/コーチング(beta)/3 24/2025-03-24_01.MOV
/Users/reimurase/Library/CloudStorage/GoogleDrive-cy23247@shibaura-it.ac.jp/マイドライブ/練習動画/コーチング(beta)/2025 3 18 駿水さんコーチング/2025-03-18_0922-北北東-2.2_駿水さんコーチング_01.MOV,/Users/reimurase/Library/CloudStorage/GoogleDrive-cy23247@shibaura-it.ac.jp/マイドライブ/練習動画/コーチング(beta)/2025 3 18 駿水さんコーチング/2025-03-18_駿水さんコーチング_01.MOV
/Users/reimurase/Library/CloudStorage/GoogleDrive-cy23247@shibaura-it.ac.jp/マイドライブ/練習動画/コーチング(beta)/2025 3 18 駿水さんコーチング/2025-03-18_0928-北北東-2.2_駿水さんコーチング_02.MOV,/Users/reimurase/Library/CloudStorage/GoogleDrive-cy23247@shibaura-it.ac.jp/マイドライブ/練習動画/コーチング(beta)/2025 3 18 駿水さんコーチング/2025-03-18_駿水さんコーチング_02.MOV
/Users/reimurase/Library/CloudStorage/GoogleDrive-cy23247@shibaura-it.ac.jp/マイドライブ/練習動画/コーチング(beta)/2025 3 18 駿水さんコーチング/2025-03-18_0937-北北東-2.6_駿水さんコーチング_03.MOV,/Users/reimurase/Library/CloudStorage/GoogleDrive-cy23247@shibaura-it.ac.jp/マイドライブ/練習動画/コーチング(beta)/2025 3 18 駿水さんコーチング/2025-03-18_駿水さんコーチング_03.MOV
/Users/reimurase/Library/CloudStorage/GoogleDrive-cy23247@shibaura-it.ac.jp/マイドライブ/練習動画/コーチング(beta)/2025 3 18 駿水さんコーチング/2025-03-18_0940-北北東-2.6_駿水さんコーチング_04.MOV,/Users/reimurase/Library/CloudStorage/GoogleDrive-cy23247@shibaura-it.ac.jp/マイドライブ/練習動画/コーチング(beta)/2025 3 18 駿水さんコーチング/2025-03-18_駿水さんコーチング_04.MOV
/Users/reimurase/Library/CloudStorage/GoogleDrive-cy23247@shibaura-it.ac.jp/マイドライブ/練習動画/コーチング(beta)/2025 3 18 駿水さんコーチング/2025-03-18_0952-北北東-2.6_駿水さんコーチング_05.MOV,/Users/reimurase/Library/CloudStorage/GoogleDrive-cy23247@shibaura-it.ac.jp/マイドライブ/練習動画/コーチング(beta)/2025 3 18 駿水さんコーチング/2025-03-18_駿水さんコーチング_05.MOV
/Users/reimurase/Library/CloudStorage/GoogleDrive-cy23247@shibaura-it.ac.jp/マイドライブ/練習動画/コーチング(beta)/2025 3 18 駿水さんコーチング/2025-03-18_0953-北北東-2.6_駿水さんコーチング_06.MOV,/Users/reimurase/Library/CloudStorage/GoogleDrive-cy23247@shibaura-it.ac.jp/マイドライブ/練習動画/コーチング(beta)/2025 3 18 駿水さんコーチング/2025-03-18_駿水さんコーチング_06.MOV
/Users/reimurase/Library/CloudStorage/GoogleDrive-cy23247@shibaura-it.ac.jp/マイドライブ/練習動画/コーチング(beta)/2025 3 18 駿水さんコーチング/2025-03-18_1008-北北東-2.6_駿水さんコーチング_07.MOV,/Users/reimurase/Library/CloudStorage/GoogleDrive-cy23247@shibaura-it.ac.jp/マイドライブ/練習動画/コーチング(beta)/2025 3 18 駿水さんコーチング/2025-03-18_駿水さんコーチング_07.MOV
/Users/reimurase/Library/CloudStorage/GoogleDrive-cy23247@shibaura-it.ac.jp/マイドライブ/練習動画/コーチング(beta)/2025 3 18 駿水さんコーチング/2025-03-18_1008-北北東-2.6_駿水さんコーチング_08.MOV,/Users/reimurase/Library/CloudStorage/GoogleDrive-cy23247@shibaura-it.ac.jp/マイドライブ/練習動画/コーチング(beta)/2025 3 18 駿水さんコーチング/2025-03-18_駿水さんコーチング_08.MOV
/Users/reimurase/Library/CloudStorage/GoogleDrive-cy23247@shibaura-it.ac.jp/マイドライブ/練習動画/コーチング(beta)/2025 3 18 駿水さんコーチング/2025-03-18_1010-北北東-2.6_駿水さんコーチング_09.MOV,/Users/reimurase/Library/CloudStorage/GoogleDrive-cy23247@shibaura-it.ac.jp/マイドライブ/練習動画/コーチング(beta)/2025 3 18 駿水さんコーチング/2025-03-18_駿水さんコーチング_09.MOV
/Users/reimurase/Library/CloudStorage/GoogleDrive-cy23247@shibaura-it.ac.jp/マイドライブ/練習動画/コーチング(beta)/2025 3 18 駿水さんコーチング/2025-03-18_1016-北北東-2.6_駿水さんコーチング_10.MOV,/Users/reimurase/Library/CloudStorage/GoogleDrive-cy23247@shibaura-it.ac.jp/マイドライブ/練習動画/コーチング(beta)/2025 3 18 駿水さんコーチング/2025-03-18_駿水さんコーチング_10.MOV
/Users/reimurase/Library/CloudStorage/GoogleDrive-cy23247@shibaura-it.ac.jp/マイドライブ/練習動画/コーチング(beta)/2025 3 18 駿水さんコーチング/2025-03-18_1017-北北東-2.6_駿水さんコーチング_11.MOV,/Users/reimurase/Library/CloudStorage/GoogleDrive-cy23247@shibaura-it.ac.jp/マイドライブ/練習動画/コーチング(beta)/2025 3 18 駿水さんコーチング/2025-03-18_駿水さんコーチング_11.MOV
/Users/reimurase/Library/CloudStorage/GoogleDrive-cy23247@shibaura-it.ac.jp/マイドライブ/練習動画/コーチング(beta)/2025 3 18 駿水さんコーチング/2025-03-18_1023-北北東-2.6_駿水さんコーチング_12.MOV,/Users/reimurase/Library/CloudStorage/GoogleDrive-cy23247@shibaura-it.ac.jp/マイドライブ/練習動画/コーチング(beta)/2025 3 18 駿水さんコーチング/2025-03-18_駿水さんコーチング_12.MOV
/Users/reimurase/Library/CloudStorage/GoogleDrive-cy23247@shibaura-it.ac.jp/マイドライブ/練習動画/コーチング(beta)/2025 3 18 駿水さんコーチング/2025-03-18_1029-北北東-2.6_駿水さんコーチング_13.MOV,/Users/reimurase/Library/CloudStorage/GoogleDrive-cy23247@shibaura-it.ac.jp/マイドライブ/練習動画/コーチング(beta)/2025 3 18 駿水さんコーチング/2025-03-18_駿水さんコーチング_13.MOV
/Users/reimurase/Library/CloudStorage/GoogleDrive-cy23247@shibaura-it.ac.jp/マイドライブ/練習動画/コーチング(beta)/2025 3 18 駿水さんコーチング/2025-03-18_1035-北東-2.2_駿水さんコーチング_14.MOV,/Users/reimurase/Library/CloudStorage/GoogleDrive-cy23247@shibaura-it.ac.jp/マイドライブ/練習動画/コーチング(beta)/2025 3 18 駿水さんコーチング/2025-03-18_駿水さんコーチング_14.MOV
/Users/reimurase/Library/CloudStorage/GoogleDrive-cy23247@shibaura-it.ac.jp/マイドライブ/練習動画/コーチング(beta)/2025 3 18 駿水さんコーチング/2025-03-18_1107-北東-2.2_駿水さんコーチング_15.MOV,/Users/reimurase/Library/CloudStorage/GoogleDrive-cy23247@shibaura-it.ac.jp/マイドライブ/練習動画/コーチング(beta)/2025 3 18 駿水さんコーチング/2025-03-18_駿水さんコーチング_15.MOV
/Users/reimurase/Library/CloudStorage/GoogleDrive-cy23247@shibaura-it.ac.jp/マイドライブ/練習動画/コーチング(beta)/2025 3 18 駿水さんコーチング/2025-03-18_1130-東-1.8_駿水さんコーチング_16.MOV,/Users/reimurase/Library/CloudStorage/GoogleDrive-cy23247@shibaura-it.ac.jp/マイドライブ/練習動画/コーチング(beta)/2025 3 18 駿水さんコーチング/2025-03-18_駿水さんコーチング_16.MOV
/Users/reimurase/Library/CloudStorage/GoogleDrive-cy23247@shibaura-it.ac.jp/マイドライブ/練習動画/コーチング(beta)/2025 3 18 駿水さんコーチング/2025-03-18_1143-東-1.8_駿水さんコーチング_17.MOV,/Users/reimurase/Library/CloudStorage/GoogleDrive-cy23247@shibaura-it.ac.jp/マイドライブ/練習動画/コーチング(beta)/2025 3 18 駿水さんコーチング/2025-03-18_駿水さんコーチング_17.MOV
/Users/reimurase/Library/CloudStorage/GoogleDrive-cy23247@shibaura-it.ac.jp/マイドライブ/練習動画/コーチング(beta)/2025 3 18 駿水さんコーチング/2025-03-18_1145-東-1.8_駿水さんコーチング_18.MOV,/Users/reimurase/Library/CloudStorage/GoogleDrive-cy23247@shibaura-it.ac.jp/マイドライブ/練習動画/コーチング(beta)/2025 3 18 駿水さんコーチング/2025-03-18_駿水さんコーチング_18.MOV
/Users/reimurase/Library/CloudStorage/GoogleDrive-cy23247@shibaura-it.ac.jp/マイドライブ/練習動画/コーチング(beta)/2025 3 18 駿水さんコーチング/2025-03-18_1147-東-1.8_駿水さんコーチング_19.MOV,/Users/reimurase/Library/CloudStorage/GoogleDrive-cy23247@shibaura-it.ac.jp/マイドライブ/練習動画/コーチング(beta)/2025 3 18 駿水さんコーチング/2025-03-18_駿水さんコーチング_19.MOV
/Users/reimurase/Library/CloudStorage/GoogleDrive-cy23247@shibaura-it.ac.jp/マイドライブ/練習動画/コーチング(beta)/2025 3 18 駿水さんコーチング/2025-03-18_1148-東-1.8_駿水さんコーチング_20.MOV,/Users/reimurase/Library/CloudStorage/GoogleDrive-cy23247@shibaura-it.ac.jp/マイドライブ/練習動画/コーチング(beta)/2025 3 18 駿水さんコーチング/2025-03-18_駿水さんコーチング_20.MOV
/Users/reimurase/Library/CloudStorage/GoogleDrive-cy23247@shibaura-it.ac.jp/マイドライブ/練習動画/コーチング(beta)/2025 3 18 駿水さんコーチング/2025-03-18_1152-東-1.8_駿水さんコーチング_21.MOV,/Users/reimurase/Library/CloudStorage/GoogleDrive-cy23247@shibaura-it.ac.jp/マイドライブ/練習動画/コーチング(beta)/2025 3 18 駿水さんコーチング/2025-03-18_駿水さんコーチング_21.MOV
/Users/reimurase/Library/CloudStorage/GoogleDrive-cy23247@shibaura-it.ac.jp/マイドライブ/練習動画/コーチング(beta)/2025 3 18 駿水さんコーチング/2025-03-18_1152-東-1.8_駿水さんコーチング_22.MOV,/Users/reimurase/Library/CloudStorage/GoogleDrive-cy23247@shibaura-it.ac.jp/マイドライブ/練習動画/コーチング(beta)/2025 3 18 駿水さんコーチング/2025-03-18_駿水さんコーチング_22.MOV
/Users/reimurase/Library/CloudStorage/GoogleDrive-cy23247@shibaura-it.ac.jp/マイドライブ/練習動画/コーチング(beta)/2025 3 18 駿水さんコーチング/2025-03-18_1155-東-1.8_駿水さんコーチング_23.MOV,/Users/reimurase/Library/CloudStorage/GoogleDrive-cy23247@shibaura-it.ac.jp/マイドライブ/練習動画/コーチング(beta)/2025 3 18 駿水さんコーチング/2025-03-18_駿水さんコーチング_23.MOV
/Users/reimurase/Library/CloudStorage/GoogleDrive-cy23247@shibaura-it.ac.jp/マイドライブ/練習動画/コーチング(beta)/2025 3 18 駿水さんコーチング/2025-03-18_1201-東-1.8_駿水さんコーチング_24.MOV,/Users/reimurase/Library/CloudStorage/GoogleDrive-cy23247@shibaura-it.ac.jp/マイドライブ/練習動画/コーチング(beta)/2025 3 18 駿水さんコーチング/2025-03-18_駿水さんコーチング_24.MOV
/Users/reimurase/Library/CloudStorage/GoogleDrive-cy23247@shibaura-it.ac.jp/マイドライブ/練習動画/コーチング(beta)/2025 3 18 駿水さんコーチング/2025-03-18_1356-南-2.6_駿水さんコーチング_25.MOV,/Users/reimurase/Library/CloudStorage/GoogleDrive-cy23247@shibaura-it.ac.jp/マイドライブ/練習動画/コーチング(beta)/2025 3 18 駿水さんコーチング/2025-03-18_駿水さんコーチング_25.MOV
/Users/reimurase/Library/CloudStorage/GoogleDrive-cy23247@shibaura-it.ac.jp/マイドライブ/練習動画/コーチング(beta)/2025 3 18 駿水さんコーチング/2025-03-18_1401-南-2.6_駿水さんコーチング_26.MOV,/Users/reimurase/Library/CloudStorage/GoogleDrive-cy23247@shibaura-it.ac.jp/マイドライブ/練習動画/コーチング(beta)/2025 3 18 駿水さんコーチング/2025-03-18_駿水さんコーチング_26.MOV
/Users/reimurase/Library/CloudStorage/GoogleDrive-cy23247@shibaura-it.ac.jp/マイドライブ/練習動画/コーチング(beta)/2025 3 18 駿水さんコーチング/2025-03-18_1408-南-2.6_駿水さんコーチング_27.MOV,/Users/reimurase/Library/CloudStorage/GoogleDrive-cy23247@shibaura-it.ac.jp/マイドライブ/練習動画/コーチング(beta)/2025 3 18 駿水さんコーチング/2025-03-18_駿水さんコーチング_27.MOV
/Users/reimurase/Library/CloudStorage/GoogleDrive-cy23247@shibaura-it.ac.jp/マイドライブ/練習動画/コーチング(beta)/2025 3 18 駿水さんコーチング/2025-03-18_1420-南-2.6_駿水さんコーチング_28.MOV,/Users/reimurase/Library/CloudStorage/GoogleDrive-cy23247@shibaura-it.ac.jp/マイドライブ/練習動画/コーチング(beta)/2025 3 18 駿水さんコーチング/2025-03-18_駿水さんコーチング_28.MOV
/Users/reimurase/Library/CloudStorage/GoogleDrive-cy23247@shibaura-it.ac.jp/マイドライブ/練習動画/コーチング(beta)/2025 3 18 駿水さんコーチング/2025-03-18_1422-南-2.6_駿水さんコーチング_29.MOV,/Users/reimurase/Library/CloudStorage/GoogleDrive-cy23247@shibaura-it.ac.jp/マイドライブ/練習動画/コーチング(beta)/2025 3 18 駿水さんコーチング/2025-03-18_駿水さんコーチング_29.MOV
/Users/reimurase/Library/CloudStorage/GoogleDrive-cy23247@shibaura-it.ac.jp/マイドライブ/練習動画/コーチング(beta)/2025 3 18 駿水さんコーチング/2025-03-18_1457-南-2.8_駿水さんコーチング_30.MOV,/Users/reimurase/Library/CloudStorage/GoogleDrive-cy23247@shibaura-it.ac.jp/マイドライブ/練習動画/コーチング(beta)/2025 3 18 駿水さんコーチング/2025-03-18_駿水さんコーチング_30.MOV
/Users/reimurase/Library/CloudStorage/GoogleDrive-cy23247@shibaura-it.ac.jp/マイドライブ/練習動画/コーチング(beta)/2025 3 18 駿水さんコーチング/2025-03-18_1510-南-2.8_駿水さんコーチング_31.MOV,/Users/reimurase/Library/CloudStorage/GoogleDrive-cy23247@shibaura-it.ac.jp/マイドライブ/練習動画/コーチング(beta)/2025 3 18 駿水さんコーチング/2025-03-18_駿水さんコーチング_31.MOV
/Users/reimurase/Library/CloudStorage/GoogleDrive-cy23247@shibaura-it.ac.jp/マイドライブ/練習動画/コーチング(beta)/2025 3 18 駿水さんコーチング/2025-03-18_1516-南-2.8_駿水さんコーチング_32.MOV,/Users/reimurase/Library/CloudStorage/GoogleDrive-cy23247@shibaura-it.ac.jp/マイドライブ/練習動画/コーチング(beta)/2025 3 18 駿水さんコーチング/2025-03-18_駿水さんコーチング_32.MOV
/Users/reimurase/Library/CloudStorage/GoogleDrive-cy23247@shibaura-it.ac.jp/マイドライブ/練習動画/コーチング(beta)/2025 3 18 駿水さんコーチング/2025-03-18_1523-南-2.8_駿水さんコーチング_33.MOV,/Users/reimurase/Library/CloudStorage/GoogleDrive-cy23247@shibaura-it.ac.jp/マイドライブ/練習動画/コーチング(beta)/2025 3 18 駿水さんコーチング/2025-03-18_駿水さんコーチング_33.MOV
/Users/reimurase/Library/CloudStorage/GoogleDrive-cy23247@shibaura-it.ac.jp/マイドライブ/練習動画/コーチング(beta)/2025 3 18 駿水さんコーチング/2025-03-18_1525-南-2.8_駿水さんコーチング_34.MOV,/Users/reimurase/Library/CloudStorage/GoogleDrive-cy23247@shibaura-it.ac.jp/マイドライブ/練習動画/コーチング(beta)/2025 3 18 駿水さんコーチング/2025-03-18_駿水さんコーチング_34.MOV
/Users/reimurase/Library/CloudStorage/GoogleDrive-cy23247@shibaura-it.ac.jp/マイドライブ/練習動画/コーチング(beta)/2025 3 18 駿水さんコーチング/2025-03-18_1550-南-3.9_駿水さんコーチング_35.MOV,/Users/reimurase/Library/CloudStorage/GoogleDrive-cy23247@shibaura-it.ac.jp/マイドライブ/練習動画/コーチング(beta)/2025 3 18 駿水さんコーチング/2025-03-18_駿水さんコーチング_35.MOV
/Users/reimurase/Library/CloudStorage/GoogleDrive-cy23247@shibaura-it.ac.jp/マイドライブ/練習動画/コーチング(beta)/2025 3 18 駿水さんコーチング/2025-03-18_1552-南-3.9_駿水さんコーチング_36.MOV,/Users/reimurase/Library/CloudStorage/GoogleDrive-cy23247@shibaura-it.ac.jp/マイドライブ/練習動画/コーチング(beta)/2025 3 18 駿水さんコーチング/2025-03-18_駿水さんコーチング_36.MOV
/Users/reimurase/Library/CloudStorage/GoogleDrive-cy23247@shibaura-it.ac.jp/マイドライブ/練習動画/コーチング(beta)/2025 3 18 駿水さんコーチング/2025-03-18_1612-南-3.9_駿水さんコーチング_37.MOV,/Users/reimurase/Library/CloudStorage/GoogleDrive-cy23247@shibaura-it.ac.jp/マイドライブ/練習動画/コーチング(beta)/2025 3 18 駿水さんコーチング/2025-03-18_駿水さんコーチング_37.MOV
/Users/reimurase/Library/CloudStorage/GoogleDrive-cy23247@shibaura-it.ac.jp/マイドライブ/練習動画/コーチング(beta)/2025 3 18 駿水さんコーチング/2025-03-18_1613-南-3.9_駿水さんコーチング_38.MOV,/Users/reimurase/Library/CloudStorage/GoogleDrive-cy23247@shibaura-it.ac.jp/マイドライブ/練習動画/コーチング(beta)/2025 3 18 駿水さんコーチング/2025-03-18_駿水さんコーチング_38.MOV
/Users/reimurase/Library/CloudStorage/GoogleDrive-cy23247@shibaura-it.ac.jp/マイドライブ/練習動画/コーチング(beta)/2025 3 18 駿水さんコーチング/2025-03-18_1625-南-3.9_駿水さんコーチング_39.MOV,/Users/reimurase/Library/CloudStorage/GoogleDrive-cy23247@shibaura-it.ac.jp/マイドライブ/練習動画/コーチング(beta)/2025 3 18 駿水さんコーチング/2025-03-18_駿水さんコーチング_39.MOV
/Users/reimurase/Library/CloudStorage/GoogleDrive-cy23247@shibaura-it.ac.jp/マイドライブ/練習動画/コーチング(beta)/2025 3 18 駿水さんコーチング/2025-03-18_1627-南-3.9_駿水さんコーチング_40.MOV,/Users/reimurase/Library/CloudStorage/GoogleDrive-cy23247@shibaura-it.ac.jp/マイドライブ/練習動画/コーチング(beta)/2025 3 18 駿水さんコーチング/2025-03-18_駿水さんコーチング_40.MOV
/Users/reimurase/Library/CloudStorage/GoogleDrive-cy23247@shibaura-it.ac.jp/マイドライブ/練習動画/コーチング(beta)/2025 3 17 駿水さんコーチング/2025-03-17_1612-南-5.3_駿水さんコーチング_01.MP4,/Users/reimurase/Library/CloudStorage/GoogleDrive-cy23247@shibaura-it.ac.jp/マイドライブ/練習動画/コーチング(beta)/2025 3 17 駿水さんコーチング/2025-03-17_駿水さんコーチング_01.MP4
/Users/reimurase/Library/CloudStorage/GoogleDrive-cy23247@shibaura-it.ac.jp/マイドライブ/練習動画/コーチング(beta)/2025 3 17 駿水さんコーチング/2025-03-17_1117-西南西-5.2_駿水さんコーチング_02.MOV,/Users/reimurase/Library/CloudStorage/GoogleDrive-cy23247@shibaura-it.ac.jp/マイドライブ/練習動画/コーチング(beta)/2025 3 17 駿水さんコーチング/2025-03-17_駿水さんコーチング_02.MOV
/Users/reimurase/Library/CloudStorage/GoogleDrive-cy23247@shibaura-it.ac.jp/マイドライブ/練習動画/コーチング(beta)/2025 3 17 駿水さんコーチング/2025-03-17_1204-西南西-5.3_駿水さんコーチング_03.MOV,/Users/reimurase/Library/CloudStorage/GoogleDrive-cy23247@shibaura-it.ac.jp/マイドライブ/練習動画/コーチング(beta)/2025 3 17 駿水さんコーチング/2025-03-17_駿水さんコーチング_03.MOV
/Users/reimurase/Library/CloudStorage/GoogleDrive-cy23247@shibaura-it.ac.jp/マイドライブ/練習動画/コーチング(beta)/2025 3 17 駿水さんコーチング/2025-03-17_1231-西-3.6_駿水さんコーチング_04.MOV,/Users/reimurase/Library/CloudStorage/GoogleDrive-cy23247@shibaura-it.ac.jp/マイドライブ/練習動画/コーチング(beta)/2025 3 17 駿水さんコーチング/2025-03-17_駿水さんコーチング_04.MOV
/Users/reimurase/Library/CloudStorage/GoogleDrive-cy23247@shibaura-it.ac.jp/マイドライブ/練習動画/コーチング(beta)/2025 3 17 駿水さんコーチング/2025-03-17_1526-北東-2.3_駿水さんコーチング_05.MOV,/Users/reimurase/Library/CloudStorage/GoogleDrive-cy23247@shibaura-it.ac.jp/マイドライブ/練習動画/コーチング(beta)/2025 3 17 駿水さんコーチング/2025-03-17_駿水さんコーチング_05.MOV
/Users/reimurase/Library/CloudStorage/GoogleDrive-cy23247@shibaura-it.ac.jp/マイドライブ/練習動画/コーチング(beta)/2025 3 17 駿水さんコーチング/2025-03-17_1552-北北東-1.7_駿水さんコーチング_06.MOV,/Users/reimurase/Library/CloudStorage/GoogleDrive-cy23247@shibaura-it.ac.jp/マイドライブ/練習動画/コーチング(beta)/2025 3 17 駿水さんコーチング/2025-03-17_駿水さんコーチング_06.MOV
/Users/reimurase/Library/CloudStorage/GoogleDrive-cy23247@shibaura-it.ac.jp/マイドライブ/練習動画/コーチング(beta)/2025 3 17 駿水さんコーチング/2025-03-17_1601-北北東-1.7_駿水さんコーチング_07.MOV,/Users/reimurase/Library/CloudStorage/GoogleDrive-cy23247@shibaura-it.ac.jp/マイドライブ/練習動画/コーチング(beta)/2025 3 17 駿水さんコーチング/2025-03-17_駿水さんコーチング_07.MOV
/Users/reimurase/Library/CloudStorage/GoogleDrive-cy23247@shibaura-it.ac.jp/マイドライブ/練習動画/コーチング(beta)/2025 3 17 駿水さんコーチング/2025-03-17_1636-北東-2.1_駿水さんコーチング_08.MOV,/Users/reimurase/Library/CloudStorage/GoogleDrive-cy23247@shibaura-it.ac.jp/マイドライブ/練習動画/コーチング(beta)/2025 3 17 駿水さんコーチング/2025-03-17_駿水さんコーチング_08.MOV
/Users/reimurase/Library/CloudStorage/GoogleDrive-cy23247@shibaura-it.ac.jp/マイドライブ/練習動画/コーチング(beta)/2025 3 17 駿水さんコーチング/2025-03-17_1756-北北東-4.1_駿水さんコーチング_09.MOV,/Users/reimurase/Library/CloudStorage/GoogleDrive-cy23247@shibaura-it.ac.jp/マイドライブ/練習動画/コーチング(beta)/2025 3 17 駿水さんコーチング/2025-03-17_駿水さんコーチング_09.MOV
/Users/reimurase/Library/CloudStorage/GoogleDrive-cy23247@shibaura-it.ac.jp/マイドライブ/練習動画/コーチング(beta)/2025.3.11 駿水さんコーチング/2025-03-11_0901-北東-2.3_駿水さんコーチング_01.MOV,/Users/reimurase/Library/CloudStorage/GoogleDrive-cy23247@shibaura-it.ac.jp/マイドライブ/練習動画/コーチング(beta)/2025.3.11 駿水さんコーチング/2025-03-11_駿水さんコーチング_01.MOV
/Users/reimurase/Library/CloudStorage/GoogleDrive-cy23247@shibaura-it.ac.jp/マイドライブ/練習動画/コーチング(beta)/2025.3.11 駿水さんコーチング/2025-03-11_1026-北東-1.7_駿水さんコーチング_02.MOV,/Users/reimurase/Library/CloudStorage/GoogleDrive-cy23247@shibaura-it.ac.jp/マイドライブ/練習動画/コーチング(beta)/2025.3.11 駿水さんコーチング/2025-03-11_駿水さんコーチング_02.MOV
/Users/reimurase/Library/CloudStorage/GoogleDrive-cy23247@shibaura-it.ac.jp/マイドライブ/練習動画/コーチング(beta)/2025.3.11 駿水さんコーチング/2025-03-11_1029-北東-1.7_駿水さんコーチング_03.MOV,/Users/reimurase/Library/CloudStorage/GoogleDrive-cy23247@shibaura-it.ac.jp/マイドライブ/練習動画/コーチング(beta)/2025.3.11 駿水さんコーチング/2025-03-11_駿水さんコーチング_03.MOV
/Users/reimurase/Library/CloudStorage/GoogleDrive-cy23247@shibaura-it.ac.jp/マイドライブ/練習動画/コーチング(beta)/2025.3.11 駿水さんコーチング/2025-03-11_1035-北東-1.0_駿水さんコーチング_04.MOV,/Users/reimurase/Library/CloudStorage/GoogleDrive-cy23247@shibaura-it.ac.jp/マイドライブ/練習動画/コーチング(beta)/2025.3.11 駿水さんコーチング/2025-03-11_駿水さんコーチング_04.MOV
/Users/reimurase/Library/CloudStorage/GoogleDrive-cy23247@shibaura-it.ac.jp/マイドライブ/練習動画/コーチング(beta)/2025.3.11 駿水さんコーチング/2025-03-11_1047-北東-1.0_駿水さんコーチング_05.MOV,/Users/reimurase/Library/CloudStorage/GoogleDrive-cy23247@shibaura-it.ac.jp/マイドライブ/練習動画/コーチング(beta)/2025.3.11 駿水さんコーチング/2025-03-11_駿水さんコーチング_05.MOV
/Users/reimurase/Library/CloudStorage/GoogleDrive-cy23247@shibaura-it.ac.jp/マイドライブ/練習動画/コーチング(beta)/2025.3.11 駿水さんコーチング/2025-03-11_1102-北東-1.0_駿水さんコーチング_06.MOV,/Users/reimurase/Library/CloudStorage/GoogleDrive-cy23247@shibaura-it.ac.jp/マイドライブ/練習動画/コーチング(beta)/2025.3.11 駿水さんコーチング/2025-03-11_駿水さんコーチング_06.MOV
/Users/reimurase/Library/CloudStorage/GoogleDrive-cy23247@shibaura-it.ac.jp/マイドライブ/練習動画/コーチング(beta)/2025.3.11 駿水さんコーチング/2025-03-11_1438-南南西-3.5_駿水さんコーチング_07.MOV,/Users/reimurase/Library/CloudStorage/GoogleDrive-cy23247@shibaura-it.ac.jp/マイドライブ/練習動画/コーチング(beta)/2025.3.11 駿水さんコーチング/2025-03-11_駿水さんコーチング_07.MOV
/Users/reimurase/Library/CloudStorage/GoogleDrive-cy23247@shibaura-it.ac.jp/マイドライブ/練習動画/コーチング(beta)/2025.3.11 駿水さんコーチング/2025-03-11_1532-南-2.6_駿水さんコーチング_08.MOV,/Users/reimurase/Library/CloudStorage/GoogleDrive-cy23247@shibaura-it.ac.jp/マイドライブ/練習動画/コーチング(beta)/2025.3.11 駿水さんコーチング/2025-03-11_駿水さんコーチング_08.MOV
/Users/reimurase/Library/CloudStorage/GoogleDrive-cy23247@shibaura-it.ac.jp/マイドライブ/練習動画/コーチング(beta)/2025.3.11 駿水さんコーチング/2025-03-11_1537-南-2.6_駿水さんコーチング_09.MOV,/Users/reimurase/Library/CloudStorage/GoogleDrive-cy23247@shibaura-it.ac.jp/マイドライブ/練習動画/コーチング(beta)/2025.3.11 駿水さんコーチング/2025-03-11_駿水さんコーチング_09.MOV
/Users/reimurase/Library/CloudStorage/GoogleDrive-cy23247@shibaura-it.ac.jp/マイドライブ/練習動画/コーチング(beta)/2025.3.11 駿水さんコーチング/2025-03-11_1549-南-2.6_駿水さんコーチング_10.MOV,/Users/reimurase/Library/CloudStorage/GoogleDrive-cy23247@shibaura-it.ac.jp/マイドライブ/練習動画/コーチング(beta)/2025.3.11 駿水さんコーチング/2025-03-11_駿水さんコーチング_10.MOV
/Users/reimurase/Library/CloudStorage/GoogleDrive-cy23247@shibaura-it.ac.jp/マイドライブ/練習動画/コーチング(beta)/2025.3.11 駿水さんコーチング/2025-03-11_1556-南-2.6_駿水さんコーチング_11.MOV,/Users/reimurase/Library/CloudStorage/GoogleDrive-cy23247@shibaura-it.ac.jp/マイドライブ/練習動画/コーチング(beta)/2025.3.11 駿水さんコーチング/2025-03-11_駿水さんコーチング_11.MOV
/Users/reimurase/Library/CloudStorage/GoogleDrive-cy23247@shibaura-it.ac.jp/マイドライブ/練習動画/コーチング(beta)/2025.3.11 駿水さんコーチング/2025-03-11_1614-南-2.6_駿水さんコーチング_12.MOV,/Users/reimurase/Library/CloudStorage/GoogleDrive-cy23247@shibaura-it.ac.jp/マイドライブ/練習動画/コーチング(beta)/2025.3.11 駿水さんコーチング/2025-03-11_駿水さんコーチング_12.MOV
/Users/reimurase/Library/CloudStorage/GoogleDrive-cy23247@shibaura-it.ac.jp/マイドライブ/練習動画/コーチング(beta)/2025.3.11 駿水さんコーチング/2025-03-11_1618-南-2.6_駿水さんコーチング_13.MOV,/Users/reimurase/Library/CloudStorage/GoogleDrive-cy23247@shibaura-it.ac.jp/マイドライブ/練習動画/コーチング(beta)/2025.3.11 駿水さんコーチング/2025-03-11_駿水さんコーチング_13.MOV
/Users/reimurase/Library/CloudStorage/GoogleDrive-cy23247@shibaura-it.ac.jp/マイドライブ/練習動画/コーチング(beta)/2025.3.11 駿水さんコーチング/2025-03-11_1626-南-2.6_駿水さんコーチング_14.MOV,/Users/reimurase/Library/CloudStorage/GoogleDrive-cy23247@shibaura-it.ac.jp/マイドライブ/練習動画/コーチング(beta)/2025.3.11 駿水さんコーチング/2025-03-11_駿水さんコーチング_14.MOV
/Users/reimurase/Library/CloudStorage/GoogleDrive-cy23247@shibaura-it.ac.jp/マイドライブ/練習動画/コーチング(beta)/2025 3 9/2025-03-09_1048-北北東-4.5_01.MOV,/Users/reimurase/Library/CloudStorage/GoogleDrive-cy23247@shibaura-it.ac.jp/マイドライブ/練習動画/コーチング(beta)/2025 3 9/2025-03-09_01.MOV
/Users/reimurase/Library/CloudStorage/GoogleDrive-cy23247@shibaura-it.ac.jp/マイドライブ/練習動画/コーチング(beta)/2025 3 9/2025-03-09_1048-北北東-4.5_02.MOV,/Users/reimurase/Library/CloudStorage/GoogleDrive-cy23247@shibaura-it.ac.jp/マイドライブ/練習動画/コーチング(beta)/2025 3 9/2025-03-09_02.MOV
/Users/reimurase/Library/CloudStorage/GoogleDrive-cy23247@shibaura-it.ac.jp/マイドライブ/練習動画/コーチング(beta)/2025 3 9/2025-03-09_1111-北北東-4.5_03.MOV,/Users/reimurase/Library/CloudStorage/GoogleDrive-cy23247@shibaura-it.ac.jp/マイドライブ/練習動画/コーチング(beta)/2025 3 9/2025-03-09_03.MOV
/Users/reimurase/Library/CloudStorage/GoogleDrive-cy23247@shibaura-it.ac.jp/マイドライブ/練習動画/コーチング(beta)/2025 3 9/2025-03-09_1422-北北東-5.1_04.MOV,/Users/reimurase/Library/CloudStorage/GoogleDrive-cy23247@shibaura-it.ac.jp/マイドライブ/練習動画/コーチング(beta)/2025 3 9/2025-03-09_04.MOV
/Users/reimurase/Library/CloudStorage/GoogleDrive-cy23247@shibaura-it.ac.jp/マイドライブ/練習動画/コーチング(beta)/2025 3 9/2025-03-09_1423-北北東-5.1_05.MOV,/Users/reimurase/Library/CloudStorage/GoogleDrive-cy23247@shibaura-it.ac.jp/マイドライブ/練習動画/コーチング(beta)/2025 3 9/2025-03-09_05.MOV
/Users/reimurase/Library/CloudStorage/GoogleDrive-cy23247@shibaura-it.ac.jp/マイドライブ/練習動画/コーチング(beta)/2025 3 9/2025-03-09_1520-北北東-4.5_06.MOV,/Users/reimurase/Library/CloudStorage/GoogleDrive-cy23247@shibaura-it.ac.jp/マイドライブ/練習動画/コーチング(beta)/2025 3 9/2025-03-09_06.MOV
/Users/reimurase/Library/CloudStorage/GoogleDrive-cy23247@shibaura-it.ac.jp/マイドライブ/練習動画/コーチング(beta)/2025 3 9/2025-03-09_1602-北東-4.2_07.MOV,/Users/reimurase/Library/CloudStorage/GoogleDrive-cy23247@shibaura-it.ac.jp/マイドライブ/練習動画/コーチング(beta)/2025 3 9/2025-03-09_07.MOV
/Users/reimurase/Library/CloudStorage/GoogleDrive-cy23247@shibaura-it.ac.jp/マイドライブ/練習動画/コーチング(beta)/2025 3 9/2025-03-09_1609-北東-4.2_08.MOV,/Users/reimurase/Library/CloudStorage/GoogleDrive-cy23247@shibaura-it.ac.jp/マイドライブ/練習動画/コーチング(beta)/2025 3 9/2025-03-09_08.MOV
/Users/reimurase/Library/CloudStorage/GoogleDrive-cy23247@shibaura-it.ac.jp/マイドライブ/練習動画/コーチング(beta)/2025 3 8/2025-03-08_1014-北北東-3.2_01.MOV,/Users/reimurase/Library/CloudStorage/GoogleDrive-cy23247@shibaura-it.ac.jp/マイドライブ/練習動画/コーチング(beta)/2025 3 8/2025-03-08_01.MOV
/Users/reimurase/Library/CloudStorage/GoogleDrive-cy23247@shibaura-it.ac.jp/マイドライブ/練習動画/コーチング(beta)/2025 03 04/2025-03-04_1306-北北東-3.9_01.MOV,/Users/reimurase/Library/CloudStorage/GoogleDrive-cy23247@shibaura-it.ac.jp/マイドライブ/練習動画/コーチング(beta)/2025 03 04/2025-03-04_01.MOV
/Users/reimurase/Library/CloudStorage/GoogleDrive-cy23247@shibaura-it.ac.jp/マイドライブ/練習動画/コーチング(beta)/2025 03 04/2025-03-04_1338-北-3.9_02.MOV,/Users/reimurase/Library/CloudStorage/GoogleDrive-cy23247@shibaura-it.ac.jp/マイドライブ/練習動画/コーチング(beta)/2025 03 04/2025-03-04_02.MOV
/Users/reimurase/Library/CloudStorage/GoogleDrive-cy23247@shibaura-it.ac.jp/マイドライブ/練習動画/コーチング(beta)/2025 2月22日/2025-02-22_1031-西南西-0.7_01.MOV,/Users/reimurase/Library/CloudStorage/GoogleDrive-cy23247@shibaura-it.ac.jp/マイドライブ/練習動画/コーチング(beta)/2025 2月22日/2025-02-22_01.MOV
/Users/reimurase/Library/CloudStorage/GoogleDrive-cy23247@shibaura-it.ac.jp/マイドライブ/練習動画/コーチング(beta)/2025 2月22日/2025-02-22_1034-西南西-0.7_02.MOV,/Users/reimurase/Library/CloudStorage/GoogleDrive-cy23247@shibaura-it.ac.jp/マイドライブ/練習動画/コーチング(beta)/2025 2月22日/2025-02-22_02.MOV
/Users/reimurase/Library/CloudStorage/GoogleDrive-cy23247@shibaura-it.ac.jp/マイドライブ/練習動画/コーチング(beta)/2025 2月22日/2025-02-22_1035-西南西-0.7_03.MOV,/Users/reimurase/Library/CloudStorage/GoogleDrive-cy23247@shibaura-it.ac.jp/マイドライブ/練習動画/コーチング(beta)/2025 2月22日/2025-02-22_03.MOV
/Users/reimurase/Library/CloudStorage/GoogleDrive-cy23247@shibaura-it.ac.jp/マイドライブ/練習動画/コーチング(beta)/2025 2月22日/2025-02-22_1037-西南西-0.7_04.MOV,/Users/reimurase/Library/CloudStorage/GoogleDrive-cy23247@shibaura-it.ac.jp/マイドライブ/練習動画/コーチング(beta)/2025 2月22日/2025-02-22_04.MOV
/Users/reimurase/Library/CloudStorage/GoogleDrive-cy23247@shibaura-it.ac.jp/マイドライブ/練習動画/コーチング(beta)/2025 2月22日/2025-02-22_1141-南-1.0_05.MOV,/Users/reimurase/Library/CloudStorage/GoogleDrive-cy23247@shibaura-it.ac.jp/マイドライブ/練習動画/コーチング(beta)/2025 2月22日/2025-02-22_05.MOV
/Users/reimurase/Library/CloudStorage/GoogleDrive-cy23247@shibaura-it.ac.jp/マイドライブ/練習動画/コーチング(beta)/2025 2月22日/2025-02-22_1216-南-1.0_06.MOV,/Users/reimurase/Library/CloudStorage/GoogleDrive-cy23247@shibaura-it.ac.jp/マイドライブ/練習動画/コーチング(beta)/2025 2月22日/2025-02-22_06.MOV
"/Users/reimurase/Library/CloudStorage/GoogleDrive-cy23247@shibaura-it.ac.jp/マイドライブ/練習動画/コーチング(beta)/3,11/2024-03-11_1415-北北西-5.8_01.MOV","/Users/reimurase/Library/CloudStorage/GoogleDrive-cy23247@shibaura-it.ac.jp/マイドライブ/練習動画/コーチング(beta)/3,11/2024-03-11_01.MOV"
"/Users/reimurase/Library/CloudStorage/GoogleDrive-cy23247@shibaura-it.ac.jp/マイドライブ/練習動画/コーチング(beta)/3,11/2024-03-11_1441-北北西-5.7_02.MOV","/Users/reimurase/Library/CloudStorage/GoogleDrive-cy23247@shibaura-it.ac.jp/マイドライブ/練習動画/コーチング(beta)/3,11/2024-03-11_02.MOV"
"/Users/reimurase/Library/CloudStorage/GoogleDrive-cy23247@shibaura-it.ac.jp/マイドライブ/練習動画/コーチング(beta)/3,11/2024-03-11_1442-北北西-5.7_03.MOV","/Users/reimurase/Library/CloudStorage/GoogleDrive-cy23247@shibaura-it.ac.jp/マイドライブ/練習動画/コーチング(beta)/3,11/2024-03-11_03.MOV"
/Users/reimurase/Library/CloudStorage/GoogleDrive-cy23247@shibaura-it.ac.jp/マイドライブ/練習動画/コーチング(beta)/12 7/2024-12-07_1447-北東-2.7_01.MOV,/Users/reimurase/Library/CloudStorage/GoogleDrive-cy23247@shibaura-it.ac.jp/マイドライブ/練習動画/コーチング(beta)/12 7/2024-12-07_01.MOV
/Users/reimurase/Library/CloudStorage/GoogleDrive-cy23247@shibaura-it.ac.jp/マイドライブ/練習動画/コーチング(beta)/12 7/2024-12-07_1505-北東-2.7_02.MOV,/Users/reimurase/Library/CloudStorage/GoogleDrive-cy23247@shibaura-it.ac.jp/マイドライブ/練習動画/コーチング(beta)/12 7/2024-12-07_02.MOV
/Users/reimurase/Library/CloudStorage/GoogleDrive-cy23247@shibaura-it.ac.jp/マイドライブ/練習動画/コーチング(beta)/12 7/2024-12-07_1527-北東-2.7_03.MOV,/Users/reimurase/Library/CloudStorage/GoogleDrive-cy23247@shibaura-it.ac.jp/マイドライブ/練習動画/コーチング(beta)/12 7/2024-12-07_03.MOV
/Users/reimurase/Library/CloudStorage/GoogleDrive-cy23247@shibaura-it.ac.jp/マイドライブ/練習動画/コーチング(beta)/12 7/2024-12-07_1527-北東-2.7_04.MOV,/Users/reimurase/Library/CloudStorage/GoogleDrive-cy23247@shibaura-it.ac.jp/マイドライブ/練習動画/コーチング(beta)/12 7/2024-12-07_04.MOV
/Users/reimurase/Library/CloudStorage/GoogleDrive-cy23247@shibaura-it.ac.jp/マイドライブ/練習動画/コーチング(beta)/12 7/2024-12-07_1530-北北東-2.4_05.MOV,/Users/reimurase/Library/CloudStorage/GoogleDrive-cy23247@shibaura-it.ac.jp/マイドライブ/練習動画/コーチング(beta)/12 7/2024-12-07_05.MOV
/Users/reimurase/Library/CloudStorage/GoogleDrive-cy23247@shibaura-it.ac.jp/マイドライブ/練習動画/コーチング(beta)/12 7/2024-12-07_1530-北北東-2.4_06.MOV,/Users/reimurase/Library/CloudStorage/GoogleDrive-cy23247@shibaura-it.ac.jp/マイドライブ/練習動画/コーチング(beta)/12 7/2024-12-07_06.MOV
/Users/reimurase/Library/CloudStorage/GoogleDrive-cy23247@shibaura-it.ac.jp/マイドライブ/練習動画/コーチング(beta)/12 7/2024-12-07_1538-北北東-2.4_07.MOV,/Users/reimurase/Library/CloudStorage/GoogleDrive-cy23247@shibaura-it.ac.jp/マイドライブ/練習動画/コーチング(beta)/12 7/2024-12-07_07.MOV
/Users/reimurase/Library/CloudStorage/GoogleDrive-cy23247@shibaura-it.ac.jp/マイドライブ/練習動画/コーチング(beta)/12 7/2024-12-07_1548-北北東-2.4_08.MOV,/Users/reimurase/Library/CloudStorage/GoogleDrive-cy23247@shibaura-it.ac.jp/マイドライブ/練習動画/コーチング(beta)/12 7/2024-12-07_08.MOV
/Users/reimurase/Library/CloudStorage/GoogleDrive-cy23247@shibaura-it.ac.jp/マイドライブ/練習動画/コーチング(beta)/12 7/2024-12-07_1548-北北東-2.4_09.MOV,/Users/reimurase/Library/CloudStorage/GoogleDrive-cy23247@shibaura-it.ac.jp/マイドライブ/練習動画/コーチング(beta)/12 7/2024-12-07_09.MOV
/Users/reimurase/Library/CloudStorage/GoogleDrive-cy23247@shibaura-it.ac.jp/マイドライブ/練習動画/コーチング(beta)/12 7/2024-12-07_0945-北北東-4.1_10.MOV,/Users/reimurase/Library/CloudStorage/GoogleDrive-cy23247@shibaura-it.ac.jp/マイドライブ/練習動画/コーチング(beta)/12 7/2024-12-07_10.MOV
/Users/reimurase/Library/CloudStorage/GoogleDrive-cy23247@shibaura-it.ac.jp/マイドライブ/練習動画/コーチング(beta)/8月28日/2024-08-28_1006-南南東-4.1_01.MOV,/Users/reimurase/Library/CloudStorage/GoogleDrive-cy23247@shibaura-it.ac.jp/マイドライブ/練習動画/コーチング(beta)/8月28日/2024-08-28_01.MOV
/Users/reimurase/Library/CloudStorage/GoogleDrive-cy23247@shibaura-it.ac.jp/マイドライブ/練習動画/コーチング(beta)/8月28日/2024-08-28_1010-南南東-4.1_02.MOV,/Users/reimurase/Library/CloudStorage/GoogleDrive-cy23247@shibaura-it.ac.jp/マイドライブ/練習動画/コーチング(beta)/8月28日/2024-08-28_02.MOV
/Users/reimurase/Library/CloudStorage/GoogleDrive-cy23247@shibaura-it.ac.jp/マイドライブ/練習動画/コーチング(beta)/8月28日/2024-08-28_1025-南南東-4.1_03.MOV,/Users/reimurase/Library/CloudStorage/GoogleDrive-cy23247@shibaura-it.ac.jp/マイドライブ/練習動画/コーチング(beta)/8月28日/2024-08-28_03.MOV
/Users/reimurase/Library/CloudStorage/GoogleDrive-cy23247@shibaura-it.ac.jp/マイドライブ/練習動画/コーチング(beta)/8月28日/2024-08-28_1055-南南西-4.3_04.MOV,/Users/reimurase/Library/CloudStorage/GoogleDrive-cy23247@shibaura-it.ac.jp/マイドライブ/練習動画/コーチング(beta)/8月28日/2024-08-28_04.MOV
/Users/reimurase/Library/CloudStorage/GoogleDrive-cy23247@shibaura-it.ac.jp/マイドライブ/練習動画/コーチング(beta)/8月28日/2024-08-28_1103-南南西-4.3_05.MOV,/Users/reimurase/Library/CloudStorage/GoogleDrive-cy23247@shibaura-it.ac.jp/マイドライブ/練習動画/コーチング(beta)/8月28日/2024-08-28_05.MOV
/Users/reimurase/Library/CloudStorage/GoogleDrive-cy23247@shibaura-it.ac.jp/マイドライブ/練習動画/コーチング(beta)/8月28日/2024-08-28_1104-南南西-4.3_06.MOV,/Users/reimurase/Library/CloudStorage/GoogleDrive-cy23247@shibaura-it.ac.jp/マイドライブ/練習動画/コーチング(beta)/8月28日/2024-08-28_06.MOV
/Users/reimurase/Library/CloudStorage/GoogleDrive-cy23247@shibaura-it.ac.jp/マイドライブ/練習動画/コーチング(beta)/8月28日/2024-08-28_1107-南南西-4.3_07.MOV,/Users/reimurase/Library/CloudStorage/GoogleDrive-cy23247@shibaura-it.ac.jp/マイドライブ/練習動画/コーチング(beta)/8月28日/2024-08-28_07.MOV
/Users/reimurase/Library/CloudStorage/GoogleDrive-cy23247@shibaura-it.ac.jp/マイドライブ/練習動画/コーチング(beta)/8月28日/2024-08-28_1130-南西-3.5_08.MOV,/Users/reimurase/Library/CloudStorage/GoogleDrive-cy23247@shibaura-it.ac.jp/マイドライブ/練習動画/コーチング(beta)/8月28日/2024-08-28_08.MOV
/Users/reimurase/Library/CloudStorage/GoogleDrive-cy23247@shibaura-it.ac.jp/マイドライブ/練習動画/コーチング(beta)/8月28日/2024-08-28_1157-南西-3.5_09.MOV,/Users/reimurase/Library/CloudStorage/GoogleDrive-cy23247@shibaura-it.ac.jp/マイドライブ/練習動画/コーチング(beta)/8月28日/2024-08-28_09.MOV
/Users/reimurase/Library/CloudStorage/GoogleDrive-cy23247@shibaura-it.ac.jp/マイドライブ/練習動画/コーチング(beta)/8月28日/2024-08-28_1204-南西-3.5_10.MOV,/Users/reimurase/Library/CloudStorage/GoogleDrive-cy23247@shibaura-it.ac.jp/マイドライブ/練習動画/コーチング(beta)/8月28日/2024-08-28_10.MOV
/Users/reimurase/Library/CloudStorage/GoogleDrive-cy23247@shibaura-it.ac.jp/マイドライブ/練習動画/コーチング(beta)/8月28日/2024-08-28_1243-南南西-3.5_11.MOV,/Users/reimurase/Library/CloudStorage/GoogleDrive-cy23247@shibaura-it.ac.jp/マイドライブ/練習動画/コーチング(beta)/8月28日/2024-08-28_11.MOV
/Users/reimurase/Library/CloudStorage/GoogleDrive-cy23247@shibaura-it.ac.jp/マイドライブ/練習動画/コーチング(beta)/8月28日/2024-08-28_1303-南南西-3.5_12.MOV,/Users/reimurase/Library/CloudStorage/GoogleDrive-cy23247@shibaura-it.ac.jp/マイドライブ/練習動画/コーチング(beta)/8月28日/2024-08-28_12.MOV
/Users/reimurase/Library/CloudStorage/GoogleDrive-cy23247@shibaura-it.ac.jp/マイドライブ/練習動画/コーチング(beta)/8月28日/2024-08-28_1304-南南西-3.5_13.MOV,/Users/reimurase/Library/CloudStorage/GoogleDrive-cy23247@shibaura-it.ac.jp/マイドライブ/練習動画/コーチング(beta)/8月28日/2024-08-28_13.MOV
/Users/reimurase/Library/CloudStorage/GoogleDrive-cy23247@shibaura-it.ac.jp/マイドライブ/練習動画/コーチング(beta)/8月28日/2024-08-28_1350-南南西-4.2_14.MOV,/Users/reimurase/Library/CloudStorage/GoogleDrive-cy23247@shibaura-it.ac.jp/マイドライブ/練習動画/コーチング(beta)/8月28日/2024-08-28_14.MOV
/Users/reimurase/Library/CloudStorage/GoogleDrive-cy23247@shibaura-it.ac.jp/マイドライブ/練習動画/コーチング(beta)/8月28日/2024-08-28_1401-南南西-4.2_15.MOV,/Users/reimurase/Library/CloudStorage/GoogleDrive-cy23247@shibaura-it.ac.jp/マイドライブ/練習動画/コーチング(beta)/8月28日/2024-08-28_15.MOV
/Users/reimurase/Library/CloudStorage/GoogleDrive-cy23247@shibaura-it.ac.jp/マイドライブ/練習動画/コーチング(beta)/8月28日/2024-08-28_1424-南南西-4.2_16.MOV,/Users/reimurase/Library/CloudStorage/GoogleDrive-cy23247@shibaura-it.ac.jp/マイドライブ/練習動画/コーチング(beta)/8月28日/2024-08-28_16.MOV
/Users/reimurase/Library/CloudStorage/GoogleDrive-cy23247@shibaura-it.ac.jp/マイドライブ/練習動画/コーチング(beta)/8月28日/2024-08-28_1425-南南西-4.2_17.MOV,/Users/reimurase/Library/CloudStorage/GoogleDrive-cy23247@shibaura-it.ac.jp/マイドライブ/練習動画/コーチング(beta)/8月28日/2024-08-28_17.MOV
/Users/reimurase/Library/CloudStorage/GoogleDrive-cy23247@shibaura-it.ac.jp/マイドライブ/練習動画/コーチング(beta)/8月28日/2024-08-28_0857-南南西-2.2_18.MOV,/Users/reimurase/Library/CloudStorage/GoogleDrive-cy23247@shibaura-it.ac.jp/マイドライブ/練習動画/コーチング(beta)/8月28日/2024-08-28_18.MOV
/Users/reimurase/Library/CloudStorage/GoogleDrive-cy23247@shibaura-it.ac.jp/マイドライブ/練習動画/コーチング(beta)/8月28日/2024-08-28_0902-南南西-2.2_19.MOV,/Users/reimurase/Library/CloudStorage/GoogleDrive-cy23247@shibaura-it.ac.jp/マイドライブ/練習動画/コーチング(beta)/8月28日/2024-08-28_19.MOV
/Users/reimurase/Library/CloudStorage/GoogleDrive-cy23247@shibaura-it.ac.jp/マイドライブ/練習動画/コーチング(beta)/8月28日/2024-08-28_0907-南南西-2.2_20.MOV,/Users/reimurase/Library/CloudStorage/GoogleDrive-cy23247@shibaura-it.ac.jp/マイドライブ/練習動画/コーチング(beta)/8月28日/2024-08-28_20.MOV
/Users/reimurase/Library/CloudStorage/GoogleDrive-cy23247@shibaura-it.ac.jp/マイドライブ/練習動画/コーチング(beta)/8月28日/2024-08-28_0908-南南西-2.2_21.MOV,/Users/reimurase/Library/CloudStorage/GoogleDrive-cy23247@shibaura-it.ac.jp/マイドライブ/練習動画/コーチング(beta)/8月28日/2024-08-28_21.MOV
/Users/reimurase/Library/CloudStorage/GoogleDrive-cy23247@shibaura-it.ac.jp/マイドライブ/練習動画/コーチング(beta)/8月28日/2024-08-28_0911-南南西-2.2_22.MOV,/Users/reimurase/Library/CloudStorage/GoogleDrive-cy23247@shibaura-it.ac.jp/マイドライブ/練習動画/コーチング(beta)/8月28日/2024-08-28_22.MOV
/Users/reimurase/Library/CloudStorage/GoogleDrive-cy23247@shibaura-it.ac.jp/マイドライブ/練習動画/コーチング(beta)/8月28日/2024-08-28_0911-南南西-2.2_23.MOV,/Users/reimurase/Library/CloudStorage/GoogleDrive-cy23247@shibaura-it.ac.jp/マイドライブ/練習動画/コーチング(beta)/8月28日/2024-08-28_23.MOV
/Users/reimurase/Library/CloudStorage/GoogleDrive-cy23247@shibaura-it.ac.jp/マイドライブ/練習動画/コーチング(beta)/8月28日/2024-08-28_0914-南南西-2.2_24.MOV,/Users/reimurase/Library/CloudStorage/GoogleDrive-cy23247@shibaura-it.ac.jp/マイドライブ/練習動画/コーチング(beta)/8月28日/2024-08-28_24.MOV
/Users/reimurase/Library/CloudStorage/GoogleDrive-cy23247@shibaura-it.ac.jp/マイドライブ/練習動画/コーチング(beta)/8月28日/2024-08-28_0917-南南西-2.2_25.MOV,/Users/reimurase/Library/CloudStorage/GoogleDrive-cy23247@shibaura-it.ac.jp/マイドライブ/練習動画/コーチング(beta)/8月28日/2024-08-28_25.MOV
/Users/reimurase/Library/CloudStorage/GoogleDrive-cy23247@shibaura-it.ac.jp/マイドライブ/練習動画/コーチング(beta)/8月28日/2024-08-28_0919-南南西-2.2_26.MOV,/Users/reimurase/Library/CloudStorage/GoogleDrive-cy23247@shibaura-it.ac.jp/マイドライブ/練習動画/コーチング(beta)/8月28日/2024-08-28_26.MOV
/Users/reimurase/Library/CloudStorage/GoogleDrive-cy23247@shibaura-it.ac.jp/マイドライブ/練習動画/コーチング(beta)/8月28日/2024-08-28_0932-南西-1.4_27.MOV,/Users/reimurase/Library/CloudStorage/GoogleDrive-cy23247@shibaura-it.ac.jp/マイドライブ/練習動画/コーチング(beta)/8月28日/2024-08-28_27.MOV
/Users/reimurase/Library/CloudStorage/GoogleDrive-cy23247@shibaura-it.ac.jp/マイドライブ/練習動画/コーチング(beta)/8月28日/2024-08-28_0934-南西-1.4_28.MOV,/Users/reimurase/Library/CloudStorage/GoogleDrive-cy23247@shibaura-it.ac.jp/マイドライブ/練習動画/コーチング(beta)/8月28日/2024-08-28_28.MOV
/Users/reimurase/Library/CloudStorage/GoogleDrive-cy23247@shibaura-it.ac.jp/マイドライブ/練習動画/コーチング(beta)/8月28日/2024-08-28_0934-南西-1.4_29.MOV,/Users/reimurase/Library/CloudStorage/GoogleDrive-cy23247@shibaura-it.ac.jp/マイドライブ/練習動画/コーチング(beta)/8月28日/2024-08-28_29.MOV
/Users/reimurase/Library/CloudStorage/GoogleDrive-cy23247@shibaura-it.ac.jp/マイドライブ/練習動画/コーチング(beta)/8月28日/2024-08-28_0935-南西-1.4_30.MOV,/Users/reimurase/Library/CloudStorage/GoogleDrive-cy23247@shibaura-it.ac.jp/マイドライブ/練習動画/コーチング(beta)/8月28日/2024-08-28_30.MOV
/Users/reimurase/Library/CloudStorage/GoogleDrive-cy23247@shibaura-it.ac.jp/マイドライブ/練習動画/コーチング(beta)/8月28日/2024-08-28_1022-南西-1.4_31.MOV,/Users/reimurase/Library/CloudStorage/GoogleDrive-cy23247@shibaura-it.ac.jp/マイドライブ/練習動画/コーチング(beta)/8月28日/2024-08-28_31.MOV
/Users/reimurase/Library/CloudStorage/GoogleDrive-cy23247@shibaura-it.ac.jp/マイドライブ/練習動画/コーチング(beta)/8月28日/2024-08-28_1029-南西-1.4_32.MOV,/Users/reimurase/Library/CloudStorage/GoogleDrive-cy23247@shibaura-it.ac.jp/マイドライブ/練習動画/コーチング(beta)/8月28日/2024-08-28_32.MOV
/Users/reimurase/Library/CloudStorage/GoogleDrive-cy23247@shibaura-it.ac.jp/マイドライブ/練習動画/コーチング(beta)/8月28日/2024-08-28_1043-南西-1.3_33.MOV,/Users/reimurase/Library/CloudStorage/GoogleDrive-cy23247@shibaura-it.ac.jp/マイドライブ/練習動画/コーチング(beta)/8月28日/2024-08-28_33.MOV
/Users/reimurase/Library/CloudStorage/GoogleDrive-cy23247@shibaura-it.ac.jp/マイドライブ/練習動画/コーチング(beta)/8月28日/2024-08-28_1049-南西-1.3_34.MOV,/Users/reimurase/Library/CloudStorage/GoogleDrive-cy23247@shibaura-it.ac.jp/マイドライブ/練習動画/コーチング(beta)/8月28日/2024-08-28_34.MOV
/Users/reimurase/Library/CloudStorage/GoogleDrive-cy23247@shibaura-it.ac.jp/マイドライブ/練習動画/コーチング(beta)/8月28日/2024-08-28_1103-南西-1.3_35.MOV,/Users/reimurase/Library/CloudStorage/GoogleDrive-cy23247@shibaura-it.ac.jp/マイドライブ/練習動画/コーチング(beta)/8月28日/2024-08-28_35.MOV
/Users/reimurase/Library/CloudStorage/GoogleDrive-cy23247@shibaura-it.ac.jp/マイドライブ/練習動画/コーチング(beta)/8月28日/2024-08-28_1106-南西-1.3_36.MOV,/Users/reimurase/Library/CloudStorage/GoogleDrive-cy23247@shibaura-it.ac.jp/マイドライブ/練習動画/コーチング(beta)/8月28日/2024-08-28_36.MOV
/Users/reimurase/Library/CloudStorage/GoogleDrive-cy23247@shibaura-it.ac.jp/マイドライブ/練習動画/コーチング(beta)/8月28日/2024-08-28_1106-南西-1.3_37.MOV,/Users/reimurase/Library/CloudStorage/GoogleDrive-cy23247@shibaura-it.ac.jp/マイドライブ/練習動画/コーチング(beta)/8月28日/2024-08-28_37.MOV
/Users/reimurase/Library/CloudStorage/GoogleDrive-cy23247@shibaura-it.ac.jp/マイドライブ/練習動画/コーチング(beta)/8月28日/2024-08-28_1133-南南西-3.3_38.MOV,/Users/reimurase/Library/CloudStorage/GoogleDrive-cy23247@shibaura-it.ac.jp/マイドライブ/練習動画/コーチング(beta)/8月28日/2024-08-28_38.MOV
/Users/reimurase/Library/CloudStorage/GoogleDrive-cy23247@shibaura-it.ac.jp/マイドライブ/練習動画/コーチング(beta)/8月28日/2024-08-28_1135-南南西-3.3_39.MOV,/Users/reimurase/Library/CloudStorage/GoogleDrive-cy23247@shibaura-it.ac.jp/マイドライブ/練習動画/コーチング(beta)/8月28日/2024-08-28_39.MOV
/Users/reimurase/Library/CloudStorage/GoogleDrive-cy23247@shibaura-it.ac.jp/マイドライブ/練習動画/コーチング(beta)/8月28日/2024-08-28_1145-南南西-3.3_40.MOV,/Users/reimurase/Library/CloudStorage/GoogleDrive-cy23247@shibaura-it.ac.jp/マイドライブ/練習動画/コーチング(beta)/8月28日/2024-08-28_40.MOV
/Users/reimurase/Library/CloudStorage/GoogleDrive-cy23247@shibaura-it.ac.jp/マイドライブ/練習動画/コーチング(beta)/8月28日/2024-08-28_1216-南南西-3.3_41.MOV,/Users/reimurase/Library/CloudStorage/GoogleDrive-cy23247@shibaura-it.ac.jp/マイドライブ/練習動画/コーチング(beta)/8月28日/2024-08-28_41.MOV
/Users/reimurase/Library/CloudStorage/GoogleDrive-cy23247@shibaura-it.ac.jp/マイドライブ/練習動画/コーチング(beta)/8月28日/2024-08-28_1220-南南西-3.3_42.MOV,/Users/reimurase/Library/CloudStorage/GoogleDrive-cy23247@shibaura-it.ac.jp/マイドライブ/練習動画/コーチング(beta)/8月28日/2024-08-28_42.MOV
/Users/reimurase/Library/CloudStorage/GoogleDrive-cy23247@shibaura-it.ac.jp/マイドライブ/練習動画/コーチング(beta)/8月28日/2024-08-28_1229-南南西-3.3_43.MOV,/Users/reimurase/Library/CloudStorage/GoogleDrive-cy23247@shibaura-it.ac.jp/マイドライブ/練習動画/コーチング(beta)/8月28日/2024-08-28_43.MOV
/Users/reimurase/Library/CloudStorage/GoogleDrive-cy23247@shibaura-it.ac.jp/マイドライブ/練習動画/コーチング(beta)/8月28日/2024-08-28_2216-北-3.5_44.mov,/Users/reimurase/Library/CloudStorage/GoogleDrive-cy23247@shibaura-it.ac.jp/マイドライブ/練習動画/コーチング(beta)/8月28日/2024-08-28_44.mov
/Users/reimurase/Library/CloudStorage/GoogleDrive-cy23247@shibaura-it.ac.jp/マイドライブ/練習動画/コーチング(beta)/1228/2024-12-28_1331-西北西-3.1_01.MOV,/Users/reimurase/Library/CloudStorage/GoogleDrive-cy23247@shibaura-it.ac.jp/マイドライブ/練習動画/コーチング(beta)/1228/2024-12-28_01.MOV
/Users/reimurase/Library/CloudStorage/GoogleDrive-cy23247@shibaura-it.ac.jp/マイドライブ/練習動画/コーチング(beta)/1228/2024-12-28_1415-西北西-3.1_02.MOV,/Users/reimurase/Library/CloudStorage/GoogleDrive-cy23247@shibaura-it.ac.jp/マイドライブ/練習動画/コーチング(beta)/1228/2024-12-28_02.MOV
/Users/reimurase/Library/CloudStorage/GoogleDrive-cy23247@shibaura-it.ac.jp/マイドライブ/練習動画/コーチング(beta)/1228/2024-12-28_1454-北-2.7_03.MOV,/Users/reimurase/Library/CloudStorage/GoogleDrive-cy23247@shibaura-it.ac.jp/マイドライブ/練習動画/コーチング(beta)/1228/2024-12-28_03.MOV
/Users/reimurase/Library/CloudStorage/GoogleDrive-cy23247@shibaura-it.ac.jp/マイドライブ/練習動画/コーチング(beta)/1228/2024-12-28_1458-北-2.7_04.MOV,/Users/reimurase/Library/CloudStorage/GoogleDrive-cy23247@shibaura-it.ac.jp/マイドライブ/練習動画/コーチング(beta)/1228/2024-12-28_04.MOV
/Users/reimurase/Library/CloudStorage/GoogleDrive-cy23247@shibaura-it.ac.jp/マイドライブ/練習動画/コーチング(beta)/1228/2024-12-28_1501-北-2.7_05.MOV,/Users/reimurase/Library/CloudStorage/GoogleDrive-cy23247@shibaura-it.ac.jp/マイドライブ/練習動画/コーチング(beta)/1228/2024-12-28_05.MOV
/Users/reimurase/Library/CloudStorage/GoogleDrive-cy23247@shibaura-it.ac.jp/マイドライブ/練習動画/コーチング(beta)/1228/2024-12-28_1517-北-2.7_06.MOV,/Users/reimurase/Library/CloudStorage/GoogleDrive-cy23247@shibaura-it.ac.jp/マイドライブ/練習動画/コーチング(beta)/1228/2024-12-28_06.MOV
/Users/reimurase/Library/CloudStorage/GoogleDrive-cy23247@shibaura-it.ac.jp/マイドライブ/練習動画/コーチング(beta)/1228/2024-12-28_1521-北-2.7_07.MOV,/Users/reimurase/Library/CloudStorage/GoogleDrive-cy23247@shibaura-it.ac.jp/マイドライブ/練習動画/コーチング(beta)/1228/2024-12-28_07.MOV
/Users/reimurase/Library/CloudStorage/GoogleDrive-cy23247@shibaura-it.ac.jp/マイドライブ/練習動画/コーチング(beta)/1228/2024-12-28_1525-北-2.7_08.MOV,/Users/reimurase/Library/CloudStorage/GoogleDrive-cy23247@shibaura-it.ac.jp/マイドライブ/練習動画/コーチング(beta)/1228/2024-12-28_08.MOV
/Users/reimurase/Library/CloudStorage/GoogleDrive-cy23247@shibaura-it.ac.jp/マイドライブ/練習動画/コーチング(beta)/1228/2024-12-28_1529-北-2.7_09.MOV,/Users/reimurase/Library/CloudStorage/GoogleDrive-cy23247@shibaura-it.ac.jp/マイドライブ/練習動画/コーチング(beta)/1228/2024-12-28_09.MOV
/Users/reimurase/Library/CloudStorage/GoogleDrive-cy23247@shibaura-it.ac.jp/マイドライブ/練習動画/コーチング(beta)/1228/2024-12-28_1530-北北東-3.7_10.MOV,/Users/reimurase/Library/CloudStorage/GoogleDrive-cy23247@shibaura-it.ac.jp/マイドライブ/練習動画/コーチング(beta)/1228/2024-12-28_10.MOV
/Users/reimurase/Library/CloudStorage/GoogleDrive-cy23247@shibaura-it.ac.jp/マイドライブ/練習動画/コーチング(beta)/1228/2024-12-28_1535-北北東-3.7_11.MOV,/Users/reimurase/Library/CloudStorage/GoogleDrive-cy23247@shibaura-it.ac.jp/マイドライブ/練習動画/コーチング(beta)/1228/2024-12-28_11.MOV
/Users/reimurase/Library/CloudStorage/GoogleDrive-cy23247@shibaura-it.ac.jp/マイドライブ/練習動画/コーチング(beta)/1228/2024-12-28_1538-北北東-3.7_12.MOV,/Users/reimurase/Library/CloudStorage/GoogleDrive-cy23247@shibaura-it.ac.jp/マイドライブ/練習動画/コーチング(beta)/1228/2024-12-28_12.MOV
