id,title,category,reason,year,day,explicit_date
oR9SktcufVA,"Day 5 | 2026 470 World Championship, Enoshima JPN",keep,race footage,2026,5,
6hOc1NWBYO8,Gold Fleet Race 5 | 470 World Championship,keep,race footage,,,
QvlsFjAtpMk,Gold Fleet Race 4 | 470 World Championship,keep,race footage,,,
eRu-PlCYCkw,"Day 4 | 2026 470 World Championship, Enoshima JPN",keep,race footage,2026,4,
VYSo9eQIz0g,Gold Fleet Race 2 | 470 World Championship – Afternoon Racing,keep,race footage,,,
t1MsWOjT4EQ,Gold Fleet Race 1 | 470 World Championship – Full Video Coverage,keep,race footage,,,
e-hUkJ67G-o,"Day 3 | 2026 470 World Championship, Enoshima JPN",keep,race footage,2026,3,
LA4VYmWg2DY,"Day 2 | 2026 470 World Championship, Enoshima JPN",keep,race footage,2026,2,
5bEyrRSGHKc,"Day 1 | 2026 470 World Championship, Enoshima JPN",keep,race footage,2026,1,
_OOz4GxwoTk,"Day 0 | 2026 470 World Championship, Enoshima JPN",keep,race footage,2026,0,
z_5wyvvT1rU,"Day 5 | 2026 420 & 470 Junior European Championship, Nida LTU",keep,race footage,2026,5,
hGNgNHxAsUw,"Day 4 | 2026 420 & 470 Junior European Championship, Nida LTU",keep,race footage,2026,4,
nmXUJouDVhA,"Day 3 | 2026 420 & 470 Junior European Championship, Nida LTU",keep,race footage,2026,3,
4M6T9h39HC0,"Day 2 | 2026 420 & 470 Junior European Championship, Nida LTU",keep,race footage,2026,2,
6-iQObbbii4,"Day 1 | 2026 420 & 470 Junior European Championship, Nida LTU",keep,race footage,2026,1,
K6-1GoHExys,2025 470 Junior World Championships | Recap,review,uncertain (no race/day/date signal),2025,,
9Fx5jYB0sEY,Winners | 2025 470 European Championship Split CRO,excluded,winners/NADINE (user filter),2025,,
KTH5yVB7Xvk,Day 5 Race Winners | 2025 470 European Championship Split CRO,excluded,winners/NADINE (user filter),2025,5,
s2srZUF3Ohk,Day 4 Race Winners | 2025 470 European Championship Split CRO,excluded,winners/NADINE (user filter),2025,4,
mWM92HxxdCA,Day 3 Race Winners | 2025 470 European Championship Split CRO,excluded,winners/NADINE (user filter),2025,3,
st1kPJYDuKs,Day 2 Race Winners | 2025 470 European Championship Split CRO,excluded,winners/NADINE (user filter),2025,2,
FPihD6ohNCY,Day 1 Race Winners | 2025 470 European Championship Split CRO,excluded,winners/NADINE (user filter),2025,1,
X-klzYcLrBY,NADINE AVARI & MEHBOOB ZAKIR´S (PAK) TRAINING IN GREECE,excluded,winners/NADINE (user filter),,,
OIOGj0KgI5w,Day 6 | 2024 420/470 Junior European Championship,keep,race footage,2024,6,
XOlZQtRu404,"Day 6 | 2024 470 Junior European Championship, Thessaloniki GRE",keep,race footage,2024,6,
8Y5vgw8fToY,Day 5 | 2024 420/470 Junior European Championship,keep,race footage,2024,5,
WsoKHgOuRfc,"Day 5 | 2024 470 Junior European Championship, Thessaloniki GRE",keep,race footage,2024,5,
WOv8dItBfvk,Day 4 | 2024 420/470 Junior European Championship,keep,race footage,2024,4,
TF2aa9UHwkY,"Day 4 | 2024 470 Junior European Championship, Thessaloniki GRE",keep,race footage,2024,4,
EhnKHyaJ1Dk,Day 3 | 2024 420/470 Junior European Championship,keep,race footage,2024,3,
qtthgQtPL4E,"Day 3 | 2024 470 Junior European Championship, Thessaloniki GRE",keep,race footage,2024,3,
2XlUHve8XXs,Day 2 |  2024 420/470 Junior European Championship,keep,race footage,2024,2,
G0Jcgge1NeQ,Day 1 | 2024 420/470 Junior European Championship,keep,race footage,2024,1,
yGZfYN8uV-E,2024 470 European Championship | Day 6 Highlights,keep,race footage,2024,6,
Pm_KL4p_O6c,2024 470 European Championship | Day 5 Highlights,keep,race footage,2024,5,
haH1cxLyq_g,2024 470 European Championship | Day 4 Highlights,keep,race footage,2024,4,
VuTms_naYVE,2024 470 European Championship | Day 3 Highlights,keep,race footage,2024,3,
1KeIS4X3FWQ,2024 470 European Championship | Day 2 Highlights,keep,race footage,2024,2,
k18QQlGNqXs,2024 470 European Championship | Day 1 Highlights,keep,race footage,2024,1,
JHngrJV3RuA,2024 470 Worlds Championship | Day 6 Highlights,keep,race footage,2024,6,
QWgQG9ZvFyI,2024 470 Worlds Championship | Day 5 Highlights,keep,race footage,2024,5,
3F14s5u38PY,2024 470 Worlds Championship | Day 4 Highlights,keep,race footage,2024,4,
_nL8bwCpeC0,2024 470 Worlds Championship | Day 3 Highlights,keep,race footage,2024,3,
Kr5yFbUqjOU,2024 470 Worlds Championship | Day 2 Highlights,keep,race footage,2024,2,
Mt4amqm8r6g,2024 470 World Championship | Day 1 Highlights,keep,race footage,2024,1,
_wNtSApX7e4,2024 470 World Championship | Opening Ceremony,drop,non-race (interview/promo/ceremony),2024,,
h_wyyP-Em-8,Highlights from 470 Class on Day 4 of the Allianz Sailing World Championships at The Hague,keep,race footage,,4,
-_KK_gl44eY,Highlights from 470 Class on Day 3 of the Allianz Sailing World Championships at The Hague,keep,race footage,,3,
tEuPtTvLaQQ,Highlights from 470 Class on Day 2 of the Allianz Sailing World Championships at The Hague,keep,race footage,,2,
fHMVeN9FqRI,Highlights from 470 Class on Day 1 of the Allianz Sailing World Championships at The Hague,keep,race footage,,1,
jC_azbbQMeU,2022 470 World Championship | Day 6,keep,race footage,2022,6,
hq52vNcVD_4,2022 470 World Championship | Day 5,keep,race footage,2022,5,
9UqV-eJ-kXA,2022 470 World Championship | Day 4,keep,race footage,2022,4,
FaNA_RPAr9E,2022 470 World Championship | Day 3,keep,race footage,2022,3,
-6eUFO6lS3o,2022 470 World Championship | Day 2,keep,race footage,2022,2,
KXSmxjJF67U,2022 470 World Championship | Day 1,keep,race footage,2022,1,
VcD_rOHizdI,"Highlights | 2022 470 European Championship, Çeşme TUR",keep,race footage,2022,,
5QQNNlU5gNM,2022 470 European Championship Italy Interview | Bronze medalists,drop,non-race (interview/promo/ceremony),2022,,
_dODhtTzJ2Q,2022 470 European Championship Spain Interview | Silver medalists,drop,non-race (interview/promo/ceremony),2022,,
wkv25cVDzIM,2022 470 European Championship Sweden Interview | Gold medalists,drop,non-race (interview/promo/ceremony),2022,,
s6qncTXyDsw,2022 470 European Championship | Day 2,keep,race footage,2022,2,
JOtU2AL67xM,2022 470 European Championship | Day 1,keep,race footage,2022,1,
zqpeDfVB-LU,2022 470 Junior Worlds | Medal race,keep,race footage,2022,,
6N1OpxPERds,2022 470 Junior Worlds | Race 8 and more,keep,race footage,2022,,
69ncWiyAzco,2022 470 Junior Worlds | Race 6 drone footage,keep,race footage,2022,,
xlTHnx_pG_I,2022 470 Junior Worlds | Raw drone footage,keep,race footage (secondary rule),2022,,
piPIjUaYXQk,"Race 11 | 2022 470 Masters Cup Tihany, HUN",keep,race footage,2022,,
b1lK67fJBV8,"Race 10 | 2022 470 Masters Cup Tihany, HUN",keep,race footage,2022,,
t-hvXQ-ntNs,"Race 9 | 2022 470 Masters Cup Tihany, HUN",keep,race footage,2022,,
8ajZKw7uGGI,"Race 8 | 2022 470 Masters Cup Tihany, HUN",keep,race footage,2022,,
u00Gp0a7vX4,"Race 7 | 2022 470 Masters Cup Tihany, HUN",keep,race footage,2022,,
yb-Tae43-90,"Race 3 | 2022 470 Masters Cup Tihany, HUN",keep,race footage,2022,,
tZ8qGmqxfmw,"Race 2 | 2022 470 Masters Cup Tihany, HUN",keep,race footage,2022,,
kxvTFYDfebQ,"Race 1 | 2022 470 Masters Cup Tihany, HUN",keep,race footage,2022,,
mmzcEkYDgMk,Prize Giving highlights - 2022 420 & 470 Junior Europeans,drop,non-race (interview/promo/ceremony),2022,,
ArI7aNPMCV8,Race day 5 highlights - 2022 420 & 470 Junior Europeans,keep,race footage,2022,5,
B2b9mySOrt0,Race day 4 highlights - 2022 420 & 470 Junior Europeans,keep,race footage,2022,4,
og2zbzPXiho,Race day 3 highlights - 2022 420 & 470 Junior Europeans,keep,race footage,2022,3,
SL7g3oRRndk,Race day 2 highlights - 2022 420 & 470 Junior Europeans,keep,race footage,2022,2,
CSrjYP4eFcU,Race day 1 highlights - 2022 420 & 470 Junior Europeans,keep,race footage,2022,1,
gRPaOXfwIM0,2021 470 MASTER'S CUP - Promo,drop,non-race (interview/promo/ceremony),2021,,
CiHLDklSLd0,"7 May - 2021 470 European Championship, Vilamoura, POR",keep,dated race footage,2021,,7 May 2021
Lc_G6L1ACns,"6 May - 2021 470 European Championship, Vilamoura, POR",keep,dated race footage,2021,,6 May 2021
nJ73st_R2lE,"5 May - 2021 470 European Championship, Vilamoura, POR",keep,dated race footage,2021,,5 May 2021
IPueVtLjcoA,"4 May - 2021 470 European Championship, Vilamoura, POR",keep,dated race footage,2021,,4 May 2021
loRqjqcyrNk,"3 May - 2021 470 European Championship, Vilamoura, POR",keep,dated race footage,2021,,3 May 2021
jp-nUy5xUBE,"2 May - 2021 470 European Championship, Vilamoura, POR",keep,dated race footage,2021,,2 May 2021
WkF0GEk5PL0,"1 May - 2021 470 European Championship, Vilamoura, POR",keep,dated race footage,2021,,1 May 2021
5Jlk9yydpuU,"30 April - 2021 470 European Championship, Vilamoura, POR",keep,dated race footage,2021,,30 April 2021
Kb_fI2yKFTE,"13 March - Medal Ceremony - 2021 470 World Championship, Vilamoura, Portugal",drop,non-race (interview/promo/ceremony),2021,,13 March 2021
RYd2bTmpLh0,"13 March - 2021 470 World Championship, Vilamoura, Portugal",keep,dated race footage,2021,,13 March 2021
97Q6Gx3EEO0,"12 March - 2021 470 World Championship, Vilamoura, Portugal",keep,dated race footage,2021,,12 March 2021
FSzvN-kVa5g,"11 March - 2021 470 World Championship, Vilamoura, Portugal",keep,dated race footage,2021,,11 March 2021
L3K25B0_bT4,"10 March - 2021 470 World Championship, Vilamoura, Portugal",keep,dated race footage,2021,,10 March 2021
12e5kLZ4EV4,"9 March - 2021 470 World Championship, Vilamoura, Portugal",keep,dated race footage,2021,,9 March 2021
yBEEM7d7j9k,"8 March - 2021 470 World Championship, Vilamoura, Portugal",keep,dated race footage,2021,,8 March 2021
zKyN6g-KcRE,"7 March - 2021 470 World Championship, Vilamoura, Portugal",keep,dated race footage,2021,,7 March 2021
ISqfdT3VJ24,"6 March - 2021 470 World Championship, Vilamoura, Portugal",keep,dated race footage,2021,,6 March 2021
pZkKUNlEcNE,"5 March - 2021 470 World Championship, Vilamoura, Portugal",keep,dated race footage,2021,,5 March 2021
fC3nOafZ_70,2003 Sprint Cup,keep,race footage (secondary rule),2003,,
nxorflT1quM,2020 Lanzarote Winter Series,drop,non-race (interview/promo/ceremony),2020,,
aqu79wJ4_Ag,470 Class 50th Anniversary Celebrations,drop,non-race (interview/promo/ceremony),,,
LkEcq-eYDbE,"Race Day 6 - 9 August - 2019 470 World Championship, Enoshima, Japan",keep,race footage,2019,6,9 August 2019
p8VS7npgMiI,"Race Day 5 - 8 August - 2019 470 World Championship, Enoshima, Japan",keep,race footage,2019,5,8 August 2019
iooPt4UNs0U,"Race Day 4: 7 August I 2019 470 World Championships, Enoshima, Japan",keep,race footage,2019,4,7 August 2019
J_49hc8bOo0,"Race Day 3: 6 August I 2019 470 World Championships, Enoshima, Japan",keep,race footage,2019,3,6 August 2019
tRutAaBHtzE,"Race Day 2 - 5 August - 2019 470 World Championships, Enoshima, Japan",keep,race footage,2019,2,5 August 2019
7D1Jr6cL5Gs,Tina Mrak/Veronika Macarol (SLO),drop,athlete profile/interview clip,,,
UmW6QCteHck,"Race Day 1 - 4 August - 2019 470 World Championship, Enoshima, Japan",keep,race footage,2019,1,4 August 2019
gTYVUov25UE,"Kevin Peponnet/Jeremie Mion (FRA) - 2019 470 World Championship, Enoshima, Japan",drop,athlete profile/interview clip,2019,,
LeAa3nCGD0A,"3 August - 2019 470 World Championships, Enoshima, Japan",keep,dated race footage,2019,,3 August 2019
MduWocUm_Nk,"Promo Video - 2019 470 World Championship, 2-9 August, Enoshima, Japan",drop,non-race (interview/promo/ceremony),2019,,9 August 2019
x2wQi7C5IqQ,"2 August - 2019 470 World Championship, Enoshima, Japan",keep,dated race footage,2019,,2 August 2019
lzfmz-MWRWQ,Xammar Rodriguez ESP,drop,athlete profile/interview clip,,,
I28LV-UeTgc,Zegers Berkhout 01,review,uncertain (no race/day/date signal),,,
NMccQLWUSNc,Xammar Rodriguez ENG,drop,athlete profile/interview clip,,,
IfojC-Rf3lw,Ferrari Calabrò,review,uncertain (no race/day/date signal),,,
CnlQuPpEg9o,Gabrio Zandonà,review,uncertain (no race/day/date signal),,,
XU0Zhj5oUdY,Mrak   Macarol,review,uncertain (no race/day/date signal),,,
6Xrs8bKNuUU,Mathew Belcher,review,uncertain (no race/day/date signal),,,
kfguGfWtaj8,Dahlberg   Bergstrom,review,uncertain (no race/day/date signal),,,
uRm6f5FUsyA,Lecointre Retornaz win,drop,athlete profile/interview clip,,,
8eyytr9Mf6w,Dahlberg Bergstrom,review,uncertain (no race/day/date signal),,,
tBEoBM3O1fA,Belcher Ryan,review,uncertain (no race/day/date signal),,,
UAWORsgrHCg,Mas De Pares   Cantero Reina ESP,drop,athlete profile/interview clip,,,
sAi0UxAHJ9o,Mantis Kagialis GRE,drop,athlete profile/interview clip,,,
3iH-zBdtd7U,Mantis Kagialis ENG,drop,athlete profile/interview clip,,,
je68nhe-8PQ,Mas De Pares   Cantero Reina ENG,drop,athlete profile/interview clip,,,
H5tKP0cEr0c,Marchesini FestoENG,drop,athlete profile/interview clip,,,
Fc_Be4b84hU,Kenichi Nakamura,review,uncertain (no race/day/date signal),,,
fKC_lEsEFds,Mills McIntyreBibsD3,drop,athlete profile/interview clip,,,
3GWxXQavLvI,BelcherBibsD3,drop,athlete profile/interview clip,,,
m_ggGyWW5aw,Bargher MahrBibsD3,drop,athlete profile/interview clip,,,
d5hTwjYBN-8,NicolàsLeBerreENG,drop,athlete profile/interview clip,,,
g8lFN1aX-4I,ElliotWillis,review,uncertain (no race/day/date signal),,,
bIsQcTAx3pI,AndrewBrown,review,uncertain (no race/day/date signal),,,
t7TxES4TFmM,MedalRaceW,keep,race footage (secondary rule),,,
GP5Dxxx2NsM,MedalRaceM,keep,race footage (secondary rule),,,
-OdalFE0rnU,Mills Mcintyre,review,uncertain (no race/day/date signal),,,
Q4J7pvYnpBU,Day 5: Highlights | 2019 470 European Championship,keep,race footage,2019,5,
QhJDgPzJC9A,Day 4: Highlights | 2019 470 European Championship,keep,race footage,2019,4,
WUNCYIFLM24,Day 3: Highlights | 2019 470 European Championship,keep,race footage,2019,3,
biPPGjdym2c,Day 1: Highlights | 2019 470 European Championship,keep,race footage,2019,1,
nQS-S92jaaw,2019 470 Europeans - Opening ceremony and measurements,drop,non-race (interview/promo/ceremony),2019,,
vrvMf69iIrE,2018 470 Junior World Championship - Official Promo,drop,non-race (interview/promo/ceremony),2018,,
l9V1wiaVJW4,2018 470 Junior World Championship - Day 5,keep,race footage,2018,5,
8H15j7WS6tk,2018 470 Junior World Championship - Day 2,keep,race footage,2018,2,
nipD9j0lp2M,2018 470 Junior World Championship - Day 1,keep,race footage,2018,1,
X0acGLHGYL4,2018 470 Junior World Championship - Day 6,keep,race footage,2018,6,
IKWnm53wnJk,2018 470 European Championships Burgas BGR: The movie,drop,non-race (interview/promo/ceremony),2018,,
Rlg3XhEFcbQ,2018 470 European Championship - Day 6,keep,race footage,2018,6,
gmXAzqYhgfU,2018 470 European Championship - Day 5,keep,race footage,2018,5,
lEfF8b802z8,470 downwind with Kilian Wagen and Gregoire Siegwart,drop,non-race (interview/promo/ceremony),,,
hRKP5gHZUvg,2018 470 European Championship - Day 4,keep,race footage,2018,4,
aQRycJFK_FM,2018 470 European Championship - Day 3,keep,race footage,2018,3,
OdiYtYv204w,470 start line tactics with Kilian Wagen and Gregoire Siegwart,drop,non-race (interview/promo/ceremony),,,
RcXakF31SBI,470 Open European Championship 2018 Day 2,keep,race footage,2018,2,
dHDL7FP8eXg,2018 470 European Championship - Day 1,keep,race footage,2018,1,
lyvven_QQDg,"2013 470 World Championships, La Rochelle FRA - The Movie",drop,non-race (interview/promo/ceremony),2013,,
Phi-SpIpxHU,2017 470 World Championship Thessaloniki GRE: The movie,drop,non-race (interview/promo/ceremony),2017,,
QI4Oo5KM6GE,2017 470 European Championships Monaco MON: The movie,drop,non-race (interview/promo/ceremony),2017,,
EuTBuyO3pxM,470 promo video 2008,drop,non-race (interview/promo/ceremony),2008,,
b2PSUkELyKI,2017 470 Junior Worlds - Day 6 (Final Day),keep,race footage,2017,6,
tso2kxIqBPU,2017 470 Junior Worlds - Day 5,keep,race footage,2017,5,
UP32sbq9K-g,2017 470 Junior Worlds - Day 4,keep,race footage,2017,4,
GG-tUBp8BJ0,2017 470 Junior Worlds - Day 3,keep,race footage,2017,3,
w4JbM_3eh7Q,2017 470 Junior Worlds - Day 2,keep,race footage,2017,2,
LXBmKhJxqMY,2017 470 Junior Worlds - Day 1,keep,race footage,2017,1,
Gm9Oe9IzHeY,2017 470 Junior Worlds - Day 0,keep,race footage,2017,0,
J3vdbAuUAAU,2017 470 World Championships 2017 - Day 6,keep,race footage,2017,6,
IjsghB858m8,2017 470 World Championships 2017 - Day 5,keep,race footage,2017,5,
T7FUZWmW408,2017 470 World Championships 2017 - Day 4,keep,race footage,2017,4,
meRitXAe0YI,2017 470 World Championships 2017 - Day 3,keep,race footage,2017,3,
DKKjYF3XyRw,2017 470 World Championships 2017 -  Day 2,keep,race footage,2017,2,
jNIMZ0oG-gE,2017 470 World Championships - Day 1,keep,race footage,2017,1,
qOg9czryxM0,2017 470 European Championship - Day 6,keep,race footage,2017,6,
rZPHjjHV-Co,2017 470 European Championship - Day 5,keep,race footage,2017,5,
1Fn25QEBZeY,2017 470 European Championship Day 4,keep,race footage,2017,4,
xCicomb_-1Y,2017 470 European Championship - Day 3,keep,race footage,2017,3,
tnb_JGtOYvo,2017 470 European Championship - Day 2,keep,race footage,2017,2,
sjuOw8GlI10,2017 470 European Championship - Day 1,keep,race footage,2017,1,
Z6-srrj4BRc,470 Class - The Racer's Choice,drop,non-race (interview/promo/ceremony),,,
EGw7spk4MnA,470 Class - wishing our Rio 2016 Sailors Every Success,drop,non-race (interview/promo/ceremony),2016,,
chpcGTsMX_M,Jordi Xammar (ESP),drop,athlete profile/interview clip,,,
gHWtL5d4Dk4,2016 470 European Championship - Day 6,keep,race footage,2016,6,
HLt6HGQBx6A,2016 470 European Championship - Day 5,keep,race footage,2016,5,
zC3JWg6dx30,2016 470 European Championship - Day 4,keep,race footage,2016,4,
6tGaJc2yu_I,2016 470 European Championship - Day 3,keep,race footage,2016,3,
w-BSQmAuMRQ,2016 470 European Championship - Day 2,keep,race footage,2016,2,
9i6p62ssSQM,2016 470 European Championship - Opening Day,keep,race footage (secondary rule),2016,,
8iIzGZ94sqc,470 World ARGENTINA2016_Day3,keep,race footage (secondary rule),,,
7j0W94jlXt4,"2016 470 World Championships San Isidro, Argentina",review,uncertain (no race/day/date signal),2016,,
WCLYX-a-nFY,2016 Cape Town Classic - Rigging & Prep,drop,non-race (interview/promo/ceremony),2016,,
dn4FpOP1ijE,"2015 470 World Championships Haifa, Israel - Day 6",keep,race footage,2015,6,
-1LDGtwJa68,Asenathi Jim/Roger Hudson (RSA) Interview after qualifying South Africa to 2016 Olympic Games,drop,non-race (interview/promo/ceremony),2016,,
l1pTG4mlNY8,"2015 470 World Championships Haifa, Israel - Day 5",keep,race footage,2015,5,
jtMrR2IkaWI,Asenathi Jim/Roger Hudson (RSA),drop,athlete profile/interview clip,,,
lvrArzIPS10,"2015 470 World Championships Haifa, Israel - Day 4",keep,race footage,2015,4,
P7TewddIKAM,Anton Dahlberg/Fredrik Bergstrom (SWE),drop,athlete profile/interview clip,,,
uqvDje-GCuM,"2015 470 World Championships Haifa, Israel - Day 3",keep,race footage,2015,3,
MhpCnj74JEM,"2015 470 World Championships Haifa, Israel - Day 2",keep,race footage,2015,2,
bUYuIuCoEqg,"2015 470 World Championships Haifa, Israel - Day 1",keep,race footage,2015,1,
rmkBFrflexk,Bàrbara Cornudella and Sara Lopez discuss the 2015 470 World Championships,drop,non-race (interview/promo/ceremony),2015,,
bD1ef21qZTo,"2015 470 Worlds - Day 1, 10 October 2015",keep,race footage,2015,1,10 October 2015
2WqKvYopNiU,2015 420 & 470 Junior European Championships - Day 6,keep,race footage,2015,6,
BYcSNS-5380,2015 420 & 470 Junior European Championships - Day 5,keep,race footage,2015,5,
ItbEygETGXw,2015 420 & 470 Junior European Championships - Day 4,keep,race footage,2015,4,
SaWwifUf0vA,2015 420 & 470 Junior European Championships - Day 3,keep,race footage,2015,3,
c_C4ZXWFlp0,2015 420 & 470 Junior European Championships - Day 2,keep,race footage,2015,2,
QVHFrUdyWyk,2015 420 & 470 Junior European Championships - Day 1,keep,race footage,2015,1,
X00Ul7Dg-OU,2015 470 Junior World Championships - Day 6,keep,race footage,2015,6,
ive6pnHMdg0,2015 470 Junior World Championships - Day 5,keep,race footage,2015,5,
MgzXvkzW80s,2015 470 Junior World Championships - Day 4,keep,race footage,2015,4,
oVaigoaFEeA,2015 470 Junior World Championships - Day 3,keep,race footage,2015,3,
tU8isOOclLw,2015 470 Junior World Championships - Day 2,keep,race footage,2015,2,
BDs2ZbOFI4w,2015 470 Junior World Championships - Day 1,keep,race footage,2015,1,
cKbNMvmcwVo,Ferdinand Gerz/Oliver Szymanksi (GER) – Gold Medal 470 Men European Championship,drop,athlete profile/interview clip,,,
cifbKQt85_A,Jo Aleh/Polly Powrie (NZL) win 2015 470 Women Open European Championship,drop,athlete profile/interview clip,2015,,
LV3IE9YKyQg,Stuart McNay/David Hughes (USA) win 2015 470 Men Open European Championship,drop,athlete profile/interview clip,2015,,
ZfLT1_J1_nw,Tina Mrak/Veronika Macarol (SLO) - Gold Medal 470 Women European Championships,drop,athlete profile/interview clip,,,
iGDsBO-dWGs,Tina Mrak/Veronika Macarol (SLO) and coach - Gold Medal 470 Women European Championships (Slovenian),drop,athlete profile/interview clip,,,
P8IrYU-42wo,Tina Mrak/Veronika Macarol (SLO) - Gold Medal 470 Women European Championships (in Slovenian),drop,athlete profile/interview clip,,,
mAmGUp7zQAY,Race Day 4 - 470 Open European Championships,keep,race footage,,4,
yfYQgNCwS4k,Race Day 3 - 470 Open European Championships - part 2,keep,race footage,,3,
cC8WxSszNQg,"Second day Europeans 470 - Aarhus, Part 1",review,uncertain (no race/day/date signal),,,
Y2ctSS7DB3o,Aarhus Sailing club,drop,non-race (interview/promo/ceremony),,,
ynWrfT-rSrY,"Champion wall, Aarhus - Denmark 2015",drop,non-race (interview/promo/ceremony),2015,,
1Dig6dHxX2c,"Back from the first day of competitions - 470 Europeans, Arrhus 29 Jun 2015",drop,non-race (interview/promo/ceremony),2015,,29 Jun 2015
OG-bkVWvSVA,"470 Europeans, Aarhus, Denmark",review,uncertain (no race/day/date signal),,,
u1hr1upNvTE,29 Jun 2015,keep,dated race footage,2015,,29 Jun 2015
huqV7TWUpoQ,"470 Europeans, Aarhus, Denmark; 27th June 2015.",keep,dated race footage,2015,,27 June 2015
849s7ExpYu8,"2014 470 European Championships, Athens Greece -  Interview from Belcher/Ryan and Patience/Willis",drop,non-race (interview/promo/ceremony),2014,,
mchbGe3hOXI,2014 470 European Championships - Medal Race,keep,race footage,2014,,
L1_aintU2hE,"2014 470 European Championships, Athens Greece  - Day 5",keep,race footage,2014,5,
W36QDGl-Gsw,"2014 470 European Championships, Athens Greece  - Day 4",keep,race footage,2014,4,
5b4V-BXLaww,Interviewing Joonas and Niklas Lindgren,drop,athlete profile/interview clip,,,
88CxJQuzM30,"2014 470 European Championships, Athens Greece  - Day 3",keep,race footage,2014,3,
cv-a3_6o8LU,"2014 470 European Championships, Athens Greece - Interview with Belcher/Ryan",drop,non-race (interview/promo/ceremony),2014,,
_b0QFxN8E4g,"2014 470 European Championships, Athens Greece  - Day 2",keep,race footage,2014,2,
py9e_E-vd98,"2014 470 European Championships, Athens Greece  - Day 1",keep,race footage,2014,1,
GeVjr_9PdRg,Andreas Kosmatopoulos interviewing Panagiotis Mantis and Pavlos Kagialis,drop,athlete profile/interview clip,,,
ZZ1Ipm8wWd4,"Getting ready for the 2014 Open 470 European Championships, Athens Greece (Day 2 )",drop,non-race (interview/promo/ceremony),2014,2,
h4LVG-FbntE,"2014 470 European Championships, Athens Greece  - Day 0",keep,race footage,2014,0,
yX6sT9i4RH4,2014 470 Junior World Championship - Prizegiving,drop,non-race (interview/promo/ceremony),2014,,
1-mH9XEOL8c,2014 470 Junior World Championship - Day 5,keep,race footage,2014,5,
lFlQ2FIk2Mo,2014 470 Junior World Championship - Day 3 and 4,keep,race footage,2014,3,
bImSnNY8rLY,2014 470 Junior World Championship - Day 1 and 2,keep,race footage,2014,1,
dzrzdihVsG0,2014 470 Junior World Championship - Opening ceremony,drop,non-race (interview/promo/ceremony),2014,,
77dDxAdYOfs,2013 420 and 470 Junior European Championships: The Movie,drop,non-race (interview/promo/ceremony),2013,,
w9_O5vAPFnM,2013 420 and 470 Junior European Championships - Day 7,keep,race footage,2013,7,
GxsjAxhKUUc,2013 420 and 470 Junior European Championships - Day 6,keep,race footage,2013,6,
tUSzo-hsyRU,2013 420 and 470 Junior European Championships - Day 5,keep,race footage,2013,5,
4m2aj_D1j8I,"2013 470 World Championships, La Rochelle FRA - Day 6",keep,race footage,2013,6,
_ALLwC2sIZs,"2013 470 World Championships, La Rochelle FRA - Day 5",keep,race footage,2013,5,
b-jb0tWm5Iw,"2013 470 World Championships, La Rochelle FRA - Day 4",keep,race footage,2013,4,
S7OnFaGE8mI,"2013 470 World Championships, La Rochelle FRA - Day 3",keep,race footage,2013,3,
sRo70H6HAIE,"2013 470 World Championships, La Rochelle FRA - Day 2",keep,race footage,2013,2,
Yxje6LBMHvk,"2013 470 World Championships, La Rochelle FRA - Day 1",keep,race footage,2013,1,
c9xe9doRmMo,EURO 470 MEDAL RACE MEN LIVE,keep,race footage,,,
N9N-4tBjeoA,EURO 470 MEDAL RACE WOMEN,keep,race footage,,,
joJLddgWi3o,470 EUROPEAN CHAMPIONSHIPS HIGHLIGHTS DAY 6 MEDAL RACE SAILY,keep,race footage,,6,
3JaiN_QzgyQ,EURO 470 INTERVIEW SHMUELI,drop,non-race (interview/promo/ceremony),,,
ITP4o4LICNY,EURO 470 INTERVIEW NZL ALEH POWRIE,drop,non-race (interview/promo/ceremony),,,
sSp7bQyLo7E,EURO 470 INTERVIEW FRANCE BOUVET MION,drop,non-race (interview/promo/ceremony),,,
VrtIWVHDjYI,EURO 470 INTERVIEW RSA,drop,non-race (interview/promo/ceremony),,,
9XtuEXsKf50,470 EUROPEAN CHAMPIONSHIPS RSA CREW INTERVIEW,drop,non-race (interview/promo/ceremony),,,
ERkQxzKRsWU,EURO 470 FORMIA HIGHLIGHTS DAY 1 SAILY,keep,race footage,,1,
rCc6t0qrVfA,EUROPEAN 470 FORMIA OPENING CEREMONY HIGHLIGHTS,drop,non-race (interview/promo/ceremony),,,
PHTboFLZc5o,2012 470 European Championship - Full Highlights,keep,race footage,2012,,
wAYgV_tD8-Q,2012 470 European Championship - Day 7,keep,race footage,2012,7,
ZC-zKqhEIF8,2012 470 European Championship - Day 6,keep,race footage,2012,6,
OuHjsYMaVpg,2012 470 European Championship - Day 5,keep,race footage,2012,5,
j1ldHj-shOE,2012 470 European Championship - Day 4,keep,race footage,2012,4,
6frXeiRP4dE,2012 470 European Championship - Day 3,keep,race footage,2012,3,
WmiRo_5ZORo,2012 470 European Championship - Day 2,keep,race footage,2012,2,
jHJKRcvzvOA,2012 470 European Championship - Day 1,keep,race footage,2012,1,
YvIKHFI3O8g,2012 470 World Championship - Full Highlights,keep,race footage,2012,,
q8grcR-5cKo,Lara Vadlau (AUT) Reflects on the Youth Olympic Games compared to 470 Sailing,drop,non-race (interview/promo/ceremony),,,
8RCzcuKmmbo,Lara Vadlau of Austria discusses her meteoric progress in sailing ....,drop,athlete profile/interview clip,,,
mb_pGpk4fps,Jordi Xammar (ESP) Talks 470s and more .....,drop,athlete profile/interview clip,,,
dwxg4Kr4tQw,2012 470 World Championship - Day 7,keep,race footage,2012,7,
EUnYyqDOpCM,2012 470 World Championship - Day 6,keep,race footage,2012,6,
L8RGB-0awVM,2012 470 World Championship - Day 5,keep,race footage,2012,5,
imLOjRHe62E,2012 470 World Championship - Day 4,keep,race footage,2012,4,
2e3_sFRt-6Q,2012 470 World Championship - Day 3,keep,race footage,2012,3,
-5YzI-4m0gc,2012 470 World Championship - Day 2,keep,race footage,2012,2,
SwKFMCVHrNw,2012 470 World Championship - Day 1,keep,race footage,2012,1,
MLH7e4tfm5Q,2012 470 World Championship - Barcelona In Port Race and Championship Introduction,drop,non-race (interview/promo/ceremony),2012,,
Dm-xPd5134s,2012 470 Worlds - Promotional Video,drop,non-race (interview/promo/ceremony),2012,,
RfrP3ufSo7M,470 Men Gold Fleet - Race 6 - 8 December 2011,keep,race footage,2011,,8 December 2011
NmTZChH2rAc,470 Men - Race Day 1 - 5 December 2011,keep,race footage,2011,1,5 December 2011
5BaNzomVov8,Medal races | Deltas Lloyd 470 Junior Worlds 2011,keep,race footage (secondary rule),2011,,
9QLt08TtCfM,Day 7 | Delta Lloyd 470 Junior Worlds,keep,race footage,,7,
tX79JNN95rI,Hannah Mills/Saskia Clark (GBR),drop,athlete profile/interview clip,,,
pSRKv1CH-wo,Muttu Pushparajan/Narendra Rajput (IND),drop,athlete profile/interview clip,,,
Dc8Mhtofn3s,470: Jo Aleh (NZL),drop,athlete profile/interview clip,,,
BYqcjnH79wo,470: Hannah Mills and Saskia Clark (GBR),drop,athlete profile/interview clip,,,
zG3-LYd4DfY,470: Amanda Clark (USA),drop,athlete profile/interview clip,,,
h7zCsNLVXUc,470: Tara Pacheco,drop,athlete profile/interview clip,,,
WP_HIQww8D8,Nathan Wilmot - 470,drop,athlete profile/interview clip,,,
jDdU2FnfeDY,Nicolas Brandt-Hansen and  Mads Hejlesen - 470,drop,athlete profile/interview clip,,,
1Crw6EqGPXg,470: Nicolas Charbonnier (FRA),drop,athlete profile/interview clip,,,
Zb4ubXM_1B8,LigneDepart.mpg,drop,technique/raw clip,,,
DwtWt0F5sJE,LargueSpi-31.mpg,drop,technique/raw clip,,,
TPNKfTGNsfc,LargueEnvoiSpi-20.mpg,drop,technique/raw clip,,,
XFpxUeCv49A,EmpannageSpi-37.mpg,drop,technique/raw clip,,,
rbNUOaGaXkQ,EmpannageSpi-29.mpg,drop,technique/raw clip,,,
L2PdNuMJdEc,EmpannageSpi-12.mpg,drop,technique/raw clip,,,
K5EbPpBfBJM,ConduiteSpi 03,drop,technique/raw clip,,,
eGuu04TqrzQ,ConduitePres-16.mpg,drop,technique/raw clip,,,
f7boo3IhXjY,ConduitePres-09.mpg,drop,technique/raw clip,,,
5j7P7YriN50,ConduitePres-01.mpg,drop,technique/raw clip,,,
Rk2xQ0na3CE,ConduiteClapot 24,drop,technique/raw clip,,,
5yUfC1izhfE,ConduiteClapot-16.mpg,drop,technique/raw clip,,,
S6Pi3cb52LU,ConduiteClapot-14.mpg,drop,technique/raw clip,,,
qVeaBALy_eE,AuloffeeAffalageSpi-22.mpg,drop,technique/raw clip,,,
3CFkWghKzYA,Auloffee-06.mpg,drop,technique/raw clip,,,
ejCSHVRm7bo,AffalageSpi-05.mpg,drop,technique/raw clip,,,
LGyXF1bzAqk,AbatteeEnvoiSpi-30.mpg,drop,technique/raw clip,,,
EGeg-9Erwzc,AbatteeEmpannageEnvoiSpi-18.mpg,drop,technique/raw clip,,,
_X98FJ351Cw,470 Sailing Excitement from around the world,drop,non-race (interview/promo/ceremony),,,
QCT7OQgqenM,"Interview: Singapore Sailing Team, 2009 470 Junior European Championships",drop,non-race (interview/promo/ceremony),2009,,
jzBh7ErG180,Interview: Stephanie Hudson and Alexander Sachs (USA),drop,non-race (interview/promo/ceremony),,,
UeXgTkt6kkk,"Interview:  Sofian Bouvet and Jeremie Mion (FRA) , 2009 470 Junior European Championships",drop,non-race (interview/promo/ceremony),2009,,
9ay4qr0r6q4,"Interview:  Ferdinand Gerz and Tobias Bolduan (GER) , 2009 470 Junior European Championships",drop,non-race (interview/promo/ceremony),2009,,
k86ve_jRSvE,"Interview: Jeremie Mion (FRA) , 2009 470 Junior European Championships",drop,non-race (interview/promo/ceremony),2009,,
xYhbCefp-V0,"Interview: Nina Keijzer and Anneloes Van Veen (NED), 2009 470 Junior European Championships",drop,non-race (interview/promo/ceremony),2009,,
RAxN3H2aQm8,"Interview: Sebastian Peri Busa and Santiago Masseroni (ARG), 2009 470 Junior European Championships",drop,non-race (interview/promo/ceremony),2009,,
kwYHDdkiMhU,"Sofian Bouvet and Jeremie Mion (FRA) , 2009 470 Junior European Championships",drop,athlete profile/interview clip,2009,,
AR94WdFoyWc,20090829,keep,race footage (secondary rule),,,
QEXXhyklp7k,20090828.flv,drop,technique/raw clip,,,
GtYT_zO6cgY,2009 470 World Championships - Finals Day 2,keep,race footage,2009,2,
KVFwkgCtc9c,"Interview: Jury Members, 2009 470 Junior European Championships",drop,non-race (interview/promo/ceremony),2009,,
ymFe80vSrvg,Interview: Marta Weores (HUN),drop,non-race (interview/promo/ceremony),,,
UOG4F2dkjyE,Interview: Giulia Conti and Giovanna Micol (ITA),drop,non-race (interview/promo/ceremony),,,
goL_KM68kzg,Interview: Elise Rechichi and Tessa Parkinson (AUS),drop,non-race (interview/promo/ceremony),,,
-fv37Kpgjh4,Interview: Malcolm Page (AUS),drop,non-race (interview/promo/ceremony),,,
JMOiQ_IDZ_k,2008 470 World Championships - Morning Preparation,drop,non-race (interview/promo/ceremony),2008,,
M-tNaTN9aRE,"Interview: Camilla Marino and Claudia Soricelli (ITA), 2009 470 Junior European Championships",drop,non-race (interview/promo/ceremony),2009,,
9oE_7oEIjko,Interview: Kathrin Kadelbach (GER),drop,non-race (interview/promo/ceremony),,,
EwH4Jgvjp_M,Interview: Erin Maxwell and Isabelle Kinsolving (USA),drop,non-race (interview/promo/ceremony),,,
jY1wgd8ilpA,Interview: Romana Zupan (CRO),drop,non-race (interview/promo/ceremony),,,
FT2H5wCIUDM,2007 470 European Championship - Closing Ceremony,drop,non-race (interview/promo/ceremony),2007,,
c1_seScgl34,2007 European Championships - Race 2,keep,race footage,2007,,
_4WU6MYkwoc,470test1gw,drop,technique/raw clip,,,
G2nSjLCMw_w,2007 Europeans - Women,review,uncertain (no race/day/date signal),2007,,
Q0T7d6ph1do,euro07-race.flv,drop,technique/raw clip,,,
