key,venue_city,country,lat,lon,tz,start_date,end_date,confidence,notes
2003_sprint,Riva del Garda,Italy,45.88,10.84,Europe/Rome,2003-04-25,2003-04-27,low,"YouTube ""Sprint Cup"" is almost certainly the 470 ""Spring Cup"" at Lake Garda (Fraglia Vela Riva); upload date 2021. Exact 2003 dates not recoverable; estimated late-April window. VERIFY"
2007_europeans,Bracciano,Italy,42.09,12.23,Europe/Rome,2007-07-30,2007-08-04,med,"470 Europeans at Lake Bracciano near Rome (30 Jul-4 Aug 2007); venue not 100% certain"
2009_worlds,Rungsted,Denmark,55.88,12.55,Europe/Copenhagen,2009-08-20,2009-08-29,high,"Rungsted Harbour ~25km N of Copenhagen; medal race 29 Aug 2009"
2009_worlds_finals,Rungsted,Denmark,55.88,12.55,Europe/Copenhagen,2009-08-28,2009-08-29,high,"Same event as 2009_worlds; Finals Day clips are 28-29 Aug"
2011_perth,Fremantle,Australia,-32.05,115.74,Australia/Perth,2011-12-05,2011-12-18,high,"Perth 2011 ISAF Worlds off Fremantle WA; Men 470 5-11 Dec, Women 470 12-18 Dec"
2011_jrworlds,Medemblik,Netherlands,52.77,5.10,Europe/Amsterdam,2011-07-20,2011-07-28,high,"470 Junior Worlds (Delta Lloyd), Medemblik on the IJsselmeer; 20-28 Jul 2011"
2012_europeans,Largs,United Kingdom,55.79,-4.86,Europe/London,2012-06-25,2012-07-04,high,"Open 470 Europeans at Largs, Firth of Clyde, Scotland; 25 Jun-4 Jul 2012 (NOT Formia)"
2012_worlds,Barcelona,Spain,41.39,2.20,Europe/Madrid,2012-05-10,2012-05-19,high,"470 Worlds at Barcelona Port Olimpic; 10-19 May 2012"
2013_europeans,Formia,Italy,41.26,13.60,Europe/Rome,2013-06-08,2013-06-15,high,"470 Europeans at Formia (Gulf of Gaeta); 8-15 June 2013"
2013_jreuropeans,Pwllheli,United Kingdom,52.89,-4.41,Europe/London,2013-08-16,2013-08-22,high,"420 & 470 Junior Europeans, Pwllheli, Wales; racing 16-22 Aug 2013"
2013_worlds,La Rochelle,France,46.16,-1.15,Europe/Paris,2013-07-29,2013-08-10,high,"470 Worlds (40th anniversary), La Rochelle; racing 29 Jul-10 Aug 2013, medal 10 Aug"
2014_europeans,Palaio Faliro (Athens),Greece,37.93,23.68,Europe/Athens,2014-07-09,2014-07-15,high,"Marina Delta Falirou, Athens; opening 9 Jul, medal race 15 Jul 2014"
2014_jrworlds,Cervia,Italy,44.26,12.36,Europe/Rome,2014-06-26,2014-07-03,high,"470 Junior Worlds, Cervia (Milano Marittima), Adriatic; 26 Jun-3 Jul 2014"
2015_europeans,Aarhus,Denmark,56.15,10.21,Europe/Copenhagen,2015-06-27,2015-07-04,high,"470 Europeans, Sailing Aarhus; medal race 4 Jul 2015"
2015_jreuropeans,Burgas,Bulgaria,42.49,27.48,Europe/Sofia,2015-08-08,2015-08-15,high,"420 & 470 Junior Europeans, Yacht Club Port Bourgas, Black Sea; 8-15 Aug 2015"
2015_jrworlds,Thessaloniki,Greece,40.58,22.95,Europe/Athens,2015-07-24,2015-07-31,high,"470 Junior Worlds, NC Thessaloniki (Kalamaria); racing 26-31 Jul 2015"
2015_worlds,Haifa,Israel,32.83,34.99,Asia/Jerusalem,2015-10-10,2015-10-17,high,"470 Worlds, Haifa Bay; medal races 17 Oct 2015"
2016_europeans,Palma de Mallorca,Spain,39.57,2.63,Europe/Madrid,2016-04-07,2016-04-12,high,"Bay of Palma / RCN Palma; racing 7-12 Apr 2016"
2016_worlds,San Isidro,Argentina,-34.47,-58.51,America/Argentina/Buenos_Aires,2016-02-22,2016-02-27,high,"Club Nautico San Isidro, Rio de la Plata; 22-27 Feb 2016"
2017_europeans,Monaco,Monaco,43.73,7.42,Europe/Monaco,2017-05-08,2017-05-13,high,"Yacht Club de Monaco; racing 8-13 May, medal 13 May 2017"
2017_jrworlds,Enoshima,Japan,35.30,139.48,Asia/Tokyo,2017-08-28,2017-09-02,med,"Enoshima Yacht Harbour; fleet racing ~28 Aug-1 Sep, medals ~2 Sep 2017"
2017_worlds,Thessaloniki,Greece,40.57,22.95,Europe/Athens,2017-07-07,2017-07-15,high,"NC Thessaloniki; 7-15 July 2017"
2018_europeans,Burgas,Bulgaria,42.49,27.48,Europe/Sofia,2018-05-19,2018-05-24,high,"Yacht Club Port Bourgas; racing 19-24 May 2018"
2018_jrworlds,Bracciano,Italy,42.09,12.23,Europe/Rome,2018-08-21,2018-08-26,high,"Lake Bracciano near Rome; 21-26 Aug 2018, medal 26 Aug"
2019_europeans,Santo Stefano al Mare,Italy,43.83,7.90,Europe/Rome,2019-05-06,2019-05-14,high,"Marina degli Aregai, Ligurian Riviera (Sanremo area); racing 9-14 May 2019"
2019_worlds,Enoshima,Japan,35.30,139.48,Asia/Tokyo,2019-08-02,2019-08-09,high,"Enoshima Yacht Harbour, Sagami Bay; 2-9 Aug 2019"
2021_europeans,Vilamoura,Portugal,37.07,-8.12,Europe/Lisbon,2021-04-30,2021-05-07,high,"Vilamoura Sailing; 30 Apr-7 May 2021"
2021_worlds,Vilamoura,Portugal,37.07,-8.12,Europe/Lisbon,2021-03-05,2021-03-13,high,"Vilamoura Sailing; racing 8-13 March 2021"
2022_europeans,Cesme,Turkey,38.32,26.30,Europe/Istanbul,2022-09-12,2022-09-18,high,"Cesme (Izmir); 12-18 September 2022"
2022_jreuropeans,Vilamoura,Portugal,37.07,-8.12,Europe/Lisbon,2022-07-19,2022-07-26,high,"420 & 470 Junior Europeans, Vilamoura; 19-26 July 2022"
2022_jrworlds,Tihany,Hungary,46.91,17.89,Europe/Budapest,2022-08-16,2022-08-21,high,"470 Junior Worlds, Tihany, Lake Balaton; 16-21 Aug 2022"
2022_masters,Tihany,Hungary,46.91,17.89,Europe/Budapest,2022-08-01,2022-08-05,med,"470 Masters Cup, Tihany, Lake Balaton; ~1-5 Aug 2022"
2022_worlds,Sdot Yam,Israel,32.49,34.89,Asia/Jerusalem,2022-10-21,2022-10-29,high,"First mixed-470 Worlds; Sdot Yam near Caesarea; 21-29 Oct 2022"
2023_allianz,Scheveningen (The Hague),Netherlands,52.10,4.27,Europe/Amsterdam,2023-08-11,2023-08-17,high,"Allianz Sailing Worlds; 470 raced 11-17 Aug, medal 17 Aug off Scheveningen"
2024_europeans,Cannes,France,43.55,7.02,Europe/Paris,2024-05-08,2024-05-12,high,"Yacht Club de Cannes; racing 8-12 May, medal 12 May 2024"
2024_jreuropeans,Thessaloniki,Greece,40.60,22.95,Europe/Athens,2024-07-23,2024-07-28,high,"420 & 470 Junior Euros, NC Thessaloniki; racing 23-28 Jul 2024"
2024_worlds,Palma de Mallorca (El Arenal),Spain,39.51,2.75,Europe/Madrid,2024-02-27,2024-03-03,high,"Palma Bay; first race 27 Feb, medal 3 Mar 2024"
2025_jrworlds,Los Alcazares,Spain,37.74,-0.85,Europe/Madrid,2025-07-07,2025-07-12,high,"Mar Menor; CN Mar Menor & Univela; racing 7-12 Jul 2025"
2026_jreuropeans,Nida,Lithuania,55.30,21.00,Europe/Vilnius,2026-07-22,2026-07-27,high,"420 & 470 Junior Europeans, Curonian Lagoon; 22-27 Jul 2026"
2026_worlds,Enoshima,Japan,35.30,139.48,Asia/Tokyo,2026-08-10,2026-08-17,high,"Sagami Bay off Enoshima; 10-17 Aug 2026"
