id,title,category,reason,year,day,explicit_date,upload,dur
oR9SktcufVA,"Day 5 | 2026 470 World Championship, Enoshima JPN",keep,race footage,2026,5,,20260816,147
6hOc1NWBYO8,Gold Fleet Race 5 | 470 World Championship,keep,race footage,2026,,,20260816,2014
QvlsFjAtpMk,Gold Fleet Race 4 | 470 World Championship,keep,race footage,2026,,,20260816,1901
eRu-PlCYCkw,"Day 4 | 2026 470 World Championship, Enoshima JPN",keep,race footage,2026,4,,20260815,153
VYSo9eQIz0g,Gold Fleet Race 2 | 470 World Championship – Afternoon Racing,keep,race footage,2026,,,20260815,2204
t1MsWOjT4EQ,Gold Fleet Race 1 | 470 World Championship – Full Video Coverage,keep,race footage,2026,,,20260815,3267
e-hUkJ67G-o,"Day 3 | 2026 470 World Championship, Enoshima JPN",keep,race footage,2026,3,,20260814,154
LA4VYmWg2DY,"Day 2 | 2026 470 World Championship, Enoshima JPN",keep,race footage,2026,2,,20260813,140
5bEyrRSGHKc,"Day 1 | 2026 470 World Championship, Enoshima JPN",keep,race footage,2026,1,,20260812,100
_OOz4GxwoTk,"Day 0 | 2026 470 World Championship, Enoshima JPN",keep,race footage,2026,0,,20260811,82
z_5wyvvT1rU,"Day 5 | 2026 420 & 470 Junior European Championship, Nida LTU",keep,race footage,2026,5,,20260726,77
hGNgNHxAsUw,"Day 4 | 2026 420 & 470 Junior European Championship, Nida LTU",keep,race footage,2026,4,,20260725,75
nmXUJouDVhA,"Day 3 | 2026 420 & 470 Junior European Championship, Nida LTU",keep,race footage,2026,3,,20260724,80
4M6T9h39HC0,"Day 2 | 2026 420 & 470 Junior European Championship, Nida LTU",keep,race footage,2026,2,,20260723,87
6-iQObbbii4,"Day 1 | 2026 420 & 470 Junior European Championship, Nida LTU",keep,race footage,2026,1,,20260722,106
K6-1GoHExys,2025 470 Junior World Championships | Recap,review,uncertain (no race/day/date signal),2025,,,20250717,161
OIOGj0KgI5w,Day 6 | 2024 420/470 Junior European Championship,keep,race footage,2024,6,,20240728,134
XOlZQtRu404,"Day 6 | 2024 470 Junior European Championship, Thessaloniki GRE",keep,race footage,2024,6,,20240728,60
8Y5vgw8fToY,Day 5 | 2024 420/470 Junior European Championship,keep,race footage,2024,5,,20240727,130
WsoKHgOuRfc,"Day 5 | 2024 470 Junior European Championship, Thessaloniki GRE",keep,race footage,2024,5,,20240727,60
WOv8dItBfvk,Day 4 | 2024 420/470 Junior European Championship,keep,race footage,2024,4,,20240726,90
TF2aa9UHwkY,"Day 4 | 2024 470 Junior European Championship, Thessaloniki GRE",keep,race footage,2024,4,,20240726,60
EhnKHyaJ1Dk,Day 3 | 2024 420/470 Junior European Championship,keep,race footage,2024,3,,20240725,102
qtthgQtPL4E,"Day 3 | 2024 470 Junior European Championship, Thessaloniki GRE",keep,race footage,2024,3,,20240725,61
2XlUHve8XXs,Day 2 |  2024 420/470 Junior European Championship,keep,race footage,2024,2,,20240725,90
G0Jcgge1NeQ,Day 1 | 2024 420/470 Junior European Championship,keep,race footage,2024,1,,20240723,114
yGZfYN8uV-E,2024 470 European Championship | Day 6 Highlights,keep,race footage,2024,6,,20240512,90
Pm_KL4p_O6c,2024 470 European Championship | Day 5 Highlights,keep,race footage,2024,5,,20240511,83
haH1cxLyq_g,2024 470 European Championship | Day 4 Highlights,keep,race footage,2024,4,,20240510,89
VuTms_naYVE,2024 470 European Championship | Day 3 Highlights,keep,race footage,2024,3,,20240509,80
1KeIS4X3FWQ,2024 470 European Championship | Day 2 Highlights,keep,race footage,2024,2,,20240508,98
k18QQlGNqXs,2024 470 European Championship | Day 1 Highlights,keep,race footage,2024,1,,20240507,69
JHngrJV3RuA,2024 470 Worlds Championship | Day 6 Highlights,keep,race footage,2024,6,,20240303,71
QWgQG9ZvFyI,2024 470 Worlds Championship | Day 5 Highlights,keep,race footage,2024,5,,20240302,94
3F14s5u38PY,2024 470 Worlds Championship | Day 4 Highlights,keep,race footage,2024,4,,20240301,94
_nL8bwCpeC0,2024 470 Worlds Championship | Day 3 Highlights,keep,race footage,2024,3,,20240229,96
Kr5yFbUqjOU,2024 470 Worlds Championship | Day 2 Highlights,keep,race footage,2024,2,,20240228,96
Mt4amqm8r6g,2024 470 World Championship | Day 1 Highlights,keep,race footage,2024,1,,20240227,96
h_wyyP-Em-8,Highlights from 470 Class on Day 4 of the Allianz Sailing World Championships at The Hague,keep,race footage,2023,4,,20230815,161
-_KK_gl44eY,Highlights from 470 Class on Day 3 of the Allianz Sailing World Championships at The Hague,keep,race footage,2023,3,,20230814,161
tEuPtTvLaQQ,Highlights from 470 Class on Day 2 of the Allianz Sailing World Championships at The Hague,keep,race footage,2023,2,,20230812,158
fHMVeN9FqRI,Highlights from 470 Class on Day 1 of the Allianz Sailing World Championships at The Hague,keep,race footage,2023,1,,20230811,141
jC_azbbQMeU,2022 470 World Championship | Day 6,keep,race footage,2022,6,,20221029,188
hq52vNcVD_4,2022 470 World Championship | Day 5,keep,race footage,2022,5,,20221029,134
9UqV-eJ-kXA,2022 470 World Championship | Day 4,keep,race footage,2022,4,,20221027,169
FaNA_RPAr9E,2022 470 World Championship | Day 3,keep,race footage,2022,3,,20221026,166
-6eUFO6lS3o,2022 470 World Championship | Day 2,keep,race footage,2022,2,,20221026,133
KXSmxjJF67U,2022 470 World Championship | Day 1,keep,race footage,2022,1,,20221026,170
VcD_rOHizdI,"Highlights | 2022 470 European Championship, Çeşme TUR",keep,race footage,2022,,,20220922,214
s6qncTXyDsw,2022 470 European Championship | Day 2,keep,race footage,2022,2,,20220915,90
JOtU2AL67xM,2022 470 European Championship | Day 1,keep,race footage,2022,1,,20220915,76
zqpeDfVB-LU,2022 470 Junior Worlds | Medal race,keep,race footage,2022,,,20220914,1403
6N1OpxPERds,2022 470 Junior Worlds | Race 8 and more,keep,race footage,2022,,,20220914,712
69ncWiyAzco,2022 470 Junior Worlds | Race 6 drone footage,keep,race footage,2022,,,20220914,840
xlTHnx_pG_I,2022 470 Junior Worlds | Raw drone footage,keep,race footage (secondary rule),2022,,,20220914,285
piPIjUaYXQk,"Race 11 | 2022 470 Masters Cup Tihany, HUN",keep,race footage,2022,,,20220807,340
b1lK67fJBV8,"Race 10 | 2022 470 Masters Cup Tihany, HUN",keep,race footage,2022,,,20220807,242
t-hvXQ-ntNs,"Race 9 | 2022 470 Masters Cup Tihany, HUN",keep,race footage,2022,,,20220807,705
8ajZKw7uGGI,"Race 8 | 2022 470 Masters Cup Tihany, HUN",keep,race footage,2022,,,20220807,485
u00Gp0a7vX4,"Race 7 | 2022 470 Masters Cup Tihany, HUN",keep,race footage,2022,,,20220807,569
yb-Tae43-90,"Race 3 | 2022 470 Masters Cup Tihany, HUN",keep,race footage,2022,,,20220803,224
tZ8qGmqxfmw,"Race 2 | 2022 470 Masters Cup Tihany, HUN",keep,race footage,2022,,,20220803,643
kxvTFYDfebQ,"Race 1 | 2022 470 Masters Cup Tihany, HUN",keep,race footage,2022,,,20220803,409
ArI7aNPMCV8,Race day 5 highlights - 2022 420 & 470 Junior Europeans,keep,race footage,2022,5,,20220725,160
B2b9mySOrt0,Race day 4 highlights - 2022 420 & 470 Junior Europeans,keep,race footage,2022,4,,20220725,37
og2zbzPXiho,Race day 3 highlights - 2022 420 & 470 Junior Europeans,keep,race footage,2022,3,,20220723,82
SL7g3oRRndk,Race day 2 highlights - 2022 420 & 470 Junior Europeans,keep,race footage,2022,2,,20220722,111
CSrjYP4eFcU,Race day 1 highlights - 2022 420 & 470 Junior Europeans,keep,race footage,2022,1,,20220721,107
CiHLDklSLd0,"7 May - 2021 470 European Championship, Vilamoura, POR",keep,dated race footage,2021,,7 May 2021,20210507,534
Lc_G6L1ACns,"6 May - 2021 470 European Championship, Vilamoura, POR",keep,dated race footage,2021,,6 May 2021,20210506,195
nJ73st_R2lE,"5 May - 2021 470 European Championship, Vilamoura, POR",keep,dated race footage,2021,,5 May 2021,20210505,176
IPueVtLjcoA,"4 May - 2021 470 European Championship, Vilamoura, POR",keep,dated race footage,2021,,4 May 2021,20210504,223
loRqjqcyrNk,"3 May - 2021 470 European Championship, Vilamoura, POR",keep,dated race footage,2021,,3 May 2021,20210503,279
jp-nUy5xUBE,"2 May - 2021 470 European Championship, Vilamoura, POR",keep,dated race footage,2021,,2 May 2021,20210502,209
WkF0GEk5PL0,"1 May - 2021 470 European Championship, Vilamoura, POR",keep,dated race footage,2021,,1 May 2021,20210502,93
5Jlk9yydpuU,"30 April - 2021 470 European Championship, Vilamoura, POR",keep,dated race footage,2021,,30 April 2021,20210430,92
RYd2bTmpLh0,"13 March - 2021 470 World Championship, Vilamoura, Portugal",keep,dated race footage,2021,,13 March 2021,20210313,285
97Q6Gx3EEO0,"12 March - 2021 470 World Championship, Vilamoura, Portugal",keep,dated race footage,2021,,12 March 2021,20210312,216
FSzvN-kVa5g,"11 March - 2021 470 World Championship, Vilamoura, Portugal",keep,dated race footage,2021,,11 March 2021,20210312,273
L3K25B0_bT4,"10 March - 2021 470 World Championship, Vilamoura, Portugal",keep,dated race footage,2021,,10 March 2021,20210310,242
12e5kLZ4EV4,"9 March - 2021 470 World Championship, Vilamoura, Portugal",keep,dated race footage,2021,,9 March 2021,20210309,333
yBEEM7d7j9k,"8 March - 2021 470 World Championship, Vilamoura, Portugal",keep,dated race footage,2021,,8 March 2021,20210308,206
zKyN6g-KcRE,"7 March - 2021 470 World Championship, Vilamoura, Portugal",keep,dated race footage,2021,,7 March 2021,20210307,101
ISqfdT3VJ24,"6 March - 2021 470 World Championship, Vilamoura, Portugal",keep,dated race footage,2021,,6 March 2021,20210306,150
pZkKUNlEcNE,"5 March - 2021 470 World Championship, Vilamoura, Portugal",keep,dated race footage,2021,,5 March 2021,20210306,62
fC3nOafZ_70,2003 Sprint Cup,keep,race footage (secondary rule),2003,,,20210123,2006
LkEcq-eYDbE,"Race Day 6 - 9 August - 2019 470 World Championship, Enoshima, Japan",keep,race footage,2019,6,9 August 2019,20190809,193
p8VS7npgMiI,"Race Day 5 - 8 August - 2019 470 World Championship, Enoshima, Japan",keep,race footage,2019,5,8 August 2019,20190808,194
iooPt4UNs0U,"Race Day 4: 7 August I 2019 470 World Championships, Enoshima, Japan",keep,race footage,2019,4,7 August 2019,20190807,159
J_49hc8bOo0,"Race Day 3: 6 August I 2019 470 World Championships, Enoshima, Japan",keep,race footage,2019,3,6 August 2019,20190806,186
tRutAaBHtzE,"Race Day 2 - 5 August - 2019 470 World Championships, Enoshima, Japan",keep,race footage,2019,2,5 August 2019,20190805,163
UmW6QCteHck,"Race Day 1 - 4 August - 2019 470 World Championship, Enoshima, Japan",keep,race footage,2019,1,4 August 2019,20190804,190
LeAa3nCGD0A,"3 August - 2019 470 World Championships, Enoshima, Japan",keep,dated race footage,2019,,3 August 2019,20190803,191
x2wQi7C5IqQ,"2 August - 2019 470 World Championship, Enoshima, Japan",keep,dated race footage,2019,,2 August 2019,20190802,70
I28LV-UeTgc,Zegers Berkhout 01,review,uncertain (no race/day/date signal),2019,,,20190523,61
IfojC-Rf3lw,Ferrari Calabrò,review,uncertain (no race/day/date signal),2019,,,20190523,106
CnlQuPpEg9o,Gabrio Zandonà,review,uncertain (no race/day/date signal),2019,,,20190523,190
XU0Zhj5oUdY,Mrak   Macarol,review,uncertain (no race/day/date signal),2019,,,20190523,134
6Xrs8bKNuUU,Mathew Belcher,review,uncertain (no race/day/date signal),2019,,,20190523,214
kfguGfWtaj8,Dahlberg   Bergstrom,review,uncertain (no race/day/date signal),2019,,,20190523,123
8eyytr9Mf6w,Dahlberg Bergstrom,review,uncertain (no race/day/date signal),2019,,,20190523,56
tBEoBM3O1fA,Belcher Ryan,review,uncertain (no race/day/date signal),2019,,,20190523,72
Fc_Be4b84hU,Kenichi Nakamura,review,uncertain (no race/day/date signal),2019,,,20190523,109
g8lFN1aX-4I,ElliotWillis,review,uncertain (no race/day/date signal),2019,,,20190523,93
bIsQcTAx3pI,AndrewBrown,review,uncertain (no race/day/date signal),2019,,,20190523,74
t7TxES4TFmM,MedalRaceW,keep,race footage (secondary rule),2019,,,20190523,162
GP5Dxxx2NsM,MedalRaceM,keep,race footage (secondary rule),2019,,,20190523,162
-OdalFE0rnU,Mills Mcintyre,review,uncertain (no race/day/date signal),2019,,,20190523,48
Q4J7pvYnpBU,Day 5: Highlights | 2019 470 European Championship,keep,race footage,2019,5,,20190520,57
QhJDgPzJC9A,Day 4: Highlights | 2019 470 European Championship,keep,race footage,2019,4,,20190520,158
WUNCYIFLM24,Day 3: Highlights | 2019 470 European Championship,keep,race footage,2019,3,,20190520,60
biPPGjdym2c,Day 1: Highlights | 2019 470 European Championship,keep,race footage,2019,1,,20190520,159
l9V1wiaVJW4,2018 470 Junior World Championship - Day 5,keep,race footage,2018,5,,20190120,60
8H15j7WS6tk,2018 470 Junior World Championship - Day 2,keep,race footage,2018,2,,20190120,60
nipD9j0lp2M,2018 470 Junior World Championship - Day 1,keep,race footage,2018,1,,20190120,60
X0acGLHGYL4,2018 470 Junior World Championship - Day 6,keep,race footage,2018,6,,20190120,60
Rlg3XhEFcbQ,2018 470 European Championship - Day 6,keep,race footage,2018,6,,20180524,224
gmXAzqYhgfU,2018 470 European Championship - Day 5,keep,race footage,2018,5,,20180523,205
hRKP5gHZUvg,2018 470 European Championship - Day 4,keep,race footage,2018,4,,20180522,179
aQRycJFK_FM,2018 470 European Championship - Day 3,keep,race footage,2018,3,,20180521,199
RcXakF31SBI,470 Open European Championship 2018 Day 2,keep,race footage,2018,2,,20180520,204
dHDL7FP8eXg,2018 470 European Championship - Day 1,keep,race footage,2018,1,,20180520,205
b2PSUkELyKI,2017 470 Junior Worlds - Day 6 (Final Day),keep,race footage,2017,6,,20170902,215
tso2kxIqBPU,2017 470 Junior Worlds - Day 5,keep,race footage,2017,5,,20170901,213
UP32sbq9K-g,2017 470 Junior Worlds - Day 4,keep,race footage,2017,4,,20170831,189
GG-tUBp8BJ0,2017 470 Junior Worlds - Day 3,keep,race footage,2017,3,,20170830,176
w4JbM_3eh7Q,2017 470 Junior Worlds - Day 2,keep,race footage,2017,2,,20170829,190
LXBmKhJxqMY,2017 470 Junior Worlds - Day 1,keep,race footage,2017,1,,20170828,227
Gm9Oe9IzHeY,2017 470 Junior Worlds - Day 0,keep,race footage,2017,0,,20170827,98
J3vdbAuUAAU,2017 470 World Championships 2017 - Day 6,keep,race footage,2017,6,,20170715,176
IjsghB858m8,2017 470 World Championships 2017 - Day 5,keep,race footage,2017,5,,20170714,170
T7FUZWmW408,2017 470 World Championships 2017 - Day 4,keep,race footage,2017,4,,20170713,176
meRitXAe0YI,2017 470 World Championships 2017 - Day 3,keep,race footage,2017,3,,20170712,180
DKKjYF3XyRw,2017 470 World Championships 2017 -  Day 2,keep,race footage,2017,2,,20170711,163
jNIMZ0oG-gE,2017 470 World Championships - Day 1,keep,race footage,2017,1,,20170710,170
qOg9czryxM0,2017 470 European Championship - Day 6,keep,race footage,2017,6,,20170514,209
rZPHjjHV-Co,2017 470 European Championship - Day 5,keep,race footage,2017,5,,20170514,181
1Fn25QEBZeY,2017 470 European Championship Day 4,keep,race footage,2017,4,,20170511,183
xCicomb_-1Y,2017 470 European Championship - Day 3,keep,race footage,2017,3,,20170511,179
tnb_JGtOYvo,2017 470 European Championship - Day 2,keep,race footage,2017,2,,20170510,175
sjuOw8GlI10,2017 470 European Championship - Day 1,keep,race footage,2017,1,,20170509,193
gHWtL5d4Dk4,2016 470 European Championship - Day 6,keep,race footage,2016,6,,20160413,185
HLt6HGQBx6A,2016 470 European Championship - Day 5,keep,race footage,2016,5,,20160411,171
zC3JWg6dx30,2016 470 European Championship - Day 4,keep,race footage,2016,4,,20160410,167
6tGaJc2yu_I,2016 470 European Championship - Day 3,keep,race footage,2016,3,,20160409,161
w-BSQmAuMRQ,2016 470 European Championship - Day 2,keep,race footage,2016,2,,20160409,171
9i6p62ssSQM,2016 470 European Championship - Opening Day,keep,race footage (secondary rule),2016,,,20160408,184
8iIzGZ94sqc,470 World ARGENTINA2016_Day3,keep,race footage (secondary rule),2016,,,20160225,158
7j0W94jlXt4,"2016 470 World Championships San Isidro, Argentina",review,uncertain (no race/day/date signal),2016,,,20160219,51
dn4FpOP1ijE,"2015 470 World Championships Haifa, Israel - Day 6",keep,race footage,2015,6,,20151018,310
l1pTG4mlNY8,"2015 470 World Championships Haifa, Israel - Day 5",keep,race footage,2015,5,,20151017,251
lvrArzIPS10,"2015 470 World Championships Haifa, Israel - Day 4",keep,race footage,2015,4,,20151016,132
uqvDje-GCuM,"2015 470 World Championships Haifa, Israel - Day 3",keep,race footage,2015,3,,20151015,130
MhpCnj74JEM,"2015 470 World Championships Haifa, Israel - Day 2",keep,race footage,2015,2,,20151014,165
bUYuIuCoEqg,"2015 470 World Championships Haifa, Israel - Day 1",keep,race footage,2015,1,,20151012,250
bD1ef21qZTo,"2015 470 Worlds - Day 1, 10 October 2015",keep,race footage,2015,1,10 October 2015,20151011,154
2WqKvYopNiU,2015 420 & 470 Junior European Championships - Day 6,keep,race footage,2015,6,,20150816,255
BYcSNS-5380,2015 420 & 470 Junior European Championships - Day 5,keep,race footage,2015,5,,20150814,225
ItbEygETGXw,2015 420 & 470 Junior European Championships - Day 4,keep,race footage,2015,4,,20150813,224
SaWwifUf0vA,2015 420 & 470 Junior European Championships - Day 3,keep,race footage,2015,3,,20150813,223
c_C4ZXWFlp0,2015 420 & 470 Junior European Championships - Day 2,keep,race footage,2015,2,,20150812,230
QVHFrUdyWyk,2015 420 & 470 Junior European Championships - Day 1,keep,race footage,2015,1,,20150811,246
X00Ul7Dg-OU,2015 470 Junior World Championships - Day 6,keep,race footage,2015,6,,20150801,225
ive6pnHMdg0,2015 470 Junior World Championships - Day 5,keep,race footage,2015,5,,20150731,208
MgzXvkzW80s,2015 470 Junior World Championships - Day 4,keep,race footage,2015,4,,20150730,180
oVaigoaFEeA,2015 470 Junior World Championships - Day 3,keep,race footage,2015,3,,20150728,213
tU8isOOclLw,2015 470 Junior World Championships - Day 2,keep,race footage,2015,2,,20150728,184
BDs2ZbOFI4w,2015 470 Junior World Championships - Day 1,keep,race footage,2015,1,,20150727,189
mAmGUp7zQAY,Race Day 4 - 470 Open European Championships,keep,race footage,2015,4,,20150702,60
yfYQgNCwS4k,Race Day 3 - 470 Open European Championships - part 2,keep,race footage,2015,3,,20150701,29
cC8WxSszNQg,"Second day Europeans 470 - Aarhus, Part 1",review,uncertain (no race/day/date signal),2015,,,20150630,87
OG-bkVWvSVA,"470 Europeans, Aarhus, Denmark",review,uncertain (no race/day/date signal),2015,,,20150629,121
u1hr1upNvTE,29 Jun 2015,keep,dated race footage,2015,,29 Jun 2015,20150629,46
huqV7TWUpoQ,"470 Europeans, Aarhus, Denmark; 27th June 2015.",keep,dated race footage,2015,,27 June 2015,20150629,73
mchbGe3hOXI,2014 470 European Championships - Medal Race,keep,race footage,2014,,,20140716,253
L1_aintU2hE,"2014 470 European Championships, Athens Greece  - Day 5",keep,race footage,2014,5,,20140716,353
W36QDGl-Gsw,"2014 470 European Championships, Athens Greece  - Day 4",keep,race footage,2014,4,,20140714,523
88CxJQuzM30,"2014 470 European Championships, Athens Greece  - Day 3",keep,race footage,2014,3,,20140713,564
_b0QFxN8E4g,"2014 470 European Championships, Athens Greece  - Day 2",keep,race footage,2014,2,,20140712,390
py9e_E-vd98,"2014 470 European Championships, Athens Greece  - Day 1",keep,race footage,2014,1,,20140711,292
h4LVG-FbntE,"2014 470 European Championships, Athens Greece  - Day 0",keep,race footage,2014,0,,20140709,302
1-mH9XEOL8c,2014 470 Junior World Championship - Day 5,keep,race footage,2014,5,,20140702,102
lFlQ2FIk2Mo,2014 470 Junior World Championship - Day 3 and 4,keep,race footage,2014,3,,20140702,264
bImSnNY8rLY,2014 470 Junior World Championship - Day 1 and 2,keep,race footage,2014,1,,20140630,255
w9_O5vAPFnM,2013 420 and 470 Junior European Championships - Day 7,keep,race footage,2013,7,,20130822,274
GxsjAxhKUUc,2013 420 and 470 Junior European Championships - Day 6,keep,race footage,2013,6,,20130821,337
tUSzo-hsyRU,2013 420 and 470 Junior European Championships - Day 5,keep,race footage,2013,5,,20130820,294
4m2aj_D1j8I,"2013 470 World Championships, La Rochelle FRA - Day 6",keep,race footage,2013,6,,20130810,420
_ALLwC2sIZs,"2013 470 World Championships, La Rochelle FRA - Day 5",keep,race footage,2013,5,,20130809,335
b-jb0tWm5Iw,"2013 470 World Championships, La Rochelle FRA - Day 4",keep,race footage,2013,4,,20130808,310
S7OnFaGE8mI,"2013 470 World Championships, La Rochelle FRA - Day 3",keep,race footage,2013,3,,20130807,388
sRo70H6HAIE,"2013 470 World Championships, La Rochelle FRA - Day 2",keep,race footage,2013,2,,20130806,306
Yxje6LBMHvk,"2013 470 World Championships, La Rochelle FRA - Day 1",keep,race footage,2013,1,,20130806,349
c9xe9doRmMo,EURO 470 MEDAL RACE MEN LIVE,keep,race footage,2013,,,20130617,629
N9N-4tBjeoA,EURO 470 MEDAL RACE WOMEN,keep,race footage,2013,,,20130617,650
joJLddgWi3o,470 EUROPEAN CHAMPIONSHIPS HIGHLIGHTS DAY 6 MEDAL RACE SAILY,keep,race footage,2013,6,,20130616,754
ERkQxzKRsWU,EURO 470 FORMIA HIGHLIGHTS DAY 1 SAILY,keep,race footage,2013,1,,20130611,395
PHTboFLZc5o,2012 470 European Championship - Full Highlights,keep,race footage,2012,,,20120807,1509
wAYgV_tD8-Q,2012 470 European Championship - Day 7,keep,race footage,2012,7,,20120704,263
ZC-zKqhEIF8,2012 470 European Championship - Day 6,keep,race footage,2012,6,,20120703,354
OuHjsYMaVpg,2012 470 European Championship - Day 5,keep,race footage,2012,5,,20120702,327
j1ldHj-shOE,2012 470 European Championship - Day 4,keep,race footage,2012,4,,20120701,284
6frXeiRP4dE,2012 470 European Championship - Day 3,keep,race footage,2012,3,,20120630,298
WmiRo_5ZORo,2012 470 European Championship - Day 2,keep,race footage,2012,2,,20120629,290
jHJKRcvzvOA,2012 470 European Championship - Day 1,keep,race footage,2012,1,,20120628,365
YvIKHFI3O8g,2012 470 World Championship - Full Highlights,keep,race footage,2012,,,20120604,1585
dwxg4Kr4tQw,2012 470 World Championship - Day 7,keep,race footage,2012,7,,20120519,335
EUnYyqDOpCM,2012 470 World Championship - Day 6,keep,race footage,2012,6,,20120518,330
L8RGB-0awVM,2012 470 World Championship - Day 5,keep,race footage,2012,5,,20120517,282
imLOjRHe62E,2012 470 World Championship - Day 4,keep,race footage,2012,4,,20120516,350
2e3_sFRt-6Q,2012 470 World Championship - Day 3,keep,race footage,2012,3,,20120515,380
-5YzI-4m0gc,2012 470 World Championship - Day 2,keep,race footage,2012,2,,20120514,303
SwKFMCVHrNw,2012 470 World Championship - Day 1,keep,race footage,2012,1,,20120513,299
RfrP3ufSo7M,470 Men Gold Fleet - Race 6 - 8 December 2011,keep,race footage,2011,,8 December 2011,20111212,286
NmTZChH2rAc,470 Men - Race Day 1 - 5 December 2011,keep,race footage,2011,1,5 December 2011,20111206,222
5BaNzomVov8,Medal races | Deltas Lloyd 470 Junior Worlds 2011,keep,race footage (secondary rule),2011,,,20110728,189
9QLt08TtCfM,Day 7 | Delta Lloyd 470 Junior Worlds,keep,race footage,2011,7,,20110727,164
AR94WdFoyWc,20090829,keep,race footage (secondary rule),2010,,,20100227,425
GtYT_zO6cgY,2009 470 World Championships - Finals Day 2,keep,race footage,2009,2,,20100227,381
c1_seScgl34,2007 European Championships - Race 2,keep,race footage,2007,,,20100226,64
G2nSjLCMw_w,2007 Europeans - Women,review,uncertain (no race/day/date signal),2007,,,20091209,62
