oR9SktcufVA|20260816|147
6hOc1NWBYO8|20260816|2014
QvlsFjAtpMk|20260816|1901
eRu-PlCYCkw|20260815|153
VYSo9eQIz0g|20260815|2204
t1MsWOjT4EQ|20260815|3267
e-hUkJ67G-o|20260814|154
LA4VYmWg2DY|20260813|140
5bEyrRSGHKc|20260812|100
_OOz4GxwoTk|20260811|82
z_5wyvvT1rU|20260726|77
hGNgNHxAsUw|20260725|75
nmXUJouDVhA|20260724|80
4M6T9h39HC0|20260723|87
6-iQObbbii4|20260722|106
K6-1GoHExys|20250717|161
OIOGj0KgI5w|20240728|134
XOlZQtRu404|20240728|60
8Y5vgw8fToY|20240727|130
WsoKHgOuRfc|20240727|60
WOv8dItBfvk|20240726|90
TF2aa9UHwkY|20240726|60
EhnKHyaJ1Dk|20240725|102
qtthgQtPL4E|20240725|61
2XlUHve8XXs|20240725|90
G0Jcgge1NeQ|20240723|114
yGZfYN8uV-E|20240512|90
Pm_KL4p_O6c|20240511|83
haH1cxLyq_g|20240510|89
VuTms_naYVE|20240509|80
1KeIS4X3FWQ|20240508|98
k18QQlGNqXs|20240507|69
JHngrJV3RuA|20240303|71
QWgQG9ZvFyI|20240302|94
3F14s5u38PY|20240301|94
_nL8bwCpeC0|20240229|96
Kr5yFbUqjOU|20240228|96
Mt4amqm8r6g|20240227|96
h_wyyP-Em-8|20230815|161
-_KK_gl44eY|20230814|161
tEuPtTvLaQQ|20230812|158
fHMVeN9FqRI|20230811|141
jC_azbbQMeU|20221029|188
hq52vNcVD_4|20221029|134
9UqV-eJ-kXA|20221027|169
FaNA_RPAr9E|20221026|166
-6eUFO6lS3o|20221026|133
KXSmxjJF67U|20221026|170
VcD_rOHizdI|20220922|214
s6qncTXyDsw|20220915|90
JOtU2AL67xM|20220915|76
zqpeDfVB-LU|20220914|1403
6N1OpxPERds|20220914|712
69ncWiyAzco|20220914|840
xlTHnx_pG_I|20220914|285
piPIjUaYXQk|20220807|340
b1lK67fJBV8|20220807|242
t-hvXQ-ntNs|20220807|705
8ajZKw7uGGI|20220807|485
u00Gp0a7vX4|20220807|569
yb-Tae43-90|20220803|224
tZ8qGmqxfmw|20220803|643
kxvTFYDfebQ|20220803|409
ArI7aNPMCV8|20220725|160
B2b9mySOrt0|20220725|37
og2zbzPXiho|20220723|82
SL7g3oRRndk|20220722|111
CSrjYP4eFcU|20220721|107
CiHLDklSLd0|20210507|534
Lc_G6L1ACns|20210506|195
nJ73st_R2lE|20210505|176
IPueVtLjcoA|20210504|223
loRqjqcyrNk|20210503|279
jp-nUy5xUBE|20210502|209
WkF0GEk5PL0|20210502|93
5Jlk9yydpuU|20210430|92
RYd2bTmpLh0|20210313|285
97Q6Gx3EEO0|20210312|216
FSzvN-kVa5g|20210312|273
L3K25B0_bT4|20210310|242
12e5kLZ4EV4|20210309|333
yBEEM7d7j9k|20210308|206
zKyN6g-KcRE|20210307|101
ISqfdT3VJ24|20210306|150
pZkKUNlEcNE|20210306|62
fC3nOafZ_70|20210123|2006
LkEcq-eYDbE|20190809|193
p8VS7npgMiI|20190808|194
iooPt4UNs0U|20190807|159
J_49hc8bOo0|20190806|186
tRutAaBHtzE|20190805|163
UmW6QCteHck|20190804|190
LeAa3nCGD0A|20190803|191
x2wQi7C5IqQ|20190802|70
I28LV-UeTgc|20190523|61
IfojC-Rf3lw|20190523|106
CnlQuPpEg9o|20190523|190
XU0Zhj5oUdY|20190523|134
6Xrs8bKNuUU|20190523|214
kfguGfWtaj8|20190523|123
8eyytr9Mf6w|20190523|56
tBEoBM3O1fA|20190523|72
Fc_Be4b84hU|20190523|109
g8lFN1aX-4I|20190523|93
bIsQcTAx3pI|20190523|74
t7TxES4TFmM|20190523|162
GP5Dxxx2NsM|20190523|162
-OdalFE0rnU|20190523|48
Q4J7pvYnpBU|20190520|57
QhJDgPzJC9A|20190520|158
WUNCYIFLM24|20190520|60
biPPGjdym2c|20190520|159
l9V1wiaVJW4|20190120|60
8H15j7WS6tk|20190120|60
nipD9j0lp2M|20190120|60
X0acGLHGYL4|20190120|60
Rlg3XhEFcbQ|20180524|224
gmXAzqYhgfU|20180523|205
hRKP5gHZUvg|20180522|179
aQRycJFK_FM|20180521|199
RcXakF31SBI|20180520|204
dHDL7FP8eXg|20180520|205
b2PSUkELyKI|20170902|215
tso2kxIqBPU|20170901|213
UP32sbq9K-g|20170831|189
GG-tUBp8BJ0|20170830|176
w4JbM_3eh7Q|20170829|190
LXBmKhJxqMY|20170828|227
Gm9Oe9IzHeY|20170827|98
J3vdbAuUAAU|20170715|176
IjsghB858m8|20170714|170
T7FUZWmW408|20170713|176
meRitXAe0YI|20170712|180
DKKjYF3XyRw|20170711|163
jNIMZ0oG-gE|20170710|170
qOg9czryxM0|20170514|209
rZPHjjHV-Co|20170514|181
1Fn25QEBZeY|20170511|183
xCicomb_-1Y|20170511|179
tnb_JGtOYvo|20170510|175
sjuOw8GlI10|20170509|193
gHWtL5d4Dk4|20160413|185
HLt6HGQBx6A|20160411|171
zC3JWg6dx30|20160410|167
6tGaJc2yu_I|20160409|161
w-BSQmAuMRQ|20160409|171
9i6p62ssSQM|20160408|184
8iIzGZ94sqc|20160225|158
7j0W94jlXt4|20160219|51
dn4FpOP1ijE|20151018|310
l1pTG4mlNY8|20151017|251
lvrArzIPS10|20151016|132
uqvDje-GCuM|20151015|130
MhpCnj74JEM|20151014|165
bUYuIuCoEqg|20151012|250
bD1ef21qZTo|20151011|154
2WqKvYopNiU|20150816|255
BYcSNS-5380|20150814|225
ItbEygETGXw|20150813|224
SaWwifUf0vA|20150813|223
c_C4ZXWFlp0|20150812|230
QVHFrUdyWyk|20150811|246
X00Ul7Dg-OU|20150801|225
ive6pnHMdg0|20150731|208
MgzXvkzW80s|20150730|180
oVaigoaFEeA|20150728|213
tU8isOOclLw|20150728|184
BDs2ZbOFI4w|20150727|189
mAmGUp7zQAY|20150702|60
yfYQgNCwS4k|20150701|29
cC8WxSszNQg|20150630|87
OG-bkVWvSVA|20150629|121
u1hr1upNvTE|20150629|46
huqV7TWUpoQ|20150629|73
mchbGe3hOXI|20140716|253
L1_aintU2hE|20140716|353
W36QDGl-Gsw|20140714|523
88CxJQuzM30|20140713|564
_b0QFxN8E4g|20140712|390
py9e_E-vd98|20140711|292
h4LVG-FbntE|20140709|302
1-mH9XEOL8c|20140702|102
lFlQ2FIk2Mo|20140702|264
bImSnNY8rLY|20140630|255
w9_O5vAPFnM|20130822|274
GxsjAxhKUUc|20130821|337
tUSzo-hsyRU|20130820|294
4m2aj_D1j8I|20130810|420
_ALLwC2sIZs|20130809|335
b-jb0tWm5Iw|20130808|310
S7OnFaGE8mI|20130807|388
sRo70H6HAIE|20130806|306
Yxje6LBMHvk|20130806|349
c9xe9doRmMo|20130617|629
N9N-4tBjeoA|20130617|650
joJLddgWi3o|20130616|754
ERkQxzKRsWU|20130611|395
PHTboFLZc5o|20120807|1509
wAYgV_tD8-Q|20120704|263
ZC-zKqhEIF8|20120703|354
OuHjsYMaVpg|20120702|327
j1ldHj-shOE|20120701|284
6frXeiRP4dE|20120630|298
WmiRo_5ZORo|20120629|290
jHJKRcvzvOA|20120628|365
YvIKHFI3O8g|20120604|1585
dwxg4Kr4tQw|20120519|335
EUnYyqDOpCM|20120518|330
L8RGB-0awVM|20120517|282
imLOjRHe62E|20120516|350
2e3_sFRt-6Q|20120515|380
-5YzI-4m0gc|20120514|303
SwKFMCVHrNw|20120513|299
RfrP3ufSo7M|20111212|286
NmTZChH2rAc|20111206|222
5BaNzomVov8|20110728|189
9QLt08TtCfM|20110727|164
AR94WdFoyWc|20100227|425
GtYT_zO6cgY|20100227|381
c1_seScgl34|20100226|64
G2nSjLCMw_w|20091209|62
