oR9SktcufVA\tDay 5 | 2026 470 World Championship, Enoshima JPN
6hOc1NWBYO8\tGold Fleet Race 5 | 470 World Championship
QvlsFjAtpMk\tGold Fleet Race 4 | 470 World Championship
eRu-PlCYCkw\tDay 4 | 2026 470 World Championship, Enoshima JPN
VYSo9eQIz0g\tGold Fleet Race 2 | 470 World Championship – Afternoon Racing
t1MsWOjT4EQ\tGold Fleet Race 1 | 470 World Championship – Full Video Coverage
e-hUkJ67G-o\tDay 3 | 2026 470 World Championship, Enoshima JPN
LA4VYmWg2DY\tDay 2 | 2026 470 World Championship, Enoshima JPN
5bEyrRSGHKc\tDay 1 | 2026 470 World Championship, Enoshima JPN
_OOz4GxwoTk\tDay 0 | 2026 470 World Championship, Enoshima JPN
z_5wyvvT1rU\tDay 5 | 2026 420 & 470 Junior European Championship, Nida LTU
hGNgNHxAsUw\tDay 4 | 2026 420 & 470 Junior European Championship, Nida LTU
nmXUJouDVhA\tDay 3 | 2026 420 & 470 Junior European Championship, Nida LTU
4M6T9h39HC0\tDay 2 | 2026 420 & 470 Junior European Championship, Nida LTU
6-iQObbbii4\tDay 1 | 2026 420 & 470 Junior European Championship, Nida LTU
K6-1GoHExys\t2025 470 Junior World Championships | Recap
9Fx5jYB0sEY\tWinners | 2025 470 European Championship Split CRO
KTH5yVB7Xvk\tDay 5 Race Winners | 2025 470 European Championship Split CRO
s2srZUF3Ohk\tDay 4 Race Winners | 2025 470 European Championship Split CRO
mWM92HxxdCA\tDay 3 Race Winners | 2025 470 European Championship Split CRO
st1kPJYDuKs\tDay 2 Race Winners | 2025 470 European Championship Split CRO
FPihD6ohNCY\tDay 1 Race Winners | 2025 470 European Championship Split CRO
X-klzYcLrBY\tNADINE AVARI & MEHBOOB ZAKIR´S (PAK) TRAINING IN GREECE
OIOGj0KgI5w\tDay 6 | 2024 420/470 Junior European Championship
XOlZQtRu404\tDay 6 | 2024 470 Junior European Championship, Thessaloniki GRE
8Y5vgw8fToY\tDay 5 | 2024 420/470 Junior European Championship
WsoKHgOuRfc\tDay 5 | 2024 470 Junior European Championship, Thessaloniki GRE
WOv8dItBfvk\tDay 4 | 2024 420/470 Junior European Championship
TF2aa9UHwkY\tDay 4 | 2024 470 Junior European Championship, Thessaloniki GRE
EhnKHyaJ1Dk\tDay 3 | 2024 420/470 Junior European Championship
qtthgQtPL4E\tDay 3 | 2024 470 Junior European Championship, Thessaloniki GRE
2XlUHve8XXs\tDay 2 |  2024 420/470 Junior European Championship
G0Jcgge1NeQ\tDay 1 | 2024 420/470 Junior European Championship
yGZfYN8uV-E\t2024 470 European Championship | Day 6 Highlights
Pm_KL4p_O6c\t2024 470 European Championship | Day 5 Highlights
haH1cxLyq_g\t2024 470 European Championship | Day 4 Highlights
VuTms_naYVE\t2024 470 European Championship | Day 3 Highlights
1KeIS4X3FWQ\t2024 470 European Championship | Day 2 Highlights
k18QQlGNqXs\t2024 470 European Championship | Day 1 Highlights
JHngrJV3RuA\t2024 470 Worlds Championship | Day 6 Highlights
QWgQG9ZvFyI\t2024 470 Worlds Championship | Day 5 Highlights
3F14s5u38PY\t2024 470 Worlds Championship | Day 4 Highlights
_nL8bwCpeC0\t2024 470 Worlds Championship | Day 3 Highlights
Kr5yFbUqjOU\t2024 470 Worlds Championship | Day 2 Highlights
Mt4amqm8r6g\t2024 470 World Championship | Day 1 Highlights
_wNtSApX7e4\t2024 470 World Championship | Opening Ceremony
h_wyyP-Em-8\tHighlights from 470 Class on Day 4 of the Allianz Sailing World Championships at The Hague
-_KK_gl44eY\tHighlights from 470 Class on Day 3 of the Allianz Sailing World Championships at The Hague
tEuPtTvLaQQ\tHighlights from 470 Class on Day 2 of the Allianz Sailing World Championships at The Hague
fHMVeN9FqRI\tHighlights from 470 Class on Day 1 of the Allianz Sailing World Championships at The Hague
jC_azbbQMeU\t2022 470 World Championship | Day 6
hq52vNcVD_4\t2022 470 World Championship | Day 5
9UqV-eJ-kXA\t2022 470 World Championship | Day 4
FaNA_RPAr9E\t2022 470 World Championship | Day 3
-6eUFO6lS3o\t2022 470 World Championship | Day 2
KXSmxjJF67U\t2022 470 World Championship | Day 1
VcD_rOHizdI\tHighlights | 2022 470 European Championship, Çeşme TUR
5QQNNlU5gNM\t2022 470 European Championship Italy Interview | Bronze medalists
_dODhtTzJ2Q\t2022 470 European Championship Spain Interview | Silver medalists
wkv25cVDzIM\t2022 470 European Championship Sweden Interview | Gold medalists
s6qncTXyDsw\t2022 470 European Championship | Day 2
JOtU2AL67xM\t2022 470 European Championship | Day 1
zqpeDfVB-LU\t2022 470 Junior Worlds | Medal race
6N1OpxPERds\t2022 470 Junior Worlds | Race 8 and more
69ncWiyAzco\t2022 470 Junior Worlds | Race 6 drone footage
xlTHnx_pG_I\t2022 470 Junior Worlds | Raw drone footage
piPIjUaYXQk\tRace 11 | 2022 470 Masters Cup Tihany, HUN
b1lK67fJBV8\tRace 10 | 2022 470 Masters Cup Tihany, HUN
t-hvXQ-ntNs\tRace 9 | 2022 470 Masters Cup Tihany, HUN
8ajZKw7uGGI\tRace 8 | 2022 470 Masters Cup Tihany, HUN
u00Gp0a7vX4\tRace 7 | 2022 470 Masters Cup Tihany, HUN
yb-Tae43-90\tRace 3 | 2022 470 Masters Cup Tihany, HUN
tZ8qGmqxfmw\tRace 2 | 2022 470 Masters Cup Tihany, HUN
kxvTFYDfebQ\tRace 1 | 2022 470 Masters Cup Tihany, HUN
mmzcEkYDgMk\tPrize Giving highlights - 2022 420 & 470 Junior Europeans
ArI7aNPMCV8\tRace day 5 highlights - 2022 420 & 470 Junior Europeans
B2b9mySOrt0\tRace day 4 highlights - 2022 420 & 470 Junior Europeans
og2zbzPXiho\tRace day 3 highlights - 2022 420 & 470 Junior Europeans
SL7g3oRRndk\tRace day 2 highlights - 2022 420 & 470 Junior Europeans
CSrjYP4eFcU\tRace day 1 highlights - 2022 420 & 470 Junior Europeans
gRPaOXfwIM0\t2021 470 MASTER'S CUP - Promo
CiHLDklSLd0\t7 May - 2021 470 European Championship, Vilamoura, POR
Lc_G6L1ACns\t6 May - 2021 470 European Championship, Vilamoura, POR
nJ73st_R2lE\t5 May - 2021 470 European Championship, Vilamoura, POR
IPueVtLjcoA\t4 May - 2021 470 European Championship, Vilamoura, POR
loRqjqcyrNk\t3 May - 2021 470 European Championship, Vilamoura, POR
jp-nUy5xUBE\t2 May - 2021 470 European Championship, Vilamoura, POR
WkF0GEk5PL0\t1 May - 2021 470 European Championship, Vilamoura, POR
5Jlk9yydpuU\t30 April - 2021 470 European Championship, Vilamoura, POR
Kb_fI2yKFTE\t13 March - Medal Ceremony - 2021 470 World Championship, Vilamoura, Portugal
RYd2bTmpLh0\t13 March - 2021 470 World Championship, Vilamoura, Portugal
97Q6Gx3EEO0\t12 March - 2021 470 World Championship, Vilamoura, Portugal
FSzvN-kVa5g\t11 March - 2021 470 World Championship, Vilamoura, Portugal
L3K25B0_bT4\t10 March - 2021 470 World Championship, Vilamoura, Portugal
12e5kLZ4EV4\t9 March - 2021 470 World Championship, Vilamoura, Portugal
yBEEM7d7j9k\t8 March - 2021 470 World Championship, Vilamoura, Portugal
zKyN6g-KcRE\t7 March - 2021 470 World Championship, Vilamoura, Portugal
ISqfdT3VJ24\t6 March - 2021 470 World Championship, Vilamoura, Portugal
pZkKUNlEcNE\t5 March - 2021 470 World Championship, Vilamoura, Portugal
fC3nOafZ_70\t2003 Sprint Cup
nxorflT1quM\t2020 Lanzarote Winter Series
aqu79wJ4_Ag\t470 Class 50th Anniversary Celebrations
LkEcq-eYDbE\tRace Day 6 - 9 August - 2019 470 World Championship, Enoshima, Japan
p8VS7npgMiI\tRace Day 5 - 8 August - 2019 470 World Championship, Enoshima, Japan
iooPt4UNs0U\tRace Day 4: 7 August I 2019 470 World Championships, Enoshima, Japan
J_49hc8bOo0\tRace Day 3: 6 August I 2019 470 World Championships, Enoshima, Japan
tRutAaBHtzE\tRace Day 2 - 5 August - 2019 470 World Championships, Enoshima, Japan
7D1Jr6cL5Gs\tTina Mrak/Veronika Macarol (SLO)
UmW6QCteHck\tRace Day 1 - 4 August - 2019 470 World Championship, Enoshima, Japan
gTYVUov25UE\tKevin Peponnet/Jeremie Mion (FRA) - 2019 470 World Championship, Enoshima, Japan
LeAa3nCGD0A\t3 August - 2019 470 World Championships, Enoshima, Japan
MduWocUm_Nk\tPromo Video - 2019 470 World Championship, 2-9 August, Enoshima, Japan
x2wQi7C5IqQ\t2 August - 2019 470 World Championship, Enoshima, Japan
lzfmz-MWRWQ\tXammar Rodriguez ESP
I28LV-UeTgc\tZegers Berkhout 01
NMccQLWUSNc\tXammar Rodriguez ENG
IfojC-Rf3lw\tFerrari Calabrò
CnlQuPpEg9o\tGabrio Zandonà
XU0Zhj5oUdY\tMrak   Macarol
6Xrs8bKNuUU\tMathew Belcher
kfguGfWtaj8\tDahlberg   Bergstrom
uRm6f5FUsyA\tLecointre Retornaz win
8eyytr9Mf6w\tDahlberg Bergstrom
tBEoBM3O1fA\tBelcher Ryan
UAWORsgrHCg\tMas De Pares   Cantero Reina ESP
sAi0UxAHJ9o\tMantis Kagialis GRE
3iH-zBdtd7U\tMantis Kagialis ENG
je68nhe-8PQ\tMas De Pares   Cantero Reina ENG
H5tKP0cEr0c\tMarchesini FestoENG
Fc_Be4b84hU\tKenichi Nakamura
fKC_lEsEFds\tMills McIntyreBibsD3
3GWxXQavLvI\tBelcherBibsD3
m_ggGyWW5aw\tBargher MahrBibsD3
d5hTwjYBN-8\tNicolàsLeBerreENG
g8lFN1aX-4I\tElliotWillis
bIsQcTAx3pI\tAndrewBrown
t7TxES4TFmM\tMedalRaceW
GP5Dxxx2NsM\tMedalRaceM
-OdalFE0rnU\tMills Mcintyre
Q4J7pvYnpBU\tDay 5: Highlights | 2019 470 European Championship
QhJDgPzJC9A\tDay 4: Highlights | 2019 470 European Championship
WUNCYIFLM24\tDay 3: Highlights | 2019 470 European Championship
biPPGjdym2c\tDay 1: Highlights | 2019 470 European Championship
nQS-S92jaaw\t2019 470 Europeans - Opening ceremony and measurements
vrvMf69iIrE\t2018 470 Junior World Championship - Official Promo
l9V1wiaVJW4\t2018 470 Junior World Championship - Day 5
8H15j7WS6tk\t2018 470 Junior World Championship - Day 2
nipD9j0lp2M\t2018 470 Junior World Championship - Day 1
X0acGLHGYL4\t2018 470 Junior World Championship - Day 6
IKWnm53wnJk\t2018 470 European Championships Burgas BGR: The movie
Rlg3XhEFcbQ\t2018 470 European Championship - Day 6
gmXAzqYhgfU\t2018 470 European Championship - Day 5
lEfF8b802z8\t470 downwind with Kilian Wagen and Gregoire Siegwart
hRKP5gHZUvg\t2018 470 European Championship - Day 4
aQRycJFK_FM\t2018 470 European Championship - Day 3
OdiYtYv204w\t470 start line tactics with Kilian Wagen and Gregoire Siegwart
RcXakF31SBI\t470 Open European Championship 2018 Day 2
dHDL7FP8eXg\t2018 470 European Championship - Day 1
lyvven_QQDg\t2013 470 World Championships, La Rochelle FRA - The Movie
Phi-SpIpxHU\t2017 470 World Championship Thessaloniki GRE: The movie
QI4Oo5KM6GE\t2017 470 European Championships Monaco MON: The movie
EuTBuyO3pxM\t470 promo video 2008
b2PSUkELyKI\t2017 470 Junior Worlds - Day 6 (Final Day)
tso2kxIqBPU\t2017 470 Junior Worlds - Day 5
UP32sbq9K-g\t2017 470 Junior Worlds - Day 4
GG-tUBp8BJ0\t2017 470 Junior Worlds - Day 3
w4JbM_3eh7Q\t2017 470 Junior Worlds - Day 2
LXBmKhJxqMY\t2017 470 Junior Worlds - Day 1
Gm9Oe9IzHeY\t2017 470 Junior Worlds - Day 0
J3vdbAuUAAU\t2017 470 World Championships 2017 - Day 6
IjsghB858m8\t2017 470 World Championships 2017 - Day 5
T7FUZWmW408\t2017 470 World Championships 2017 - Day 4
meRitXAe0YI\t2017 470 World Championships 2017 - Day 3
DKKjYF3XyRw\t2017 470 World Championships 2017 -  Day 2
jNIMZ0oG-gE\t2017 470 World Championships - Day 1
qOg9czryxM0\t2017 470 European Championship - Day 6
rZPHjjHV-Co\t2017 470 European Championship - Day 5
1Fn25QEBZeY\t2017 470 European Championship Day 4
xCicomb_-1Y\t2017 470 European Championship - Day 3
tnb_JGtOYvo\t2017 470 European Championship - Day 2
sjuOw8GlI10\t2017 470 European Championship - Day 1
Z6-srrj4BRc\t470 Class - The Racer's Choice
EGw7spk4MnA\t470 Class - wishing our Rio 2016 Sailors Every Success
chpcGTsMX_M\tJordi Xammar (ESP)
gHWtL5d4Dk4\t2016 470 European Championship - Day 6
HLt6HGQBx6A\t2016 470 European Championship - Day 5
zC3JWg6dx30\t2016 470 European Championship - Day 4
6tGaJc2yu_I\t2016 470 European Championship - Day 3
w-BSQmAuMRQ\t2016 470 European Championship - Day 2
9i6p62ssSQM\t2016 470 European Championship - Opening Day
8iIzGZ94sqc\t470 World ARGENTINA2016_Day3
7j0W94jlXt4\t2016 470 World Championships San Isidro, Argentina
WCLYX-a-nFY\t2016 Cape Town Classic - Rigging & Prep
dn4FpOP1ijE\t2015 470 World Championships Haifa, Israel - Day 6
-1LDGtwJa68\tAsenathi Jim/Roger Hudson (RSA) Interview after qualifying South Africa to 2016 Olympic Games
l1pTG4mlNY8\t2015 470 World Championships Haifa, Israel - Day 5
jtMrR2IkaWI\tAsenathi Jim/Roger Hudson (RSA)
lvrArzIPS10\t2015 470 World Championships Haifa, Israel - Day 4
P7TewddIKAM\tAnton Dahlberg/Fredrik Bergstrom (SWE)
uqvDje-GCuM\t2015 470 World Championships Haifa, Israel - Day 3
MhpCnj74JEM\t2015 470 World Championships Haifa, Israel - Day 2
bUYuIuCoEqg\t2015 470 World Championships Haifa, Israel - Day 1
rmkBFrflexk\tBàrbara Cornudella and Sara Lopez discuss the 2015 470 World Championships
bD1ef21qZTo\t2015 470 Worlds - Day 1, 10 October 2015
2WqKvYopNiU\t2015 420 & 470 Junior European Championships - Day 6
BYcSNS-5380\t2015 420 & 470 Junior European Championships - Day 5
ItbEygETGXw\t2015 420 & 470 Junior European Championships - Day 4
SaWwifUf0vA\t2015 420 & 470 Junior European Championships - Day 3
c_C4ZXWFlp0\t2015 420 & 470 Junior European Championships - Day 2
QVHFrUdyWyk\t2015 420 & 470 Junior European Championships - Day 1
X00Ul7Dg-OU\t2015 470 Junior World Championships - Day 6
ive6pnHMdg0\t2015 470 Junior World Championships - Day 5
MgzXvkzW80s\t2015 470 Junior World Championships - Day 4
oVaigoaFEeA\t2015 470 Junior World Championships - Day 3
tU8isOOclLw\t2015 470 Junior World Championships - Day 2
BDs2ZbOFI4w\t2015 470 Junior World Championships - Day 1
cKbNMvmcwVo\tFerdinand Gerz/Oliver Szymanksi (GER) – Gold Medal 470 Men European Championship
cifbKQt85_A\tJo Aleh/Polly Powrie (NZL) win 2015 470 Women Open European Championship
LV3IE9YKyQg\tStuart McNay/David Hughes (USA) win 2015 470 Men Open European Championship
ZfLT1_J1_nw\tTina Mrak/Veronika Macarol (SLO) - Gold Medal 470 Women European Championships
iGDsBO-dWGs\tTina Mrak/Veronika Macarol (SLO) and coach - Gold Medal 470 Women European Championships (Slovenian)
P8IrYU-42wo\tTina Mrak/Veronika Macarol (SLO) - Gold Medal 470 Women European Championships (in Slovenian)
mAmGUp7zQAY\tRace Day 4 - 470 Open European Championships
yfYQgNCwS4k\tRace Day 3 - 470 Open European Championships - part 2
cC8WxSszNQg\tSecond day Europeans 470 - Aarhus, Part 1
Y2ctSS7DB3o\tAarhus Sailing club
ynWrfT-rSrY\tChampion wall, Aarhus - Denmark 2015
1Dig6dHxX2c\tBack from the first day of competitions - 470 Europeans, Arrhus 29 Jun 2015
OG-bkVWvSVA\t470 Europeans, Aarhus, Denmark
u1hr1upNvTE\t29 Jun 2015
huqV7TWUpoQ\t470 Europeans, Aarhus, Denmark; 27th June 2015.
849s7ExpYu8\t2014 470 European Championships, Athens Greece -  Interview from Belcher/Ryan and Patience/Willis
mchbGe3hOXI\t2014 470 European Championships - Medal Race
L1_aintU2hE\t2014 470 European Championships, Athens Greece  - Day 5
W36QDGl-Gsw\t2014 470 European Championships, Athens Greece  - Day 4
5b4V-BXLaww\tInterviewing Joonas and Niklas Lindgren
88CxJQuzM30\t2014 470 European Championships, Athens Greece  - Day 3
cv-a3_6o8LU\t2014 470 European Championships, Athens Greece - Interview with Belcher/Ryan
_b0QFxN8E4g\t2014 470 European Championships, Athens Greece  - Day 2
py9e_E-vd98\t2014 470 European Championships, Athens Greece  - Day 1
GeVjr_9PdRg\tAndreas Kosmatopoulos interviewing Panagiotis Mantis and Pavlos Kagialis
ZZ1Ipm8wWd4\tGetting ready for the 2014 Open 470 European Championships, Athens Greece (Day 2 )
h4LVG-FbntE\t2014 470 European Championships, Athens Greece  - Day 0
yX6sT9i4RH4\t2014 470 Junior World Championship - Prizegiving
1-mH9XEOL8c\t2014 470 Junior World Championship - Day 5
lFlQ2FIk2Mo\t2014 470 Junior World Championship - Day 3 and 4
bImSnNY8rLY\t2014 470 Junior World Championship - Day 1 and 2
dzrzdihVsG0\t2014 470 Junior World Championship - Opening ceremony
77dDxAdYOfs\t2013 420 and 470 Junior European Championships: The Movie
w9_O5vAPFnM\t2013 420 and 470 Junior European Championships - Day 7
GxsjAxhKUUc\t2013 420 and 470 Junior European Championships - Day 6
tUSzo-hsyRU\t2013 420 and 470 Junior European Championships - Day 5
4m2aj_D1j8I\t2013 470 World Championships, La Rochelle FRA - Day 6
_ALLwC2sIZs\t2013 470 World Championships, La Rochelle FRA - Day 5
b-jb0tWm5Iw\t2013 470 World Championships, La Rochelle FRA - Day 4
S7OnFaGE8mI\t2013 470 World Championships, La Rochelle FRA - Day 3
sRo70H6HAIE\t2013 470 World Championships, La Rochelle FRA - Day 2
Yxje6LBMHvk\t2013 470 World Championships, La Rochelle FRA - Day 1
c9xe9doRmMo\tEURO 470 MEDAL RACE MEN LIVE
N9N-4tBjeoA\tEURO 470 MEDAL RACE WOMEN
joJLddgWi3o\t470 EUROPEAN CHAMPIONSHIPS HIGHLIGHTS DAY 6 MEDAL RACE SAILY
3JaiN_QzgyQ\tEURO 470 INTERVIEW SHMUELI
ITP4o4LICNY\tEURO 470 INTERVIEW NZL ALEH POWRIE
sSp7bQyLo7E\tEURO 470 INTERVIEW FRANCE BOUVET MION
VrtIWVHDjYI\tEURO 470 INTERVIEW RSA
9XtuEXsKf50\t470 EUROPEAN CHAMPIONSHIPS RSA CREW INTERVIEW
ERkQxzKRsWU\tEURO 470 FORMIA HIGHLIGHTS DAY 1 SAILY
rCc6t0qrVfA\tEUROPEAN 470 FORMIA OPENING CEREMONY HIGHLIGHTS
PHTboFLZc5o\t2012 470 European Championship - Full Highlights
wAYgV_tD8-Q\t2012 470 European Championship - Day 7
ZC-zKqhEIF8\t2012 470 European Championship - Day 6
OuHjsYMaVpg\t2012 470 European Championship - Day 5
j1ldHj-shOE\t2012 470 European Championship - Day 4
6frXeiRP4dE\t2012 470 European Championship - Day 3
WmiRo_5ZORo\t2012 470 European Championship - Day 2
jHJKRcvzvOA\t2012 470 European Championship - Day 1
YvIKHFI3O8g\t2012 470 World Championship - Full Highlights
q8grcR-5cKo\tLara Vadlau (AUT) Reflects on the Youth Olympic Games compared to 470 Sailing
8RCzcuKmmbo\tLara Vadlau of Austria discusses her meteoric progress in sailing ....
mb_pGpk4fps\tJordi Xammar (ESP) Talks 470s and more .....
dwxg4Kr4tQw\t2012 470 World Championship - Day 7
EUnYyqDOpCM\t2012 470 World Championship - Day 6
L8RGB-0awVM\t2012 470 World Championship - Day 5
imLOjRHe62E\t2012 470 World Championship - Day 4
2e3_sFRt-6Q\t2012 470 World Championship - Day 3
-5YzI-4m0gc\t2012 470 World Championship - Day 2
SwKFMCVHrNw\t2012 470 World Championship - Day 1
MLH7e4tfm5Q\t2012 470 World Championship - Barcelona In Port Race and Championship Introduction
Dm-xPd5134s\t2012 470 Worlds - Promotional Video
RfrP3ufSo7M\t470 Men Gold Fleet - Race 6 - 8 December 2011
NmTZChH2rAc\t470 Men - Race Day 1 - 5 December 2011
5BaNzomVov8\tMedal races | Deltas Lloyd 470 Junior Worlds 2011
9QLt08TtCfM\tDay 7 | Delta Lloyd 470 Junior Worlds
tX79JNN95rI\tHannah Mills/Saskia Clark (GBR)
pSRKv1CH-wo\tMuttu Pushparajan/Narendra Rajput (IND)
Dc8Mhtofn3s\t470: Jo Aleh (NZL)
BYqcjnH79wo\t470: Hannah Mills and Saskia Clark (GBR)
zG3-LYd4DfY\t470: Amanda Clark (USA)
h7zCsNLVXUc\t470: Tara Pacheco
WP_HIQww8D8\tNathan Wilmot - 470
jDdU2FnfeDY\tNicolas Brandt-Hansen and  Mads Hejlesen - 470
1Crw6EqGPXg\t470: Nicolas Charbonnier (FRA)
Zb4ubXM_1B8\tLigneDepart.mpg
DwtWt0F5sJE\tLargueSpi-31.mpg
TPNKfTGNsfc\tLargueEnvoiSpi-20.mpg
XFpxUeCv49A\tEmpannageSpi-37.mpg
rbNUOaGaXkQ\tEmpannageSpi-29.mpg
L2PdNuMJdEc\tEmpannageSpi-12.mpg
K5EbPpBfBJM\tConduiteSpi 03
eGuu04TqrzQ\tConduitePres-16.mpg
f7boo3IhXjY\tConduitePres-09.mpg
5j7P7YriN50\tConduitePres-01.mpg
Rk2xQ0na3CE\tConduiteClapot 24
5yUfC1izhfE\tConduiteClapot-16.mpg
S6Pi3cb52LU\tConduiteClapot-14.mpg
qVeaBALy_eE\tAuloffeeAffalageSpi-22.mpg
3CFkWghKzYA\tAuloffee-06.mpg
ejCSHVRm7bo\tAffalageSpi-05.mpg
LGyXF1bzAqk\tAbatteeEnvoiSpi-30.mpg
EGeg-9Erwzc\tAbatteeEmpannageEnvoiSpi-18.mpg
_X98FJ351Cw\t470 Sailing Excitement from around the world
QCT7OQgqenM\tInterview: Singapore Sailing Team, 2009 470 Junior European Championships
jzBh7ErG180\tInterview: Stephanie Hudson and Alexander Sachs (USA)
UeXgTkt6kkk\tInterview:  Sofian Bouvet and Jeremie Mion (FRA) , 2009 470 Junior European Championships
9ay4qr0r6q4\tInterview:  Ferdinand Gerz and Tobias Bolduan (GER) , 2009 470 Junior European Championships
k86ve_jRSvE\tInterview: Jeremie Mion (FRA) , 2009 470 Junior European Championships
xYhbCefp-V0\tInterview: Nina Keijzer and Anneloes Van Veen (NED), 2009 470 Junior European Championships
RAxN3H2aQm8\tInterview: Sebastian Peri Busa and Santiago Masseroni (ARG), 2009 470 Junior European Championships
kwYHDdkiMhU\tSofian Bouvet and Jeremie Mion (FRA) , 2009 470 Junior European Championships
AR94WdFoyWc\t20090829
QEXXhyklp7k\t20090828.flv
GtYT_zO6cgY\t2009 470 World Championships - Finals Day 2
KVFwkgCtc9c\tInterview: Jury Members, 2009 470 Junior European Championships
ymFe80vSrvg\tInterview: Marta Weores (HUN)
UOG4F2dkjyE\tInterview: Giulia Conti and Giovanna Micol (ITA)
goL_KM68kzg\tInterview: Elise Rechichi and Tessa Parkinson (AUS)
-fv37Kpgjh4\tInterview: Malcolm Page (AUS)
JMOiQ_IDZ_k\t2008 470 World Championships - Morning Preparation
M-tNaTN9aRE\tInterview: Camilla Marino and Claudia Soricelli (ITA), 2009 470 Junior European Championships
9oE_7oEIjko\tInterview: Kathrin Kadelbach (GER)
EwH4Jgvjp_M\tInterview: Erin Maxwell and Isabelle Kinsolving (USA)
jY1wgd8ilpA\tInterview: Romana Zupan (CRO)
FT2H5wCIUDM\t2007 470 European Championship - Closing Ceremony
c1_seScgl34\t2007 European Championships - Race 2
_4WU6MYkwoc\t470test1gw
G2nSjLCMw_w\t2007 Europeans - Women
Q0T7d6ph1do\teuro07-race.flv
