id,category,reason,event_key,venue,confidence,date,date_src,wind,dur,title,proposed_filename
oR9SktcufVA,keep,race footage,2026_worlds,"Enoshima,Japan",high,2026-08-16,upload(in-window),3.2ms NE 47deg,147,"Day 5 | 2026 470 World Championship, Enoshima JPN","2026-08-16_風速3.2ms_風向NE47度_Day 5 2026 470 World Championship, Enoshima JPN.mp4"
6hOc1NWBYO8,keep,race footage,2026_worlds,"Enoshima,Japan",high,2026-08-16,upload(in-window),3.2ms NE 47deg,2014,Gold Fleet Race 5 | 470 World Championship,2026-08-16_風速3.2ms_風向NE47度_Gold Fleet Race 5 470 World Championship.mp4
QvlsFjAtpMk,keep,race footage,2026_worlds,"Enoshima,Japan",high,2026-08-16,upload(in-window),3.2ms NE 47deg,1901,Gold Fleet Race 4 | 470 World Championship,2026-08-16_風速3.2ms_風向NE47度_Gold Fleet Race 4 470 World Championship.mp4
eRu-PlCYCkw,keep,race footage,2026_worlds,"Enoshima,Japan",high,2026-08-15,upload(in-window),2.8ms E 99deg,153,"Day 4 | 2026 470 World Championship, Enoshima JPN","2026-08-15_風速2.8ms_風向E99度_Day 4 2026 470 World Championship, Enoshima JPN.mp4"
VYSo9eQIz0g,keep,race footage,2026_worlds,"Enoshima,Japan",high,2026-08-15,upload(in-window),2.8ms E 99deg,2204,Gold Fleet Race 2 | 470 World Championship – Afternoon Racing,2026-08-15_風速2.8ms_風向E99度_Gold Fleet Race 2 470 World Championship – Afternoon Racing.mp4
t1MsWOjT4EQ,keep,race footage,2026_worlds,"Enoshima,Japan",high,2026-08-15,upload(in-window),2.8ms E 99deg,3267,Gold Fleet Race 1 | 470 World Championship – Full Video Coverage,2026-08-15_風速2.8ms_風向E99度_Gold Fleet Race 1 470 World Championship – Full Video Coverage.mp4
e-hUkJ67G-o,keep,race footage,2026_worlds,"Enoshima,Japan",high,2026-08-14,upload(in-window),1.4ms N 5deg,154,"Day 3 | 2026 470 World Championship, Enoshima JPN","2026-08-14_風速1.4ms_風向N5度_Day 3 2026 470 World Championship, Enoshima JPN.mp4"
LA4VYmWg2DY,keep,race footage,2026_worlds,"Enoshima,Japan",high,2026-08-13,upload(in-window),4.0ms NE 45deg,140,"Day 2 | 2026 470 World Championship, Enoshima JPN","2026-08-13_風速4.0ms_風向NE45度_Day 2 2026 470 World Championship, Enoshima JPN.mp4"
5bEyrRSGHKc,keep,race footage,2026_worlds,"Enoshima,Japan",high,2026-08-12,upload(in-window),2.5ms SE 143deg,100,"Day 1 | 2026 470 World Championship, Enoshima JPN","2026-08-12_風速2.5ms_風向SE143度_Day 1 2026 470 World Championship, Enoshima JPN.mp4"
_OOz4GxwoTk,keep,race footage,2026_worlds,"Enoshima,Japan",high,2026-08-11,upload(in-window),4.4ms SW 230deg,82,"Day 0 | 2026 470 World Championship, Enoshima JPN","2026-08-11_風速4.4ms_風向SW230度_Day 0 2026 470 World Championship, Enoshima JPN.mp4"
z_5wyvvT1rU,keep,race footage,2026_jreuropeans,"Nida,Lithuania",high,2026-07-26,upload(in-window),4.0ms SW 217deg,77,"Day 5 | 2026 420 & 470 Junior European Championship, Nida LTU","2026-07-26_風速4.0ms_風向SW217度_Day 5 2026 420 & 470 Junior European Championship, Nida LTU.mp4"
hGNgNHxAsUw,keep,race footage,2026_jreuropeans,"Nida,Lithuania",high,2026-07-25,upload(in-window),5.5ms WSW 241deg,75,"Day 4 | 2026 420 & 470 Junior European Championship, Nida LTU","2026-07-25_風速5.5ms_風向WSW241度_Day 4 2026 420 & 470 Junior European Championship, Nida LTU.mp4"
nmXUJouDVhA,keep,race footage,2026_jreuropeans,"Nida,Lithuania",high,2026-07-24,upload(in-window),5.2ms NNW 336deg,80,"Day 3 | 2026 420 & 470 Junior European Championship, Nida LTU","2026-07-24_風速5.2ms_風向NNW336度_Day 3 2026 420 & 470 Junior European Championship, Nida LTU.mp4"
4M6T9h39HC0,keep,race footage,2026_jreuropeans,"Nida,Lithuania",high,2026-07-23,upload(in-window),2.9ms WSW 238deg,87,"Day 2 | 2026 420 & 470 Junior European Championship, Nida LTU","2026-07-23_風速2.9ms_風向WSW238度_Day 2 2026 420 & 470 Junior European Championship, Nida LTU.mp4"
6-iQObbbii4,keep,race footage,2026_jreuropeans,"Nida,Lithuania",high,2026-07-22,upload(in-window),5.9ms W 278deg,106,"Day 1 | 2026 420 & 470 Junior European Championship, Nida LTU","2026-07-22_風速5.9ms_風向W278度_Day 1 2026 420 & 470 Junior European Championship, Nida LTU.mp4"
K6-1GoHExys,review,uncertain (no race/day/date signal),2025_jrworlds,"Los Alcazares,Spain",high,2025-07-09,event-midpoint,4.0ms ESE 115deg,161,2025 470 Junior World Championships | Recap,2025-07-09_風速4.0ms_風向ESE115度_2025 470 Junior World Championships Recap.mp4
OIOGj0KgI5w,keep,race footage,2024_jreuropeans,"Thessaloniki,Greece",high,2024-07-28,upload(in-window),2.8ms SW 234deg,134,Day 6 | 2024 420/470 Junior European Championship,2024-07-28_風速2.8ms_風向SW234度_Day 6 2024 420 470 Junior European Championship.mp4
XOlZQtRu404,keep,race footage,2024_jreuropeans,"Thessaloniki,Greece",high,2024-07-28,upload(in-window),2.8ms SW 234deg,60,"Day 6 | 2024 470 Junior European Championship, Thessaloniki GRE","2024-07-28_風速2.8ms_風向SW234度_Day 6 2024 470 Junior European Championship, Thessaloniki GRE.mp4"
8Y5vgw8fToY,keep,race footage,2024_jreuropeans,"Thessaloniki,Greece",high,2024-07-27,upload(in-window),2.1ms NW 314deg,130,Day 5 | 2024 420/470 Junior European Championship,2024-07-27_風速2.1ms_風向NW314度_Day 5 2024 420 470 Junior European Championship.mp4
WsoKHgOuRfc,keep,race footage,2024_jreuropeans,"Thessaloniki,Greece",high,2024-07-27,upload(in-window),2.1ms NW 314deg,60,"Day 5 | 2024 470 Junior European Championship, Thessaloniki GRE","2024-07-27_風速2.1ms_風向NW314度_Day 5 2024 470 Junior European Championship, Thessaloniki GRE.mp4"
WOv8dItBfvk,keep,race footage,2024_jreuropeans,"Thessaloniki,Greece",high,2024-07-26,upload(in-window),4.7ms NNW 335deg,90,Day 4 | 2024 420/470 Junior European Championship,2024-07-26_風速4.7ms_風向NNW335度_Day 4 2024 420 470 Junior European Championship.mp4
TF2aa9UHwkY,keep,race footage,2024_jreuropeans,"Thessaloniki,Greece",high,2024-07-26,upload(in-window),4.7ms NNW 335deg,60,"Day 4 | 2024 470 Junior European Championship, Thessaloniki GRE","2024-07-26_風速4.7ms_風向NNW335度_Day 4 2024 470 Junior European Championship, Thessaloniki GRE.mp4"
EhnKHyaJ1Dk,keep,race footage,2024_jreuropeans,"Thessaloniki,Greece",high,2024-07-25,upload(in-window),2.3ms NE 43deg,102,Day 3 | 2024 420/470 Junior European Championship,2024-07-25_風速2.3ms_風向NE43度_Day 3 2024 420 470 Junior European Championship.mp4
qtthgQtPL4E,keep,race footage,2024_jreuropeans,"Thessaloniki,Greece",high,2024-07-25,upload(in-window),2.3ms NE 43deg,61,"Day 3 | 2024 470 Junior European Championship, Thessaloniki GRE","2024-07-25_風速2.3ms_風向NE43度_Day 3 2024 470 Junior European Championship, Thessaloniki GRE.mp4"
2XlUHve8XXs,keep,race footage,2024_jreuropeans,"Thessaloniki,Greece",high,2024-07-25,upload(in-window),2.3ms NE 43deg,90,Day 2 |  2024 420/470 Junior European Championship,2024-07-25_風速2.3ms_風向NE43度_Day 2 2024 420 470 Junior European Championship.mp4
G0Jcgge1NeQ,keep,race footage,2024_jreuropeans,"Thessaloniki,Greece",high,2024-07-23,upload(in-window),1.4ms S 169deg,114,Day 1 | 2024 420/470 Junior European Championship,2024-07-23_風速1.4ms_風向S169度_Day 1 2024 420 470 Junior European Championship.mp4
yGZfYN8uV-E,keep,race footage,2024_europeans,"Cannes,France",high,2024-05-12,upload(in-window),2.1ms SE 126deg,90,2024 470 European Championship | Day 6 Highlights,2024-05-12_風速2.1ms_風向SE126度_2024 470 European Championship Day 6 Highlights.mp4
Pm_KL4p_O6c,keep,race footage,2024_europeans,"Cannes,France",high,2024-05-11,upload(in-window),1.9ms SE 133deg,83,2024 470 European Championship | Day 5 Highlights,2024-05-11_風速1.9ms_風向SE133度_2024 470 European Championship Day 5 Highlights.mp4
haH1cxLyq_g,keep,race footage,2024_europeans,"Cannes,France",high,2024-05-10,upload(in-window),1.8ms SSE 161deg,89,2024 470 European Championship | Day 4 Highlights,2024-05-10_風速1.8ms_風向SSE161度_2024 470 European Championship Day 4 Highlights.mp4
VuTms_naYVE,keep,race footage,2024_europeans,"Cannes,France",high,2024-05-09,upload(in-window),1.9ms S 174deg,80,2024 470 European Championship | Day 3 Highlights,2024-05-09_風速1.9ms_風向S174度_2024 470 European Championship Day 3 Highlights.mp4
1KeIS4X3FWQ,keep,race footage,2024_europeans,"Cannes,France",high,2024-05-08,upload(in-window),2.3ms S 183deg,98,2024 470 European Championship | Day 2 Highlights,2024-05-08_風速2.3ms_風向S183度_2024 470 European Championship Day 2 Highlights.mp4
k18QQlGNqXs,keep,race footage,2024_europeans,"Cannes,France",high,2024-05-07,upload(in-window),1.2ms NE 48deg,69,2024 470 European Championship | Day 1 Highlights,2024-05-07_風速1.2ms_風向NE48度_2024 470 European Championship Day 1 Highlights.mp4
JHngrJV3RuA,keep,race footage,2024_worlds,"Palma de Mallorca (El Arenal),Spain",high,2024-03-03,upload(in-window),8.5ms WNW 291deg,71,2024 470 Worlds Championship | Day 6 Highlights,2024-03-03_風速8.5ms_風向WNW291度_2024 470 Worlds Championship Day 6 Highlights.mp4
QWgQG9ZvFyI,keep,race footage,2024_worlds,"Palma de Mallorca (El Arenal),Spain",high,2024-03-02,upload(in-window),8.2ms SW 228deg,94,2024 470 Worlds Championship | Day 5 Highlights,2024-03-02_風速8.2ms_風向SW228度_2024 470 Worlds Championship Day 5 Highlights.mp4
3F14s5u38PY,keep,race footage,2024_worlds,"Palma de Mallorca (El Arenal),Spain",high,2024-03-01,upload(in-window),6.4ms WNW 302deg,94,2024 470 Worlds Championship | Day 4 Highlights,2024-03-01_風速6.4ms_風向WNW302度_2024 470 Worlds Championship Day 4 Highlights.mp4
_nL8bwCpeC0,keep,race footage,2024_worlds,"Palma de Mallorca (El Arenal),Spain",high,2024-02-29,upload(in-window),2.2ms NNW 337deg,96,2024 470 Worlds Championship | Day 3 Highlights,2024-02-29_風速2.2ms_風向NNW337度_2024 470 Worlds Championship Day 3 Highlights.mp4
Kr5yFbUqjOU,keep,race footage,2024_worlds,"Palma de Mallorca (El Arenal),Spain",high,2024-02-28,upload(in-window),4.2ms NNW 348deg,96,2024 470 Worlds Championship | Day 2 Highlights,2024-02-28_風速4.2ms_風向NNW348度_2024 470 Worlds Championship Day 2 Highlights.mp4
Mt4amqm8r6g,keep,race footage,2024_worlds,"Palma de Mallorca (El Arenal),Spain",high,2024-02-27,upload(in-window),4.2ms NNW 330deg,96,2024 470 World Championship | Day 1 Highlights,2024-02-27_風速4.2ms_風向NNW330度_2024 470 World Championship Day 1 Highlights.mp4
h_wyyP-Em-8,keep,race footage,2023_allianz,"Scheveningen (The Hague),Netherlands",high,2023-08-15,upload(in-window),4.6ms W 262deg,161,Highlights from 470 Class on Day 4 of the Allianz Sailing World Championships at The Hague,2023-08-15_風速4.6ms_風向W262度_Highlights from 470 Class on Day 4 of the Allianz Sailing World Championships at The Hague.mp4
-_KK_gl44eY,keep,race footage,2023_allianz,"Scheveningen (The Hague),Netherlands",high,2023-08-14,upload(in-window),4.9ms S 186deg,161,Highlights from 470 Class on Day 3 of the Allianz Sailing World Championships at The Hague,2023-08-14_風速4.9ms_風向S186度_Highlights from 470 Class on Day 3 of the Allianz Sailing World Championships at The Hague.mp4
tEuPtTvLaQQ,keep,race footage,2023_allianz,"Scheveningen (The Hague),Netherlands",high,2023-08-12,upload(in-window),6.2ms WSW 244deg,158,Highlights from 470 Class on Day 2 of the Allianz Sailing World Championships at The Hague,2023-08-12_風速6.2ms_風向WSW244度_Highlights from 470 Class on Day 2 of the Allianz Sailing World Championships at The Hague.mp4
fHMVeN9FqRI,keep,race footage,2023_allianz,"Scheveningen (The Hague),Netherlands",high,2023-08-11,upload(in-window),5.3ms WSW 237deg,141,Highlights from 470 Class on Day 1 of the Allianz Sailing World Championships at The Hague,2023-08-11_風速5.3ms_風向WSW237度_Highlights from 470 Class on Day 1 of the Allianz Sailing World Championships at The Hague.mp4
jC_azbbQMeU,keep,race footage,2022_worlds,"Sdot Yam,Israel",high,2022-10-29,upload(in-window),4.0ms N 360deg,188,2022 470 World Championship | Day 6,2022-10-29_風速4.0ms_風向N360度_2022 470 World Championship Day 6.mp4
hq52vNcVD_4,keep,race footage,2022_worlds,"Sdot Yam,Israel",high,2022-10-29,upload(in-window),4.0ms N 360deg,134,2022 470 World Championship | Day 5,2022-10-29_風速4.0ms_風向N360度_2022 470 World Championship Day 5.mp4
9UqV-eJ-kXA,keep,race footage,2022_worlds,"Sdot Yam,Israel",high,2022-10-27,upload(in-window),3.3ms NW 310deg,169,2022 470 World Championship | Day 4,2022-10-27_風速3.3ms_風向NW310度_2022 470 World Championship Day 4.mp4
FaNA_RPAr9E,keep,race footage,2022_worlds,"Sdot Yam,Israel",high,2022-10-26,upload(in-window),2.0ms ESE 102deg,166,2022 470 World Championship | Day 3,2022-10-26_風速2.0ms_風向ESE102度_2022 470 World Championship Day 3.mp4
-6eUFO6lS3o,keep,race footage,2022_worlds,"Sdot Yam,Israel",high,2022-10-26,upload(in-window),2.0ms ESE 102deg,133,2022 470 World Championship | Day 2,2022-10-26_風速2.0ms_風向ESE102度_2022 470 World Championship Day 2.mp4
KXSmxjJF67U,keep,race footage,2022_worlds,"Sdot Yam,Israel",high,2022-10-26,upload(in-window),2.0ms ESE 102deg,170,2022 470 World Championship | Day 1,2022-10-26_風速2.0ms_風向ESE102度_2022 470 World Championship Day 1.mp4
VcD_rOHizdI,keep,race footage,2022_europeans,"Cesme,Turkey",high,2022-09-15,event-midpoint,1.8ms WNW 300deg,214,"Highlights | 2022 470 European Championship, Çeşme TUR","2022-09-15_風速1.8ms_風向WNW300度_Highlights 2022 470 European Championship, Çeşme TUR.mp4"
s6qncTXyDsw,keep,race footage,2022_europeans,"Cesme,Turkey",high,2022-09-15,upload(in-window),1.8ms WNW 300deg,90,2022 470 European Championship | Day 2,2022-09-15_風速1.8ms_風向WNW300度_2022 470 European Championship Day 2.mp4
JOtU2AL67xM,keep,race footage,2022_europeans,"Cesme,Turkey",high,2022-09-15,upload(in-window),1.8ms WNW 300deg,76,2022 470 European Championship | Day 1,2022-09-15_風速1.8ms_風向WNW300度_2022 470 European Championship Day 1.mp4
zqpeDfVB-LU,keep,race footage,2022_jrworlds,"Tihany,Hungary",high,2022-08-18,event-midpoint,3.0ms SW 231deg,1403,2022 470 Junior Worlds | Medal race,2022-08-18_風速3.0ms_風向SW231度_2022 470 Junior Worlds Medal race.mp4
6N1OpxPERds,keep,race footage,2022_jrworlds,"Tihany,Hungary",high,2022-08-18,event-midpoint,3.0ms SW 231deg,712,2022 470 Junior Worlds | Race 8 and more,2022-08-18_風速3.0ms_風向SW231度_2022 470 Junior Worlds Race 8 and more.mp4
69ncWiyAzco,keep,race footage,2022_jrworlds,"Tihany,Hungary",high,2022-08-18,event-midpoint,3.0ms SW 231deg,840,2022 470 Junior Worlds | Race 6 drone footage,2022-08-18_風速3.0ms_風向SW231度_2022 470 Junior Worlds Race 6 drone footage.mp4
xlTHnx_pG_I,keep,race footage (secondary rule),2022_jrworlds,"Tihany,Hungary",high,2022-08-18,event-midpoint,3.0ms SW 231deg,285,2022 470 Junior Worlds | Raw drone footage,2022-08-18_風速3.0ms_風向SW231度_2022 470 Junior Worlds Raw drone footage.mp4
piPIjUaYXQk,keep,race footage,2022_masters,"Tihany,Hungary",med,2022-08-03,event-midpoint,1.5ms ENE 57deg,340,"Race 11 | 2022 470 Masters Cup Tihany, HUN","2022-08-03_風速1.5ms_風向ENE57度_Race 11 2022 470 Masters Cup Tihany, HUN.mp4"
b1lK67fJBV8,keep,race footage,2022_masters,"Tihany,Hungary",med,2022-08-03,event-midpoint,1.5ms ENE 57deg,242,"Race 10 | 2022 470 Masters Cup Tihany, HUN","2022-08-03_風速1.5ms_風向ENE57度_Race 10 2022 470 Masters Cup Tihany, HUN.mp4"
t-hvXQ-ntNs,keep,race footage,2022_masters,"Tihany,Hungary",med,2022-08-03,event-midpoint,1.5ms ENE 57deg,705,"Race 9 | 2022 470 Masters Cup Tihany, HUN","2022-08-03_風速1.5ms_風向ENE57度_Race 9 2022 470 Masters Cup Tihany, HUN.mp4"
8ajZKw7uGGI,keep,race footage,2022_masters,"Tihany,Hungary",med,2022-08-03,event-midpoint,1.5ms ENE 57deg,485,"Race 8 | 2022 470 Masters Cup Tihany, HUN","2022-08-03_風速1.5ms_風向ENE57度_Race 8 2022 470 Masters Cup Tihany, HUN.mp4"
u00Gp0a7vX4,keep,race footage,2022_masters,"Tihany,Hungary",med,2022-08-03,event-midpoint,1.5ms ENE 57deg,569,"Race 7 | 2022 470 Masters Cup Tihany, HUN","2022-08-03_風速1.5ms_風向ENE57度_Race 7 2022 470 Masters Cup Tihany, HUN.mp4"
yb-Tae43-90,keep,race footage,2022_masters,"Tihany,Hungary",med,2022-08-03,upload(in-window),1.5ms ENE 57deg,224,"Race 3 | 2022 470 Masters Cup Tihany, HUN","2022-08-03_風速1.5ms_風向ENE57度_Race 3 2022 470 Masters Cup Tihany, HUN.mp4"
tZ8qGmqxfmw,keep,race footage,2022_masters,"Tihany,Hungary",med,2022-08-03,upload(in-window),1.5ms ENE 57deg,643,"Race 2 | 2022 470 Masters Cup Tihany, HUN","2022-08-03_風速1.5ms_風向ENE57度_Race 2 2022 470 Masters Cup Tihany, HUN.mp4"
kxvTFYDfebQ,keep,race footage,2022_masters,"Tihany,Hungary",med,2022-08-03,upload(in-window),1.5ms ENE 57deg,409,"Race 1 | 2022 470 Masters Cup Tihany, HUN","2022-08-03_風速1.5ms_風向ENE57度_Race 1 2022 470 Masters Cup Tihany, HUN.mp4"
ArI7aNPMCV8,keep,race footage,2022_jreuropeans,"Vilamoura,Portugal",high,2022-07-25,upload(in-window),3.7ms NW 321deg,160,Race day 5 highlights - 2022 420 & 470 Junior Europeans,2022-07-25_風速3.7ms_風向NW321度_Race day 5 highlights - 2022 420 & 470 Junior Europeans.mp4
B2b9mySOrt0,keep,race footage,2022_jreuropeans,"Vilamoura,Portugal",high,2022-07-25,upload(in-window),3.7ms NW 321deg,37,Race day 4 highlights - 2022 420 & 470 Junior Europeans,2022-07-25_風速3.7ms_風向NW321度_Race day 4 highlights - 2022 420 & 470 Junior Europeans.mp4
og2zbzPXiho,keep,race footage,2022_jreuropeans,"Vilamoura,Portugal",high,2022-07-23,upload(in-window),3.2ms SSW 210deg,82,Race day 3 highlights - 2022 420 & 470 Junior Europeans,2022-07-23_風速3.2ms_風向SSW210度_Race day 3 highlights - 2022 420 & 470 Junior Europeans.mp4
SL7g3oRRndk,keep,race footage,2022_jreuropeans,"Vilamoura,Portugal",high,2022-07-22,upload(in-window),3.8ms SW 221deg,111,Race day 2 highlights - 2022 420 & 470 Junior Europeans,2022-07-22_風速3.8ms_風向SW221度_Race day 2 highlights - 2022 420 & 470 Junior Europeans.mp4
CSrjYP4eFcU,keep,race footage,2022_jreuropeans,"Vilamoura,Portugal",high,2022-07-21,upload(in-window),3.5ms SSW 210deg,107,Race day 1 highlights - 2022 420 & 470 Junior Europeans,2022-07-21_風速3.5ms_風向SSW210度_Race day 1 highlights - 2022 420 & 470 Junior Europeans.mp4
CiHLDklSLd0,keep,dated race footage,2021_europeans,"Vilamoura,Portugal",high,2021-05-07,title-date,3.4ms SW 215deg,534,"7 May - 2021 470 European Championship, Vilamoura, POR","2021-05-07_風速3.4ms_風向SW215度_7 May - 2021 470 European Championship, Vilamoura, POR.mp4"
Lc_G6L1ACns,keep,dated race footage,2021_europeans,"Vilamoura,Portugal",high,2021-05-06,title-date,2.9ms W 263deg,195,"6 May - 2021 470 European Championship, Vilamoura, POR","2021-05-06_風速2.9ms_風向W263度_6 May - 2021 470 European Championship, Vilamoura, POR.mp4"
nJ73st_R2lE,keep,dated race footage,2021_europeans,"Vilamoura,Portugal",high,2021-05-05,title-date,3.9ms SW 217deg,176,"5 May - 2021 470 European Championship, Vilamoura, POR","2021-05-05_風速3.9ms_風向SW217度_5 May - 2021 470 European Championship, Vilamoura, POR.mp4"
IPueVtLjcoA,keep,dated race footage,2021_europeans,"Vilamoura,Portugal",high,2021-05-04,title-date,4.0ms SW 229deg,223,"4 May - 2021 470 European Championship, Vilamoura, POR","2021-05-04_風速4.0ms_風向SW229度_4 May - 2021 470 European Championship, Vilamoura, POR.mp4"
loRqjqcyrNk,keep,dated race footage,2021_europeans,"Vilamoura,Portugal",high,2021-05-03,title-date,3.1ms SSE 162deg,279,"3 May - 2021 470 European Championship, Vilamoura, POR","2021-05-03_風速3.1ms_風向SSE162度_3 May - 2021 470 European Championship, Vilamoura, POR.mp4"
jp-nUy5xUBE,keep,dated race footage,2021_europeans,"Vilamoura,Portugal",high,2021-05-02,title-date,2.8ms NW 316deg,209,"2 May - 2021 470 European Championship, Vilamoura, POR","2021-05-02_風速2.8ms_風向NW316度_2 May - 2021 470 European Championship, Vilamoura, POR.mp4"
WkF0GEk5PL0,keep,dated race footage,2021_europeans,"Vilamoura,Portugal",high,2021-05-01,title-date,4.6ms WSW 258deg,93,"1 May - 2021 470 European Championship, Vilamoura, POR","2021-05-01_風速4.6ms_風向WSW258度_1 May - 2021 470 European Championship, Vilamoura, POR.mp4"
5Jlk9yydpuU,keep,dated race footage,2021_europeans,"Vilamoura,Portugal",high,2021-04-30,title-date,3.9ms WNW 303deg,92,"30 April - 2021 470 European Championship, Vilamoura, POR","2021-04-30_風速3.9ms_風向WNW303度_30 April - 2021 470 European Championship, Vilamoura, POR.mp4"
RYd2bTmpLh0,keep,dated race footage,2021_worlds,"Vilamoura,Portugal",high,2021-03-13,title-date,4.1ms N 352deg,285,"13 March - 2021 470 World Championship, Vilamoura, Portugal","2021-03-13_風速4.1ms_風向N352度_13 March - 2021 470 World Championship, Vilamoura, Portugal.mp4"
97Q6Gx3EEO0,keep,dated race footage,2021_worlds,"Vilamoura,Portugal",high,2021-03-12,title-date,5.0ms NNW 332deg,216,"12 March - 2021 470 World Championship, Vilamoura, Portugal","2021-03-12_風速5.0ms_風向NNW332度_12 March - 2021 470 World Championship, Vilamoura, Portugal.mp4"
FSzvN-kVa5g,keep,dated race footage,2021_worlds,"Vilamoura,Portugal",high,2021-03-11,title-date,2.1ms SW 229deg,273,"11 March - 2021 470 World Championship, Vilamoura, Portugal","2021-03-11_風速2.1ms_風向SW229度_11 March - 2021 470 World Championship, Vilamoura, Portugal.mp4"
L3K25B0_bT4,keep,dated race footage,2021_worlds,"Vilamoura,Portugal",high,2021-03-10,title-date,2.8ms SW 216deg,242,"10 March - 2021 470 World Championship, Vilamoura, Portugal","2021-03-10_風速2.8ms_風向SW216度_10 March - 2021 470 World Championship, Vilamoura, Portugal.mp4"
12e5kLZ4EV4,keep,dated race footage,2021_worlds,"Vilamoura,Portugal",high,2021-03-09,title-date,4.0ms N 354deg,333,"9 March - 2021 470 World Championship, Vilamoura, Portugal","2021-03-09_風速4.0ms_風向N354度_9 March - 2021 470 World Championship, Vilamoura, Portugal.mp4"
yBEEM7d7j9k,keep,dated race footage,2021_worlds,"Vilamoura,Portugal",high,2021-03-08,title-date,4.9ms NW 317deg,206,"8 March - 2021 470 World Championship, Vilamoura, Portugal","2021-03-08_風速4.9ms_風向NW317度_8 March - 2021 470 World Championship, Vilamoura, Portugal.mp4"
zKyN6g-KcRE,keep,dated race footage,2021_worlds,"Vilamoura,Portugal",high,2021-03-07,title-date,3.2ms W 272deg,101,"7 March - 2021 470 World Championship, Vilamoura, Portugal","2021-03-07_風速3.2ms_風向W272度_7 March - 2021 470 World Championship, Vilamoura, Portugal.mp4"
ISqfdT3VJ24,keep,dated race footage,2021_worlds,"Vilamoura,Portugal",high,2021-03-06,title-date,4.2ms ESE 107deg,150,"6 March - 2021 470 World Championship, Vilamoura, Portugal","2021-03-06_風速4.2ms_風向ESE107度_6 March - 2021 470 World Championship, Vilamoura, Portugal.mp4"
pZkKUNlEcNE,keep,dated race footage,2021_worlds,"Vilamoura,Portugal",high,2021-03-05,title-date,3.4ms SE 138deg,62,"5 March - 2021 470 World Championship, Vilamoura, Portugal","2021-03-05_風速3.4ms_風向SE138度_5 March - 2021 470 World Championship, Vilamoura, Portugal.mp4"
fC3nOafZ_70,keep,race footage (secondary rule),2003_sprint,"Riva del Garda,Italy",low,2003-04-26,event-midpoint,2.5ms SSW 212deg,2006,2003 Sprint Cup,2003-04-26_風速2.5ms_風向SSW212度_2003 Sprint Cup.mp4
LkEcq-eYDbE,keep,race footage,2019_worlds,"Enoshima,Japan",high,2019-08-09,title-date,5.9ms S 186deg,193,"Race Day 6 - 9 August - 2019 470 World Championship, Enoshima, Japan","2019-08-09_風速5.9ms_風向S186度_Race Day 6 - 9 August - 2019 470 World Championship, Enoshima, Japan.mp4"
p8VS7npgMiI,keep,race footage,2019_worlds,"Enoshima,Japan",high,2019-08-08,title-date,7.8ms SSW 192deg,194,"Race Day 5 - 8 August - 2019 470 World Championship, Enoshima, Japan","2019-08-08_風速7.8ms_風向SSW192度_Race Day 5 - 8 August - 2019 470 World Championship, Enoshima, Japan.mp4"
iooPt4UNs0U,keep,race footage,2019_worlds,"Enoshima,Japan",high,2019-08-07,title-date,6.7ms S 187deg,159,"Race Day 4: 7 August I 2019 470 World Championships, Enoshima, Japan","2019-08-07_風速6.7ms_風向S187度_Race Day 4 7 August I 2019 470 World Championships, Enoshima, Japan.mp4"
J_49hc8bOo0,keep,race footage,2019_worlds,"Enoshima,Japan",high,2019-08-06,title-date,6.5ms S 188deg,186,"Race Day 3: 6 August I 2019 470 World Championships, Enoshima, Japan","2019-08-06_風速6.5ms_風向S188度_Race Day 3 6 August I 2019 470 World Championships, Enoshima, Japan.mp4"
tRutAaBHtzE,keep,race footage,2019_worlds,"Enoshima,Japan",high,2019-08-05,title-date,3.3ms SSW 204deg,163,"Race Day 2 - 5 August - 2019 470 World Championships, Enoshima, Japan","2019-08-05_風速3.3ms_風向SSW204度_Race Day 2 - 5 August - 2019 470 World Championships, Enoshima, Japan.mp4"
UmW6QCteHck,keep,race footage,2019_worlds,"Enoshima,Japan",high,2019-08-04,title-date,3.7ms S 189deg,190,"Race Day 1 - 4 August - 2019 470 World Championship, Enoshima, Japan","2019-08-04_風速3.7ms_風向S189度_Race Day 1 - 4 August - 2019 470 World Championship, Enoshima, Japan.mp4"
LeAa3nCGD0A,keep,dated race footage,2019_worlds,"Enoshima,Japan",high,2019-08-03,title-date,4.8ms SSW 194deg,191,"3 August - 2019 470 World Championships, Enoshima, Japan","2019-08-03_風速4.8ms_風向SSW194度_3 August - 2019 470 World Championships, Enoshima, Japan.mp4"
x2wQi7C5IqQ,keep,dated race footage,2019_worlds,"Enoshima,Japan",high,2019-08-02,title-date,3.9ms S 189deg,70,"2 August - 2019 470 World Championship, Enoshima, Japan","2019-08-02_風速3.9ms_風向S189度_2 August - 2019 470 World Championship, Enoshima, Japan.mp4"
I28LV-UeTgc,review,uncertain (no race/day/date signal),2019_europeans,"Santo Stefano al Mare,Italy",high,2019-05-10,event-midpoint,2.2ms SE 142deg,61,Zegers Berkhout 01,2019-05-10_風速2.2ms_風向SE142度_Zegers Berkhout 01.mp4
IfojC-Rf3lw,review,uncertain (no race/day/date signal),2019_europeans,"Santo Stefano al Mare,Italy",high,2019-05-10,event-midpoint,2.2ms SE 142deg,106,Ferrari Calabrò,2019-05-10_風速2.2ms_風向SE142度_Ferrari Calabrò.mp4
CnlQuPpEg9o,review,uncertain (no race/day/date signal),2019_europeans,"Santo Stefano al Mare,Italy",high,2019-05-10,event-midpoint,2.2ms SE 142deg,190,Gabrio Zandonà,2019-05-10_風速2.2ms_風向SE142度_Gabrio Zandonà.mp4
XU0Zhj5oUdY,review,uncertain (no race/day/date signal),2019_europeans,"Santo Stefano al Mare,Italy",high,2019-05-10,event-midpoint,2.2ms SE 142deg,134,Mrak   Macarol,2019-05-10_風速2.2ms_風向SE142度_Mrak Macarol.mp4
6Xrs8bKNuUU,review,uncertain (no race/day/date signal),2019_europeans,"Santo Stefano al Mare,Italy",high,2019-05-10,event-midpoint,2.2ms SE 142deg,214,Mathew Belcher,2019-05-10_風速2.2ms_風向SE142度_Mathew Belcher.mp4
kfguGfWtaj8,review,uncertain (no race/day/date signal),2019_europeans,"Santo Stefano al Mare,Italy",high,2019-05-10,event-midpoint,2.2ms SE 142deg,123,Dahlberg   Bergstrom,2019-05-10_風速2.2ms_風向SE142度_Dahlberg Bergstrom.mp4
8eyytr9Mf6w,review,uncertain (no race/day/date signal),2019_europeans,"Santo Stefano al Mare,Italy",high,2019-05-10,event-midpoint,2.2ms SE 142deg,56,Dahlberg Bergstrom,2019-05-10_風速2.2ms_風向SE142度_Dahlberg Bergstrom.mp4
tBEoBM3O1fA,review,uncertain (no race/day/date signal),2019_europeans,"Santo Stefano al Mare,Italy",high,2019-05-10,event-midpoint,2.2ms SE 142deg,72,Belcher Ryan,2019-05-10_風速2.2ms_風向SE142度_Belcher Ryan.mp4
Fc_Be4b84hU,review,uncertain (no race/day/date signal),2019_europeans,"Santo Stefano al Mare,Italy",high,2019-05-10,event-midpoint,2.2ms SE 142deg,109,Kenichi Nakamura,2019-05-10_風速2.2ms_風向SE142度_Kenichi Nakamura.mp4
g8lFN1aX-4I,review,uncertain (no race/day/date signal),2019_europeans,"Santo Stefano al Mare,Italy",high,2019-05-10,event-midpoint,2.2ms SE 142deg,93,ElliotWillis,2019-05-10_風速2.2ms_風向SE142度_ElliotWillis.mp4
bIsQcTAx3pI,review,uncertain (no race/day/date signal),2019_europeans,"Santo Stefano al Mare,Italy",high,2019-05-10,event-midpoint,2.2ms SE 142deg,74,AndrewBrown,2019-05-10_風速2.2ms_風向SE142度_AndrewBrown.mp4
t7TxES4TFmM,keep,race footage (secondary rule),2019_europeans,"Santo Stefano al Mare,Italy",high,2019-05-10,event-midpoint,2.2ms SE 142deg,162,MedalRaceW,2019-05-10_風速2.2ms_風向SE142度_MedalRaceW.mp4
GP5Dxxx2NsM,keep,race footage (secondary rule),2019_europeans,"Santo Stefano al Mare,Italy",high,2019-05-10,event-midpoint,2.2ms SE 142deg,162,MedalRaceM,2019-05-10_風速2.2ms_風向SE142度_MedalRaceM.mp4
-OdalFE0rnU,review,uncertain (no race/day/date signal),2019_europeans,"Santo Stefano al Mare,Italy",high,2019-05-10,event-midpoint,2.2ms SE 142deg,48,Mills Mcintyre,2019-05-10_風速2.2ms_風向SE142度_Mills Mcintyre.mp4
Q4J7pvYnpBU,keep,race footage,2019_europeans,"Santo Stefano al Mare,Italy",high,2019-05-10,day5+start,2.2ms SE 142deg,57,Day 5: Highlights | 2019 470 European Championship,2019-05-10_風速2.2ms_風向SE142度_Day 5 Highlights 2019 470 European Championship.mp4
QhJDgPzJC9A,keep,race footage,2019_europeans,"Santo Stefano al Mare,Italy",high,2019-05-09,day4+start,2.4ms ESE 105deg,158,Day 4: Highlights | 2019 470 European Championship,2019-05-09_風速2.4ms_風向ESE105度_Day 4 Highlights 2019 470 European Championship.mp4
WUNCYIFLM24,keep,race footage,2019_europeans,"Santo Stefano al Mare,Italy",high,2019-05-08,day3+start,3.0ms SSW 198deg,60,Day 3: Highlights | 2019 470 European Championship,2019-05-08_風速3.0ms_風向SSW198度_Day 3 Highlights 2019 470 European Championship.mp4
biPPGjdym2c,keep,race footage,2019_europeans,"Santo Stefano al Mare,Italy",high,2019-05-06,day1+start,4.2ms SSW 205deg,159,Day 1: Highlights | 2019 470 European Championship,2019-05-06_風速4.2ms_風向SSW205度_Day 1 Highlights 2019 470 European Championship.mp4
l9V1wiaVJW4,keep,race footage,2018_jrworlds,"Bracciano,Italy",high,2018-08-25,day5+start,5.4ms SSW 200deg,60,2018 470 Junior World Championship - Day 5,2018-08-25_風速5.4ms_風向SSW200度_2018 470 Junior World Championship - Day 5.mp4
8H15j7WS6tk,keep,race footage,2018_jrworlds,"Bracciano,Italy",high,2018-08-22,day2+start,2.1ms S 189deg,60,2018 470 Junior World Championship - Day 2,2018-08-22_風速2.1ms_風向S189度_2018 470 Junior World Championship - Day 2.mp4
nipD9j0lp2M,keep,race footage,2018_jrworlds,"Bracciano,Italy",high,2018-08-21,day1+start,1.3ms ESE 123deg,60,2018 470 Junior World Championship - Day 1,2018-08-21_風速1.3ms_風向ESE123度_2018 470 Junior World Championship - Day 1.mp4
X0acGLHGYL4,keep,race footage,2018_jrworlds,"Bracciano,Italy",high,2018-08-26,day6+start,3.0ms W 279deg,60,2018 470 Junior World Championship - Day 6,2018-08-26_風速3.0ms_風向W279度_2018 470 Junior World Championship - Day 6.mp4
Rlg3XhEFcbQ,keep,race footage,2018_europeans,"Burgas,Bulgaria",high,2018-05-24,upload(in-window),4.7ms ENE 71deg,224,2018 470 European Championship - Day 6,2018-05-24_風速4.7ms_風向ENE71度_2018 470 European Championship - Day 6.mp4
gmXAzqYhgfU,keep,race footage,2018_europeans,"Burgas,Bulgaria",high,2018-05-23,upload(in-window),4.4ms ENE 76deg,205,2018 470 European Championship - Day 5,2018-05-23_風速4.4ms_風向ENE76度_2018 470 European Championship - Day 5.mp4
hRKP5gHZUvg,keep,race footage,2018_europeans,"Burgas,Bulgaria",high,2018-05-22,upload(in-window),5.5ms ENE 70deg,179,2018 470 European Championship - Day 4,2018-05-22_風速5.5ms_風向ENE70度_2018 470 European Championship - Day 4.mp4
aQRycJFK_FM,keep,race footage,2018_europeans,"Burgas,Bulgaria",high,2018-05-21,upload(in-window),5.4ms ENE 64deg,199,2018 470 European Championship - Day 3,2018-05-21_風速5.4ms_風向ENE64度_2018 470 European Championship - Day 3.mp4
RcXakF31SBI,keep,race footage,2018_europeans,"Burgas,Bulgaria",high,2018-05-20,upload(in-window),2.9ms ENE 60deg,204,470 Open European Championship 2018 Day 2,2018-05-20_風速2.9ms_風向ENE60度_470 Open European Championship 2018 Day 2.mp4
dHDL7FP8eXg,keep,race footage,2018_europeans,"Burgas,Bulgaria",high,2018-05-20,upload(in-window),2.9ms ENE 60deg,205,2018 470 European Championship - Day 1,2018-05-20_風速2.9ms_風向ENE60度_2018 470 European Championship - Day 1.mp4
b2PSUkELyKI,keep,race footage,2017_jrworlds,"Enoshima,Japan",med,2017-09-02,upload(in-window),8.2ms NNE 24deg,215,2017 470 Junior Worlds - Day 6 (Final Day),2017-09-02_風速8.2ms_風向NNE24度_2017 470 Junior Worlds - Day 6 (Final Day).mp4
tso2kxIqBPU,keep,race footage,2017_jrworlds,"Enoshima,Japan",med,2017-09-01,upload(in-window),8.9ms NE 49deg,213,2017 470 Junior Worlds - Day 5,2017-09-01_風速8.9ms_風向NE49度_2017 470 Junior Worlds - Day 5.mp4
UP32sbq9K-g,keep,race footage,2017_jrworlds,"Enoshima,Japan",med,2017-08-31,upload(in-window),9.8ms NNE 23deg,189,2017 470 Junior Worlds - Day 4,2017-08-31_風速9.8ms_風向NNE23度_2017 470 Junior Worlds - Day 4.mp4
GG-tUBp8BJ0,keep,race footage,2017_jrworlds,"Enoshima,Japan",med,2017-08-30,upload(in-window),4.5ms S 189deg,176,2017 470 Junior Worlds - Day 3,2017-08-30_風速4.5ms_風向S189度_2017 470 Junior Worlds - Day 3.mp4
w4JbM_3eh7Q,keep,race footage,2017_jrworlds,"Enoshima,Japan",med,2017-08-29,upload(in-window),8.7ms SSW 193deg,190,2017 470 Junior Worlds - Day 2,2017-08-29_風速8.7ms_風向SSW193度_2017 470 Junior Worlds - Day 2.mp4
LXBmKhJxqMY,keep,race footage,2017_jrworlds,"Enoshima,Japan",med,2017-08-28,upload(in-window),2.5ms S 172deg,227,2017 470 Junior Worlds - Day 1,2017-08-28_風速2.5ms_風向S172度_2017 470 Junior Worlds - Day 1.mp4
Gm9Oe9IzHeY,keep,race footage,2017_jrworlds,"Enoshima,Japan",med,2017-08-27,upload(in-window),4.2ms ENE 67deg,98,2017 470 Junior Worlds - Day 0,2017-08-27_風速4.2ms_風向ENE67度_2017 470 Junior Worlds - Day 0.mp4
J3vdbAuUAAU,keep,race footage,2017_worlds,"Thessaloniki,Greece",high,2017-07-15,upload(in-window),2.6ms SW 220deg,176,2017 470 World Championships 2017 - Day 6,2017-07-15_風速2.6ms_風向SW220度_2017 470 World Championships 2017 - Day 6.mp4
IjsghB858m8,keep,race footage,2017_worlds,"Thessaloniki,Greece",high,2017-07-14,upload(in-window),2.9ms WSW 247deg,170,2017 470 World Championships 2017 - Day 5,2017-07-14_風速2.9ms_風向WSW247度_2017 470 World Championships 2017 - Day 5.mp4
T7FUZWmW408,keep,race footage,2017_worlds,"Thessaloniki,Greece",high,2017-07-13,upload(in-window),2.4ms SW 232deg,176,2017 470 World Championships 2017 - Day 4,2017-07-13_風速2.4ms_風向SW232度_2017 470 World Championships 2017 - Day 4.mp4
meRitXAe0YI,keep,race footage,2017_worlds,"Thessaloniki,Greece",high,2017-07-12,upload(in-window),1.9ms SW 229deg,180,2017 470 World Championships 2017 - Day 3,2017-07-12_風速1.9ms_風向SW229度_2017 470 World Championships 2017 - Day 3.mp4
DKKjYF3XyRw,keep,race footage,2017_worlds,"Thessaloniki,Greece",high,2017-07-11,upload(in-window),3.3ms SSW 203deg,163,2017 470 World Championships 2017 -  Day 2,2017-07-11_風速3.3ms_風向SSW203度_2017 470 World Championships 2017 - Day 2.mp4
jNIMZ0oG-gE,keep,race footage,2017_worlds,"Thessaloniki,Greece",high,2017-07-10,upload(in-window),3.2ms S 191deg,170,2017 470 World Championships - Day 1,2017-07-10_風速3.2ms_風向S191度_2017 470 World Championships - Day 1.mp4
qOg9czryxM0,keep,race footage,2017_europeans,"Monaco,Monaco",high,2017-05-14,upload(in-window),2.6ms SE 137deg,209,2017 470 European Championship - Day 6,2017-05-14_風速2.6ms_風向SE137度_2017 470 European Championship - Day 6.mp4
rZPHjjHV-Co,keep,race footage,2017_europeans,"Monaco,Monaco",high,2017-05-14,upload(in-window),2.6ms SE 137deg,181,2017 470 European Championship - Day 5,2017-05-14_風速2.6ms_風向SE137度_2017 470 European Championship - Day 5.mp4
1Fn25QEBZeY,keep,race footage,2017_europeans,"Monaco,Monaco",high,2017-05-11,upload(in-window),7.4ms E 88deg,183,2017 470 European Championship Day 4,2017-05-11_風速7.4ms_風向E88度_2017 470 European Championship Day 4.mp4
xCicomb_-1Y,keep,race footage,2017_europeans,"Monaco,Monaco",high,2017-05-11,upload(in-window),7.4ms E 88deg,179,2017 470 European Championship - Day 3,2017-05-11_風速7.4ms_風向E88度_2017 470 European Championship - Day 3.mp4
tnb_JGtOYvo,keep,race footage,2017_europeans,"Monaco,Monaco",high,2017-05-10,upload(in-window),3.2ms SE 124deg,175,2017 470 European Championship - Day 2,2017-05-10_風速3.2ms_風向SE124度_2017 470 European Championship - Day 2.mp4
sjuOw8GlI10,keep,race footage,2017_europeans,"Monaco,Monaco",high,2017-05-09,upload(in-window),2.1ms SSE 165deg,193,2017 470 European Championship - Day 1,2017-05-09_風速2.1ms_風向SSE165度_2017 470 European Championship - Day 1.mp4
gHWtL5d4Dk4,keep,race footage,2016_europeans,"Palma de Mallorca,Spain",high,2016-04-13,upload(in-window),6.6ms W 277deg,185,2016 470 European Championship - Day 6,2016-04-13_風速6.6ms_風向W277度_2016 470 European Championship - Day 6.mp4
HLt6HGQBx6A,keep,race footage,2016_europeans,"Palma de Mallorca,Spain",high,2016-04-11,upload(in-window),3.9ms WSW 239deg,171,2016 470 European Championship - Day 5,2016-04-11_風速3.9ms_風向WSW239度_2016 470 European Championship - Day 5.mp4
zC3JWg6dx30,keep,race footage,2016_europeans,"Palma de Mallorca,Spain",high,2016-04-10,upload(in-window),5.7ms S 179deg,167,2016 470 European Championship - Day 4,2016-04-10_風速5.7ms_風向S179度_2016 470 European Championship - Day 4.mp4
6tGaJc2yu_I,keep,race footage,2016_europeans,"Palma de Mallorca,Spain",high,2016-04-09,upload(in-window),5.6ms WNW 290deg,161,2016 470 European Championship - Day 3,2016-04-09_風速5.6ms_風向WNW290度_2016 470 European Championship - Day 3.mp4
w-BSQmAuMRQ,keep,race footage,2016_europeans,"Palma de Mallorca,Spain",high,2016-04-09,upload(in-window),5.6ms WNW 290deg,171,2016 470 European Championship - Day 2,2016-04-09_風速5.6ms_風向WNW290度_2016 470 European Championship - Day 2.mp4
9i6p62ssSQM,keep,race footage (secondary rule),2016_europeans,"Palma de Mallorca,Spain",high,2016-04-08,upload(in-window),4.5ms N 10deg,184,2016 470 European Championship - Opening Day,2016-04-08_風速4.5ms_風向N10度_2016 470 European Championship - Opening Day.mp4
8iIzGZ94sqc,keep,race footage (secondary rule),2016_worlds,"San Isidro,Argentina",high,2016-02-25,upload(in-window),3.1ms SE 125deg,158,470 World ARGENTINA2016_Day3,2016-02-25_風速3.1ms_風向SE125度_470 World ARGENTINA2016_Day3.mp4
7j0W94jlXt4,review,uncertain (no race/day/date signal),2016_worlds,"San Isidro,Argentina",high,2016-02-24,event-midpoint,2.7ms W 277deg,51,"2016 470 World Championships San Isidro, Argentina","2016-02-24_風速2.7ms_風向W277度_2016 470 World Championships San Isidro, Argentina.mp4"
dn4FpOP1ijE,keep,race footage,2015_worlds,"Haifa,Israel",high,2015-10-18,upload(in-window),2.2ms NNW 333deg,310,"2015 470 World Championships Haifa, Israel - Day 6","2015-10-18_風速2.2ms_風向NNW333度_2015 470 World Championships Haifa, Israel - Day 6.mp4"
l1pTG4mlNY8,keep,race footage,2015_worlds,"Haifa,Israel",high,2015-10-17,upload(in-window),3.0ms NNW 330deg,251,"2015 470 World Championships Haifa, Israel - Day 5","2015-10-17_風速3.0ms_風向NNW330度_2015 470 World Championships Haifa, Israel - Day 5.mp4"
lvrArzIPS10,keep,race footage,2015_worlds,"Haifa,Israel",high,2015-10-16,upload(in-window),3.8ms NNW 334deg,132,"2015 470 World Championships Haifa, Israel - Day 4","2015-10-16_風速3.8ms_風向NNW334度_2015 470 World Championships Haifa, Israel - Day 4.mp4"
uqvDje-GCuM,keep,race footage,2015_worlds,"Haifa,Israel",high,2015-10-15,upload(in-window),4.1ms NNW 331deg,130,"2015 470 World Championships Haifa, Israel - Day 3","2015-10-15_風速4.1ms_風向NNW331度_2015 470 World Championships Haifa, Israel - Day 3.mp4"
MhpCnj74JEM,keep,race footage,2015_worlds,"Haifa,Israel",high,2015-10-14,upload(in-window),3.7ms NW 319deg,165,"2015 470 World Championships Haifa, Israel - Day 2","2015-10-14_風速3.7ms_風向NW319度_2015 470 World Championships Haifa, Israel - Day 2.mp4"
bUYuIuCoEqg,keep,race footage,2015_worlds,"Haifa,Israel",high,2015-10-12,upload(in-window),4.6ms N 353deg,250,"2015 470 World Championships Haifa, Israel - Day 1","2015-10-12_風速4.6ms_風向N353度_2015 470 World Championships Haifa, Israel - Day 1.mp4"
bD1ef21qZTo,keep,race footage,2015_worlds,"Haifa,Israel",high,2015-10-10,title-date,2.3ms NNW 329deg,154,"2015 470 Worlds - Day 1, 10 October 2015","2015-10-10_風速2.3ms_風向NNW329度_2015 470 Worlds - Day 1, 10 October 2015.mp4"
2WqKvYopNiU,keep,race footage,2015_jreuropeans,"Burgas,Bulgaria",high,2015-08-16,upload(in-window),3.7ms SE 132deg,255,2015 420 & 470 Junior European Championships - Day 6,2015-08-16_風速3.7ms_風向SE132度_2015 420 & 470 Junior European Championships - Day 6.mp4
BYcSNS-5380,keep,race footage,2015_jreuropeans,"Burgas,Bulgaria",high,2015-08-14,upload(in-window),2.0ms ENE 64deg,225,2015 420 & 470 Junior European Championships - Day 5,2015-08-14_風速2.0ms_風向ENE64度_2015 420 & 470 Junior European Championships - Day 5.mp4
ItbEygETGXw,keep,race footage,2015_jreuropeans,"Burgas,Bulgaria",high,2015-08-13,upload(in-window),2.5ms NE 43deg,224,2015 420 & 470 Junior European Championships - Day 4,2015-08-13_風速2.5ms_風向NE43度_2015 420 & 470 Junior European Championships - Day 4.mp4
SaWwifUf0vA,keep,race footage,2015_jreuropeans,"Burgas,Bulgaria",high,2015-08-13,upload(in-window),2.5ms NE 43deg,223,2015 420 & 470 Junior European Championships - Day 3,2015-08-13_風速2.5ms_風向NE43度_2015 420 & 470 Junior European Championships - Day 3.mp4
c_C4ZXWFlp0,keep,race footage,2015_jreuropeans,"Burgas,Bulgaria",high,2015-08-12,upload(in-window),1.6ms NNE 33deg,230,2015 420 & 470 Junior European Championships - Day 2,2015-08-12_風速1.6ms_風向NNE33度_2015 420 & 470 Junior European Championships - Day 2.mp4
QVHFrUdyWyk,keep,race footage,2015_jreuropeans,"Burgas,Bulgaria",high,2015-08-11,upload(in-window),2.8ms ENE 57deg,246,2015 420 & 470 Junior European Championships - Day 1,2015-08-11_風速2.8ms_風向ENE57度_2015 420 & 470 Junior European Championships - Day 1.mp4
X00Ul7Dg-OU,keep,race footage,2015_jrworlds,"Thessaloniki,Greece",high,2015-08-01,upload(in-window),4.0ms S 187deg,225,2015 470 Junior World Championships - Day 6,2015-08-01_風速4.0ms_風向S187度_2015 470 Junior World Championships - Day 6.mp4
ive6pnHMdg0,keep,race footage,2015_jrworlds,"Thessaloniki,Greece",high,2015-07-31,upload(in-window),1.5ms NNW 337deg,208,2015 470 Junior World Championships - Day 5,2015-07-31_風速1.5ms_風向NNW337度_2015 470 Junior World Championships - Day 5.mp4
MgzXvkzW80s,keep,race footage,2015_jrworlds,"Thessaloniki,Greece",high,2015-07-30,upload(in-window),3.3ms S 190deg,180,2015 470 Junior World Championships - Day 4,2015-07-30_風速3.3ms_風向S190度_2015 470 Junior World Championships - Day 4.mp4
oVaigoaFEeA,keep,race footage,2015_jrworlds,"Thessaloniki,Greece",high,2015-07-28,upload(in-window),2.3ms SW 219deg,213,2015 470 Junior World Championships - Day 3,2015-07-28_風速2.3ms_風向SW219度_2015 470 Junior World Championships - Day 3.mp4
tU8isOOclLw,keep,race footage,2015_jrworlds,"Thessaloniki,Greece",high,2015-07-28,upload(in-window),2.3ms SW 219deg,184,2015 470 Junior World Championships - Day 2,2015-07-28_風速2.3ms_風向SW219度_2015 470 Junior World Championships - Day 2.mp4
BDs2ZbOFI4w,keep,race footage,2015_jrworlds,"Thessaloniki,Greece",high,2015-07-27,upload(in-window),2.4ms SW 215deg,189,2015 470 Junior World Championships - Day 1,2015-07-27_風速2.4ms_風向SW215度_2015 470 Junior World Championships - Day 1.mp4
mAmGUp7zQAY,keep,race footage,2015_europeans,"Aarhus,Denmark",high,2015-07-02,upload(in-window),6.6ms SE 130deg,60,Race Day 4 - 470 Open European Championships,2015-07-02_風速6.6ms_風向SE130度_Race Day 4 - 470 Open European Championships.mp4
yfYQgNCwS4k,keep,race footage,2015_europeans,"Aarhus,Denmark",high,2015-07-01,upload(in-window),2.7ms SE 135deg,29,Race Day 3 - 470 Open European Championships - part 2,2015-07-01_風速2.7ms_風向SE135度_Race Day 3 - 470 Open European Championships - part 2.mp4
cC8WxSszNQg,review,uncertain (no race/day/date signal),2015_europeans,"Aarhus,Denmark",high,2015-06-30,upload(in-window),4.4ms WNW 296deg,87,"Second day Europeans 470 - Aarhus, Part 1","2015-06-30_風速4.4ms_風向WNW296度_Second day Europeans 470 - Aarhus, Part 1.mp4"
OG-bkVWvSVA,review,uncertain (no race/day/date signal),2015_europeans,"Aarhus,Denmark",high,2015-06-29,upload(in-window),4.5ms WSW 254deg,121,"470 Europeans, Aarhus, Denmark","2015-06-29_風速4.5ms_風向WSW254度_470 Europeans, Aarhus, Denmark.mp4"
u1hr1upNvTE,keep,dated race footage,2015_europeans,"Aarhus,Denmark",high,2015-06-29,title-date,4.5ms WSW 254deg,46,29 Jun 2015,2015-06-29_風速4.5ms_風向WSW254度_29 Jun 2015.mp4
huqV7TWUpoQ,keep,dated race footage,2015_europeans,"Aarhus,Denmark",high,2015-06-27,title-date,2.5ms SE 139deg,73,"470 Europeans, Aarhus, Denmark; 27th June 2015.","2015-06-27_風速2.5ms_風向SE139度_470 Europeans, Aarhus, Denmark; 27th June 2015..mp4"
mchbGe3hOXI,keep,race footage,2014_europeans,"Palaio Faliro (Athens),Greece",high,2014-07-16,upload(in-window),2.2ms N 352deg,253,2014 470 European Championships - Medal Race,2014-07-16_風速2.2ms_風向N352度_2014 470 European Championships - Medal Race.mp4
L1_aintU2hE,keep,race footage,2014_europeans,"Palaio Faliro (Athens),Greece",high,2014-07-16,upload(in-window),2.2ms N 352deg,353,"2014 470 European Championships, Athens Greece  - Day 5","2014-07-16_風速2.2ms_風向N352度_2014 470 European Championships, Athens Greece - Day 5.mp4"
W36QDGl-Gsw,keep,race footage,2014_europeans,"Palaio Faliro (Athens),Greece",high,2014-07-14,upload(in-window),1.4ms W 277deg,523,"2014 470 European Championships, Athens Greece  - Day 4","2014-07-14_風速1.4ms_風向W277度_2014 470 European Championships, Athens Greece - Day 4.mp4"
88CxJQuzM30,keep,race footage,2014_europeans,"Palaio Faliro (Athens),Greece",high,2014-07-13,upload(in-window),2.6ms SSW 203deg,564,"2014 470 European Championships, Athens Greece  - Day 3","2014-07-13_風速2.6ms_風向SSW203度_2014 470 European Championships, Athens Greece - Day 3.mp4"
_b0QFxN8E4g,keep,race footage,2014_europeans,"Palaio Faliro (Athens),Greece",high,2014-07-12,upload(in-window),4.2ms W 265deg,390,"2014 470 European Championships, Athens Greece  - Day 2","2014-07-12_風速4.2ms_風向W265度_2014 470 European Championships, Athens Greece - Day 2.mp4"
py9e_E-vd98,keep,race footage,2014_europeans,"Palaio Faliro (Athens),Greece",high,2014-07-11,upload(in-window),3.9ms WSW 243deg,292,"2014 470 European Championships, Athens Greece  - Day 1","2014-07-11_風速3.9ms_風向WSW243度_2014 470 European Championships, Athens Greece - Day 1.mp4"
h4LVG-FbntE,keep,race footage,2014_europeans,"Palaio Faliro (Athens),Greece",high,2014-07-09,upload(in-window),3.6ms WSW 243deg,302,"2014 470 European Championships, Athens Greece  - Day 0","2014-07-09_風速3.6ms_風向WSW243度_2014 470 European Championships, Athens Greece - Day 0.mp4"
1-mH9XEOL8c,keep,race footage,2014_jrworlds,"Cervia,Italy",high,2014-07-02,upload(in-window),1.3ms E 79deg,102,2014 470 Junior World Championship - Day 5,2014-07-02_風速1.3ms_風向E79度_2014 470 Junior World Championship - Day 5.mp4
lFlQ2FIk2Mo,keep,race footage,2014_jrworlds,"Cervia,Italy",high,2014-07-02,upload(in-window),1.3ms E 79deg,264,2014 470 Junior World Championship - Day 3 and 4,2014-07-02_風速1.3ms_風向E79度_2014 470 Junior World Championship - Day 3 and 4.mp4
bImSnNY8rLY,keep,race footage,2014_jrworlds,"Cervia,Italy",high,2014-06-30,upload(in-window),3.5ms NNW 346deg,255,2014 470 Junior World Championship - Day 1 and 2,2014-06-30_風速3.5ms_風向NNW346度_2014 470 Junior World Championship - Day 1 and 2.mp4
w9_O5vAPFnM,keep,race footage,2013_jreuropeans,"Pwllheli,United Kingdom",high,2013-08-22,upload(in-window),3.6ms SSW 204deg,274,2013 420 and 470 Junior European Championships - Day 7,2013-08-22_風速3.6ms_風向SSW204度_2013 420 and 470 Junior European Championships - Day 7.mp4
GxsjAxhKUUc,keep,race footage,2013_jreuropeans,"Pwllheli,United Kingdom",high,2013-08-21,upload(in-window),8.0ms SW 216deg,337,2013 420 and 470 Junior European Championships - Day 6,2013-08-21_風速8.0ms_風向SW216度_2013 420 and 470 Junior European Championships - Day 6.mp4
tUSzo-hsyRU,keep,race footage,2013_jreuropeans,"Pwllheli,United Kingdom",high,2013-08-20,upload(in-window),5.9ms SW 217deg,294,2013 420 and 470 Junior European Championships - Day 5,2013-08-20_風速5.9ms_風向SW217度_2013 420 and 470 Junior European Championships - Day 5.mp4
4m2aj_D1j8I,keep,race footage,2013_worlds,"La Rochelle,France",high,2013-08-10,upload(in-window),2.6ms NNW 333deg,420,"2013 470 World Championships, La Rochelle FRA - Day 6","2013-08-10_風速2.6ms_風向NNW333度_2013 470 World Championships, La Rochelle FRA - Day 6.mp4"
_ALLwC2sIZs,keep,race footage,2013_worlds,"La Rochelle,France",high,2013-08-09,upload(in-window),6.4ms WSW 249deg,335,"2013 470 World Championships, La Rochelle FRA - Day 5","2013-08-09_風速6.4ms_風向WSW249度_2013 470 World Championships, La Rochelle FRA - Day 5.mp4"
b-jb0tWm5Iw,keep,race footage,2013_worlds,"La Rochelle,France",high,2013-08-08,upload(in-window),2.4ms NW 316deg,310,"2013 470 World Championships, La Rochelle FRA - Day 4","2013-08-08_風速2.4ms_風向NW316度_2013 470 World Championships, La Rochelle FRA - Day 4.mp4"
S7OnFaGE8mI,keep,race footage,2013_worlds,"La Rochelle,France",high,2013-08-07,upload(in-window),3.8ms W 271deg,388,"2013 470 World Championships, La Rochelle FRA - Day 3","2013-08-07_風速3.8ms_風向W271度_2013 470 World Championships, La Rochelle FRA - Day 3.mp4"
sRo70H6HAIE,keep,race footage,2013_worlds,"La Rochelle,France",high,2013-08-06,upload(in-window),1.3ms NNE 21deg,306,"2013 470 World Championships, La Rochelle FRA - Day 2","2013-08-06_風速1.3ms_風向NNE21度_2013 470 World Championships, La Rochelle FRA - Day 2.mp4"
Yxje6LBMHvk,keep,race footage,2013_worlds,"La Rochelle,France",high,2013-08-06,upload(in-window),1.3ms NNE 21deg,349,"2013 470 World Championships, La Rochelle FRA - Day 1","2013-08-06_風速1.3ms_風向NNE21度_2013 470 World Championships, La Rochelle FRA - Day 1.mp4"
c9xe9doRmMo,keep,race footage,2013_europeans,"Formia,Italy",high,2013-06-11,event-midpoint,2.6ms W 277deg,629,EURO 470 MEDAL RACE MEN LIVE,2013-06-11_風速2.6ms_風向W277度_EURO 470 MEDAL RACE MEN LIVE.mp4
N9N-4tBjeoA,keep,race footage,2013_europeans,"Formia,Italy",high,2013-06-11,event-midpoint,2.6ms W 277deg,650,EURO 470 MEDAL RACE WOMEN,2013-06-11_風速2.6ms_風向W277度_EURO 470 MEDAL RACE WOMEN.mp4
joJLddgWi3o,keep,race footage,2013_europeans,"Formia,Italy",high,2013-06-16,upload(in-window),1.7ms SW 223deg,754,470 EUROPEAN CHAMPIONSHIPS HIGHLIGHTS DAY 6 MEDAL RACE SAILY,2013-06-16_風速1.7ms_風向SW223度_470 EUROPEAN CHAMPIONSHIPS HIGHLIGHTS DAY 6 MEDAL RACE SAILY.mp4
ERkQxzKRsWU,keep,race footage,2013_europeans,"Formia,Italy",high,2013-06-11,upload(in-window),2.6ms W 277deg,395,EURO 470 FORMIA HIGHLIGHTS DAY 1 SAILY,2013-06-11_風速2.6ms_風向W277度_EURO 470 FORMIA HIGHLIGHTS DAY 1 SAILY.mp4
PHTboFLZc5o,keep,race footage,2012_europeans,"Largs,United Kingdom",high,2012-06-29,event-midpoint,7.6ms SSW 197deg,1509,2012 470 European Championship - Full Highlights,2012-06-29_風速7.6ms_風向SSW197度_2012 470 European Championship - Full Highlights.mp4
wAYgV_tD8-Q,keep,race footage,2012_europeans,"Largs,United Kingdom",high,2012-07-04,upload(in-window),2.5ms S 184deg,263,2012 470 European Championship - Day 7,2012-07-04_風速2.5ms_風向S184度_2012 470 European Championship - Day 7.mp4
ZC-zKqhEIF8,keep,race footage,2012_europeans,"Largs,United Kingdom",high,2012-07-03,upload(in-window),4.4ms SSE 158deg,354,2012 470 European Championship - Day 6,2012-07-03_風速4.4ms_風向SSE158度_2012 470 European Championship - Day 6.mp4
OuHjsYMaVpg,keep,race footage,2012_europeans,"Largs,United Kingdom",high,2012-07-02,upload(in-window),2.8ms SSE 155deg,327,2012 470 European Championship - Day 5,2012-07-02_風速2.8ms_風向SSE155度_2012 470 European Championship - Day 5.mp4
j1ldHj-shOE,keep,race footage,2012_europeans,"Largs,United Kingdom",high,2012-07-01,upload(in-window),5.5ms W 279deg,284,2012 470 European Championship - Day 4,2012-07-01_風速5.5ms_風向W279度_2012 470 European Championship - Day 4.mp4
6frXeiRP4dE,keep,race footage,2012_europeans,"Largs,United Kingdom",high,2012-06-30,upload(in-window),7.7ms SW 220deg,298,2012 470 European Championship - Day 3,2012-06-30_風速7.7ms_風向SW220度_2012 470 European Championship - Day 3.mp4
WmiRo_5ZORo,keep,race footage,2012_europeans,"Largs,United Kingdom",high,2012-06-29,upload(in-window),7.6ms SSW 197deg,290,2012 470 European Championship - Day 2,2012-06-29_風速7.6ms_風向SSW197度_2012 470 European Championship - Day 2.mp4
jHJKRcvzvOA,keep,race footage,2012_europeans,"Largs,United Kingdom",high,2012-06-28,upload(in-window),4.5ms E 100deg,365,2012 470 European Championship - Day 1,2012-06-28_風速4.5ms_風向E100度_2012 470 European Championship - Day 1.mp4
YvIKHFI3O8g,keep,race footage,2012_worlds,"Barcelona,Spain",high,2012-05-14,event-midpoint,4.8ms SSW 208deg,1585,2012 470 World Championship - Full Highlights,2012-05-14_風速4.8ms_風向SSW208度_2012 470 World Championship - Full Highlights.mp4
dwxg4Kr4tQw,keep,race footage,2012_worlds,"Barcelona,Spain",high,2012-05-19,upload(in-window),2.6ms ESE 104deg,335,2012 470 World Championship - Day 7,2012-05-19_風速2.6ms_風向ESE104度_2012 470 World Championship - Day 7.mp4
EUnYyqDOpCM,keep,race footage,2012_worlds,"Barcelona,Spain",high,2012-05-18,upload(in-window),3.8ms E 96deg,330,2012 470 World Championship - Day 6,2012-05-18_風速3.8ms_風向E96度_2012 470 World Championship - Day 6.mp4
L8RGB-0awVM,keep,race footage,2012_worlds,"Barcelona,Spain",high,2012-05-17,upload(in-window),5.0ms SW 218deg,282,2012 470 World Championship - Day 5,2012-05-17_風速5.0ms_風向SW218度_2012 470 World Championship - Day 5.mp4
imLOjRHe62E,keep,race footage,2012_worlds,"Barcelona,Spain",high,2012-05-16,upload(in-window),1.7ms SW 231deg,350,2012 470 World Championship - Day 4,2012-05-16_風速1.7ms_風向SW231度_2012 470 World Championship - Day 4.mp4
2e3_sFRt-6Q,keep,race footage,2012_worlds,"Barcelona,Spain",high,2012-05-15,upload(in-window),3.8ms SSE 154deg,380,2012 470 World Championship - Day 3,2012-05-15_風速3.8ms_風向SSE154度_2012 470 World Championship - Day 3.mp4
-5YzI-4m0gc,keep,race footage,2012_worlds,"Barcelona,Spain",high,2012-05-14,upload(in-window),4.8ms SSW 208deg,303,2012 470 World Championship - Day 2,2012-05-14_風速4.8ms_風向SSW208度_2012 470 World Championship - Day 2.mp4
SwKFMCVHrNw,keep,race footage,2012_worlds,"Barcelona,Spain",high,2012-05-13,upload(in-window),3.1ms S 175deg,299,2012 470 World Championship - Day 1,2012-05-13_風速3.1ms_風向S175度_2012 470 World Championship - Day 1.mp4
RfrP3ufSo7M,keep,race footage,2011_perth,"Fremantle,Australia",high,2011-12-08,title-date,5.4ms S 185deg,286,470 Men Gold Fleet - Race 6 - 8 December 2011,2011-12-08_風速5.4ms_風向S185度_470 Men Gold Fleet - Race 6 - 8 December 2011.mp4
NmTZChH2rAc,keep,race footage,2011_perth,"Fremantle,Australia",high,2011-12-05,title-date,3.1ms SSW 205deg,222,470 Men - Race Day 1 - 5 December 2011,2011-12-05_風速3.1ms_風向SSW205度_470 Men - Race Day 1 - 5 December 2011.mp4
5BaNzomVov8,keep,race footage (secondary rule),2011_jrworlds,"Medemblik,Netherlands",high,2011-07-28,upload(in-window),4.9ms NNE 34deg,189,Medal races | Deltas Lloyd 470 Junior Worlds 2011,2011-07-28_風速4.9ms_風向NNE34度_Medal races Deltas Lloyd 470 Junior Worlds 2011.mp4
9QLt08TtCfM,keep,race footage,2011_jrworlds,"Medemblik,Netherlands",high,2011-07-27,upload(in-window),2.3ms ENE 78deg,164,Day 7 | Delta Lloyd 470 Junior Worlds,2011-07-27_風速2.3ms_風向ENE78度_Day 7 Delta Lloyd 470 Junior Worlds.mp4
AR94WdFoyWc,keep,race footage (secondary rule),2009_worlds_finals,"Rungsted,Denmark",high,2009-08-29,title-date,7.1ms SW 235deg,425,20090829,2009-08-29_風速7.1ms_風向SW235度_20090829.mp4
GtYT_zO6cgY,keep,race footage,2009_worlds,"Rungsted,Denmark",high,2009-08-21,day2+start,3.6ms W 264deg,381,2009 470 World Championships - Finals Day 2,2009-08-21_風速3.6ms_風向W264度_2009 470 World Championships - Finals Day 2.mp4
c1_seScgl34,keep,race footage,2007_europeans,"Bracciano,Italy",med,2007-08-01,event-midpoint,1.9ms WSW 245deg,64,2007 European Championships - Race 2,2007-08-01_風速1.9ms_風向WSW245度_2007 European Championships - Race 2.mp4
G2nSjLCMw_w,review,uncertain (no race/day/date signal),2007_europeans,"Bracciano,Italy",med,2007-08-01,event-midpoint,1.9ms WSW 245deg,62,2007 Europeans - Women,2007-08-01_風速1.9ms_風向WSW245度_2007 Europeans - Women.mp4
